tree
version=v4
num_class=1
num_tree_per_iteration=1
label_index=0
max_feature_idx=7
objective=binary sigmoid:1
feature_names=age_years is_ev corrosion_max corrosion_last hv_isolation_min soh_gap flood_state structural_any
feature_infos=[1:25] [0:1] [0:9.8000000000000007] [0:9.5] [1.0700000000000001:153.52000000000001] [-8:10.799999999999997] [0:1] [0:1]
tree_sizes=1641 1667 1676 1678 1682 1686 1691 1682 1677 1683 1683 1692 1686 1693 1701 1696 1702 1695 1699 1696 1704 1696 1698 1703 1702 1698 1699 1709 1706 1706 1703 1707 1710 1705 1693 1704 1704 1693 1698 1715 1695 1712 1709 1702 1710 1707 1713 1716 1717 1707 1711 1710 1708 1705 1718 1726 1705 1706 1718 1720 1723 1719 1705 1703 1716 1722 1710 1712 1711 1730 1710 1711 1723 1717 1726 1707 1716 1704 1720 1722 1718 1725 1720 1737 1729 1722 1730 1716 1718 1728 1726 1734 1739 1728 1736 1725 1726 1724 1732 1711 1749 1718 1706 1716 1711 1727 1706 1711 1722 1724 1715 1725 1732 1724 1726 1715 1739 1724 1727 1742 1726 1717 1720 1720 1726 1728 1717 1718 1732 1718 1737 1732 1732 1739 1738 1709 1738 1745 1734 1716 1727 1728 1740 1746 1760 1720 1716 1721 1720 1705 1734 1744 1736 1728 1725 1743 1731 1730 1727 1721 1725 1724 1729 1725 1731 1719 1722 1732 1733 1730 1734 1730 1731 1724 1738 1721 1726 1720 1737 1741 1715 1725 1731 1751 1731 1727 1716 1726 1730 1748 1732 1740 1723 1749 1729 1719 1729 1743 1718 1735 1739 1729 1733 1724 1730 1727 1736 1723 1731 1717 1721 1731 1742 1731 1732 1736 1726 1740 1735 1737 1739 1747 1734 1726 1745 1729 1738 1722 1726 1731 1727 1727 1737 1724 1728 1727 1741 1731 1724 1745 1728 1736 1737 1750 1732 1734 1740 1740 1728 1748

Tree=0
num_leaves=15
num_cat=0
split_feature=2 3 0 3 2 0 3 0 2 0 0 2 2 3
split_gain=1224.68 190.801 154.004 144.035 106.806 58.1773 48.1479 36.9374 36.3876 32.8758 29.6097 13.6313 12.38 10.0486
threshold=6.3500000000000005 4.2500000000000009 7.5000000000000009 4.3500000000000005 4.9500000000000011 12.500000000000002 5.6500000000000012 16.500000000000004 7.1500000000000012 17.500000000000004 3.5000000000000004 5.6500000000000012 6.8500000000000005 5.7500000000000009
decision_type=2 2 2 2 2 2 2 2 2 2 2 2 2 2
left_child=1 -1 4 5 10 -2 -4 12 -9 13 -3 -6 -5 -8
right_child=3 2 6 7 11 -7 9 8 -10 -11 -12 -13 -14 -15
leaf_value=-2.4809492037451473 -2.0490463618237591 -2.1303040355265948 -2.4503375800523273 -1.9648158464000882 -2.0490463618237591 -2.4620878522716838 -2.2624303342303911 -2.3073532757896817 -1.9030468017560638 -2.4515795618484577 -2.4138011155714798 -1.8528388082486209 -1.8424984892196279 -2.0614592798861948
leaf_weight=196.85561600327492 1.4840227365493768 1.2614193260669724 19.069692164659504 2.9680454730987531 2.9680454730987549 2.0034306943416595 1.1130170524120329 1.1130170524120324 1.1130170524120329 1.4098215997219083 3.4132522940635681 1.2614193260669706 6.8265045881271362 1.4098215997219083
leaf_count=2653 20 17 257 40 40 27 15 15 15 19 46 17 92 19
internal_value=-2.43342 -2.46257 -2.34914 -2.00342 -2.17258 -2.28633 -2.41749 -1.92135 -2.1052 -2.25819 -2.3373 -1.99053 -1.87956 -2.15012
internal_weight=244.27 228.762 31.9065 15.508 8.90414 3.48745 23.0024 12.0206 2.22603 3.93266 4.67467 4.22946 9.79455 2.52284
internal_count=3292 3083 430 209 120 47 310 162 30 53 63 57 132 34
is_linear=0
shrinkage=1


Tree=1
num_leaves=15
num_cat=0
split_feature=2 3 0 3 0 2 2 0 0 2 3 4 0 2
split_gain=860.369 132.182 79.0316 77.5605 39.9716 28.7994 25.9914 18.4435 17.9861 25.875 10.0235 7.80656 7.04641 9.12654
threshold=6.0500000000000007 4.2500000000000009 5.5000000000000009 3.8500000000000001 16.500000000000004 7.0500000000000007 4.9500000000000011 12.500000000000002 13.500000000000002 5.4500000000000011 4.5500000000000007 17.670000000000005 9.5000000000000018 7.4500000000000011
decision_type=2 2 2 2 2 2 2 2 2 2 2 8 2 2
left_child=1 11 6 7 12 -6 10 -2 9 -4 -3 -1 -5 -14
right_child=3 2 8 4 5 -7 -8 -9 -10 -11 -12 -13 13 -15
leaf_value=0.086179496808739431 0.18243927210723454 0.20842561212235694 0.018268248943741953 0.36796038686071436 0.052372806787898518 0.31527493560251663 0.29831695756598747 -0.054238601454983826 -0.037502692417766187 0.17077708239643388 0.027574320904154584 -0.04934679965198896 0.25795833725821887 0.36784100424057908
leaf_weight=1.0686601325869558 1.4685272052884131 1.3260143250226968 13.062635868787771 10.22295961529017 2.3353884518146506 1.880439795553684 3.8007782399654388 1.8729277700185774 8.8562574908137304 3.5335075855255118 1.8146273791790006 186.08935108780861 4.4423207342624655 3.2885726764798164
leaf_count=15 16 15 175 90 30 18 36 26 119 40 22 2612 41 28
internal_value=-0.000497342 -0.0324326 0.0608199 0.274341 0.308187 0.169638 0.210367 0.0497783 0.020035 0.0507391 0.103932 -0.048573 0.340721 0.3047
internal_weight=245.063 219.552 32.3938 25.5111 22.1697 4.21583 6.94142 3.34145 25.4524 16.5961 3.14064 187.158 17.9539 7.73089
internal_count=3283 3034 407 249 207 48 73 42 334 215 37 2627 159 69
is_linear=0
shrinkage=0.05


Tree=2
num_leaves=15
num_cat=0
split_feature=2 3 0 0 3 2 3 0 2 3 0 0 4 0
split_gain=655.579 121.409 70.4353 45.2862 30.7654 24.1732 18.0768 15.9071 14.7162 11.8186 9.05201 8.41669 7.16043 3.76427
threshold=6.0500000000000007 4.2500000000000009 7.5000000000000009 15.500000000000002 4.8500000000000005 4.9500000000000011 3.7500000000000004 2.5000000000000004 7.0500000000000007 5.4500000000000011 10.500000000000002 13.500000000000002 17.670000000000005 3.5000000000000004
decision_type=2 2 2 2 2 2 2 2 2 2 2 2 8 2
left_child=1 12 5 6 -5 7 -2 -3 -6 10 -4 -11 -1 -7
right_child=3 2 9 4 8 13 -8 -9 -10 11 -12 -13 -14 -15
leaf_value=0.076008979057782575 0.094446506452646947 0.21475657916216995 0.025632825240862012 -0.054719122229758312 0.07638693869634873 0.27294070860313785 0.25150856225066132 0.021934607359015826 0.27163850297756048 0.1291208129886231 -0.049176292414189055 -0.0055304564345931805 -0.049220448149604148 0.1916581280235562
leaf_weight=1.1488208547234533 1.984204009175303 1.4727817624807338 6.8697570562362733 2.3271357566118231 1.9023529440164568 2.1067435890436172 23.878589697182178 3.9070189595222473 1.9586358070373533 2.6937937363982192 9.8295132815837842 2.0389694571495056 178.52192817628384 4.3976536318659782
leaf_count=15 20 14 92 31 23 16 169 49 14 27 136 27 2613 36
internal_value=-0.000438338 -0.0321639 0.0555018 0.210387 0.0888827 0.153132 0.239459 0.0747218 0.175436 0.00136528 -0.0184013 0.0711103 -0.0484197 0.217985
internal_weight=245.038 212.987 33.3162 32.0509 6.18812 11.8842 25.8628 5.3798 3.86099 21.432 16.6993 4.73276 179.671 6.5044
internal_count=3282 3025 397 257 68 115 189 63 37 282 228 54 2628 52
is_linear=0
shrinkage=0.05


Tree=3
num_leaves=15
num_cat=0
split_feature=2 3 3 0 0 0 2 0 2 4 2 0 0 0
split_gain=514.572 76.8378 51.7438 50.5265 38.0109 27.9245 24.6634 17.6329 18.3515 13.0781 8.25019 9.17318 4.53802 3.01522
threshold=5.6500000000000012 4.1500000000000012 3.9500000000000006 7.5000000000000009 7.5000000000000009 15.500000000000002 6.5500000000000007 2.5000000000000004 4.9500000000000011 16.325000000000003 6.1500000000000012 7.5000000000000009 10.500000000000002 17.500000000000004
decision_type=2 2 2 2 2 2 2 2 2 8 2 2 2 2
left_child=1 9 4 7 -2 10 13 -3 -9 -1 11 -4 -5 -7
right_child=2 3 5 12 -6 6 -8 8 -10 -11 -12 -13 -14 -15
leaf_value=0.12024404941243423 0.22509027033843998 0.2375398143273717 0.22744545922891374 0.014475230468531814 -0.044742766758549546 0.06089476412080104 0.17894426214615777 0.019696777351469227 0.16304001264242954 -0.049558471647881075 0.21267089230946379 0.099995507934361072 -0.034606857266857353 -0.033752375571786987
leaf_weight=1.1417882740497587 1.7731130942702282 2.5237010866403606 2.2427788376808193 8.6960058584809321 4.9451286941766739 1.2939519509673112 3.9541239067912102 4.6926180794835073 4.2596872895956039 165.36068578064442 23.516532555222511 3.8105712980031967 10.272376216948031 2.4064209014177322
leaf_count=14 19 19 15 115 67 16 29 59 31 2524 140 36 148 32
internal_value=-0.000521049 -0.0350396 0.154188 0.0379968 0.026473 0.177238 0.092121 0.120809 0.0879024 -0.0483941 0.199271 0.147216 -0.0121053 -0.000656021
internal_weight=240.889 196.947 43.9426 30.4444 6.71824 37.2244 7.6545 11.476 8.95231 166.502 29.5699 6.05335 18.9684 3.70037
internal_count=3264 2910 354 372 86 268 77 109 90 2538 191 51 263 48
is_linear=0
shrinkage=0.05


Tree=4
num_leaves=15
num_cat=0
split_feature=2 3 3 0 0 0 2 4 0 3 0 3 2 0
split_gain=450.207 77.3936 37.6208 36.9786 33.6663 17.0335 15.2679 12.5202 10.3461 9.01579 8.03818 10.2347 7.11839 4.01757
threshold=5.8500000000000005 4.1500000000000012 3.9500000000000006 6.5000000000000009 7.5000000000000009 16.500000000000004 4.9500000000000011 16.325000000000003 2.5000000000000004 5.6500000000000012 13.500000000000002 5.1500000000000012 7.3500000000000005 10.500000000000002
decision_type=2 2 2 2 2 2 2 8 2 2 2 2 2 2
left_child=1 7 3 -2 6 -4 8 -1 -3 -7 11 13 -11 -6
right_child=2 4 5 -5 10 9 -8 -9 -10 12 -12 -13 -14 -15
leaf_value=0.11556859634566111 0.23243267275187321 0.13659999283670757 0.17601618266136868 -0.05497679874464273 0.012724506431242649 -0.0055203656351048647 0.14374494466078902 -0.048668150565476923 0.0032588593153322965 0.070663633360609851 -0.047424138972513061 0.092654665458103136 0.20589958175272247 -0.054032864823506346
leaf_weight=1.1687910705804823 1.5390805825591076 2.0269577801227552 32.37642939388752 4.1017738804221153 7.4346956759691256 1.912421166896819 7.2553358525037766 161.81790678948164 5.1532376334071159 2.3618896752595901 7.6002246513962737 3.3511650264263144 1.6548038721084593 3.2341419979929924
leaf_count=13 12 14 179 55 98 20 45 2576 64 26 112 35 9 47
internal_value=-0.000846612 -0.0328261 0.143995 0.0234415 0.0334624 0.161748 0.0925906 -0.0474904 0.0409008 0.0838348 -0.0060166 0.0164304 0.126378 -0.00751226
internal_weight=242.989 199.042 43.9464 5.64085 36.0558 38.3055 14.4355 162.987 7.1802 5.92911 21.6202 14.02 4.01669 10.6688
internal_count=3305 3004 301 67 415 234 123 2589 78 55 292 180 35 145
is_linear=0
shrinkage=0.05


Tree=5
num_leaves=15
num_cat=0
split_feature=3 3 0 3 0 5 3 0 0 0 0 6 6 3
split_gain=399.065 50.8247 29.393 10.6232 12.3624 9.66259 5.27184 10.846 4.84477 3.99298 2.00588 1.97418 1.88994 2.3396
threshold=4.1500000000000012 5.1500000000000012 9.5000000000000018 6.0500000000000007 13.500000000000002 1.7499999999999931 3.5500000000000003 3.5000000000000004 3.5000000000000004 6.5000000000000009 15.500000000000002 1.0000000180025095e-35 1.0000000180025095e-35 4.8500000000000005
decision_type=2 2 2 2 2 10 2 2 2 2 2 2 2 2
left_child=5 2 8 4 9 6 -1 -8 -2 -3 -4 -6 -10 -14
right_child=1 3 10 -5 11 -7 7 -9 12 -11 -12 -13 13 -15
leaf_value=-0.04919061965651278 0.13314780336481943 0.15661273966807654 0.00054047378459904532 0.14747146568030753 0.0099651187798028076 0.12479517030843207 0.10275876655465005 -0.032661775248646129 0.049863694899804772 0.1034452490288514 -0.042008605014626055 0.066924945460328372 0.1081071101030136 0.042830863482853157
leaf_weight=137.91470420733094 4.3252529203891816 5.8087109923362759 9.6703080981969816 26.065365999937057 2.9139166846871367 0.8369748517870893 1.5915212929248834 20.832321252673864 5.5071013048291189 9.0073785185813886 3.8817727342247954 3.1827995479106903 4.7862361297011375 1.9246778935194013
leaf_count=2268 28 31 124 136 34 12 24 328 57 66 55 35 50 17
internal_value=9.82931e-05 0.0936762 0.0429476 0.126174 0.0996296 -0.0446503 -0.0455348 -0.0230504 0.087671 0.12429 -0.011647 0.0397011 0.0715719 0.089386
internal_weight=238.249 77.0735 30.0953 46.9782 20.9128 161.176 160.339 22.4238 16.5433 14.8161 13.5521 6.09672 12.218 6.71091
internal_count=3265 633 331 302 166 2632 2620 352 152 97 179 69 124 67
is_linear=0
shrinkage=0.05


Tree=6
num_leaves=15
num_cat=0
split_feature=2 3 2 0 0 3 0 2 5 6 3 0 0 2
split_gain=360.317 58.6928 25.9209 25.9722 22.8592 17.9631 7.08239 6.66152 6.52807 4.97826 4.83357 3.95626 3.67508 7.91331
threshold=5.6500000000000012 4.1500000000000012 6.6500000000000012 9.5000000000000018 7.5000000000000009 5.6500000000000012 2.5000000000000004 4.9500000000000011 1.1500000000000059 1.0000000180025095e-35 5.2500000000000009 17.500000000000004 10.500000000000002 7.4500000000000011
decision_type=2 2 2 2 2 2 2 2 10 2 2 2 2 2
left_child=1 8 3 -2 6 -5 -3 -8 -1 -6 -11 -7 -4 -14
right_child=2 4 12 5 9 11 7 -9 -10 10 -12 -13 13 -15
leaf_value=-0.049197761310712407 0.13077301372879507 0.13831273732055599 0.15512885266910373 -0.045599393596746474 -0.036969610549670108 0.095332957307969507 0.010467851493255863 0.092665916397325049 0.065505685362401353 -0.00089268654332348837 0.091525713530719227 0.015108267911393787 0.07766189076210625 0.15505093854673882
leaf_weight=146.22790984064341 10.279404543340208 3.427562788128852 18.392780870199207 5.3745231628417951 8.6850784868001938 5.6209253668785095 4.5548302680253965 5.3718004673719406 1.2510408125817765 8.4255990087985975 1.7002944350242621 2.1150161325931549 5.9413647316396219 7.4392436258494854
leaf_count=2523 61 19 86 77 123 36 53 30 18 118 20 24 41 35
internal_value=-0.00055554 -0.0348777 0.111218 0.0712705 0.0263189 0.0246169 0.0763459 0.0549494 -0.0482247 -0.00919595 0.0146258 0.0733994 0.140625 0.120688
internal_weight=234.807 179.644 55.1633 23.3899 32.1652 13.1105 13.3542 9.92663 147.479 18.811 10.1259 7.73594 31.7734 13.3806
internal_count=3264 2904 360 198 363 137 102 83 2541 261 138 60 162 76
is_linear=0
shrinkage=0.05


Tree=7
num_leaves=15
num_cat=0
split_feature=2 3 3 0 4 0 2 3 0 2 6 2 2 2
split_gain=303.483 46.4097 26.2678 22.213 16.4358 11.7412 15.3648 9.93163 8.346 6.65972 5.41242 4.20863 4.13615 4.08929
threshold=5.6500000000000012 4.1500000000000012 3.4500000000000006 9.5000000000000018 13.495000000000003 7.5000000000000009 6.3500000000000005 5.0500000000000007 2.5000000000000004 5.9500000000000011 1.0000000180025095e-35 6.6500000000000012 4.9500000000000011 7.4500000000000011
decision_type=2 2 2 2 8 2 2 2 2 2 2 2 2 2
left_child=1 4 11 8 -1 -4 7 -7 -3 -9 13 -2 -10 -8
right_child=2 3 5 -5 -6 6 10 9 12 -11 -12 -13 -14 -15
leaf_value=0.16655311502764539 -0.054547526054072148 0.11653436637901629 0.14569788498394823 -0.029417209610322567 -0.048168303892972435 -0.054886975316138467 0.065828730548994949 0.024861254070570479 0.0098730371530465627 0.12025220417933764 0.13178767886629747 0.052682005503372036 0.061258814549150192 0.1303480450554475
leaf_weight=0.8968891054391861 2.8905232213437548 4.0575428307056454 15.342996984720228 14.181968051940201 140.74405115842819 2.1687098927795869 7.6840336099267006 4.1687020063400269 7.6800712347030622 3.2610184103250504 15.781319547444582 1.3389397859573362 7.9903660863637924 3.6095290929079056
leaf_count=9 43 21 71 208 2535 30 44 37 91 24 78 13 55 16
internal_value=-0.00184601 -0.0342298 0.0992282 0.0183119 -0.0468087 0.108972 0.0936064 0.0392512 0.0526232 0.0667298 0.112876 -0.0206014 0.0360747 0.0864497
internal_weight=231.797 175.551 56.2458 33.9099 141.641 52.0163 36.6733 9.59843 19.728 7.42972 27.0749 4.22946 15.6704 11.2936
internal_count=3275 2919 356 375 2544 300 229 91 167 61 138 56 146 60
is_linear=0
shrinkage=0.05


Tree=8
num_leaves=15
num_cat=0
split_feature=2 3 0 3 0 2 6 0 2 2 3 0 2 3
split_gain=281.285 48.7385 20.0465 19.8041 15.224 12.0513 7.42515 6.34101 8.00333 5.19005 4.37608 4.07297 4.05269 3.4463
threshold=5.6500000000000012 4.1500000000000012 9.5000000000000018 3.3500000000000001 15.500000000000002 7.0500000000000007 1.0000000180025095e-35 7.5000000000000009 5.9500000000000011 4.4500000000000011 5.3500000000000005 3.5000000000000004 6.6500000000000012 4.8500000000000005
decision_type=2 2 2 2 2 2 2 2 2 2 2 2 2 2
left_child=1 -1 6 12 7 10 9 13 -9 -3 -6 -8 -2 -5
right_child=3 2 -4 4 5 -7 11 8 -10 -11 -12 -13 -14 -15
leaf_value=-0.048567273876621672 -0.054366391318776242 -0.058250165481726013 -0.028138168641326622 0.18760072536931205 -0.054226052037602814 0.11104441307781757 0.12966649452858864 0.026061679304993524 0.10660110744784222 0.036053781742495218 0.03228790224090021 0.060080126902824355 0.05321653180635897 0.12571658820630296
leaf_weight=134.95747486129403 2.5850646086037155 1.877235874533653 13.530773561447857 2.7093856558203688 2.3335262537002546 4.0091300457715988 2.768426127731801 3.4926891401410129 26.39717760682106 6.5484223067760468 3.9122566357254982 8.7461880967020971 1.3235836550593374 13.261547833681105
leaf_count=2531 40 20 203 15 35 19 15 29 124 51 38 80 12 56
internal_value=-0.0020517 -0.0351725 0.018836 0.0908854 0.0984652 0.0433911 0.050711 0.11078 0.0971899 0.0150429 -3.51207e-05 0.0768106 -0.0179356 0.136215
internal_weight=228.453 168.429 33.471 60.0244 56.1157 10.2549 19.9403 45.8608 29.8899 8.42566 6.24578 11.5146 3.90865 15.9709
internal_count=3268 2900 369 368 316 92 166 224 153 71 73 95 52 71
is_linear=0
shrinkage=0.05


Tree=9
num_leaves=15
num_cat=0
split_feature=2 3 3 4 0 0 2 0 0 0 2 3 3 2
split_gain=247.38 36.5142 25.6651 16.6032 16.5775 13.0586 10.4092 8.16257 6.35537 4.92855 6.86695 5.80067 4.11092 3.37229
threshold=5.4500000000000011 4.1500000000000012 3.4500000000000006 13.495000000000003 16.500000000000004 2.5000000000000004 7.1500000000000012 10.500000000000002 6.5000000000000009 8.5000000000000018 6.8500000000000005 4.3500000000000005 5.9500000000000011 5.9500000000000011
decision_type=2 2 2 8 2 2 2 2 2 2 2 2 2 2
left_child=1 3 8 -1 9 -3 12 -7 -2 11 -11 -4 -6 -13
right_child=2 5 4 -5 6 7 -8 -9 -10 10 -12 13 -14 -15
leaf_value=0.16966415946910995 0.084838960202167718 0.10278017118920711 0.18269035695595082 -0.048140945019439101 -0.041755876901618173 0.021309065606566164 0.099122179426385154 -0.04044144870384192 -0.053827759738762485 0.057082870538582131 0.10712038897313175 0.075903737621654546 0.039910716323668854 0.11813876891872882
leaf_weight=0.88102488219738007 1.0242756828665722 3.7299592345953014 2.7605696283280876 127.36887524649501 3.8934668861329538 17.635860580950979 3.3595483005046844 7.6830562911927691 4.2749833166599274 12.844324264675381 14.708432897925375 6.6327939033508327 2.5503243580460548 16.442815244197845
leaf_count=8 9 18 16 2500 56 186 15 128 73 91 62 32 22 68
internal_value=-0.000645029 -0.0351797 0.0786679 -0.0466447 0.0875312 0.015438 0.0277677 0.0025708 -0.0270253 0.0985051 0.0837943 0.114193 -0.00943386 0.105999
internal_weight=225.79 157.299 68.4915 128.25 63.1923 29.0489 9.80334 25.3189 5.29926 53.3889 27.5528 25.8362 6.44379 23.0756
internal_count=3284 2840 444 2508 362 332 93 314 82 269 153 116 78 100
is_linear=0
shrinkage=0.05


Tree=10
num_leaves=15
num_cat=0
split_feature=2 3 3 4 0 0 2 0 0 3 0 3 0 2
split_gain=235.73 28.612 21.4502 18.9338 13.9196 12.1419 8.20656 15.7407 6.07571 5.56315 5.34975 2.85425 2.54552 4.04839
threshold=5.4500000000000011 4.1500000000000012 3.3500000000000001 11.435000000000002 3.5000000000000004 21.500000000000004 6.0500000000000007 7.5000000000000009 6.5000000000000009 5.0500000000000007 10.500000000000002 5.1500000000000012 9.5000000000000018 6.6500000000000012
decision_type=2 2 2 8 2 2 2 2 2 2 2 2 2 2
left_child=1 3 8 -1 -3 6 7 -4 -2 -9 11 -6 -8 -14
right_child=2 4 5 -5 10 -7 12 9 -10 -11 -12 -13 13 -15
leaf_value=0.20107376113795827 0.083205218057522776 0.092390848403384351 0.11770985042199707 -0.047822408527303344 0.00080934559147870916 -0.022897947941674227 0.1105168578263329 -0.054234248624550341 -0.05363732621573894 0.036556606489347769 -0.040221713136689131 0.054953809048142843 0.052132382823922213 0.099158338684026709
leaf_weight=0.7688891664147377 1.0255849584937085 4.2677142694592503 6.1368417032062998 122.26355734094977 14.051996283233171 2.5749137289822093 22.346691891551018 2.2498319707810861 3.8792457841336727 6.7473530918359756 7.6240993887186042 2.9439526200294486 6.1632761135697391 17.778030723333359
leaf_count=6 8 22 29 2502 162 29 92 35 69 59 131 21 41 78
internal_value=-0.000961832 -0.0357526 0.0757476 -0.0462669 0.00902797 0.0834709 0.08793 0.0559672 -0.025024 0.0138535 -0.00542241 0.010188 0.0983804 0.0870523
internal_weight=220.822 151.92 68.9018 123.032 28.8878 63.9969 61.422 15.134 4.90483 8.99719 24.62 16.9959 46.288 23.9413
internal_count=3284 2844 440 2508 336 363 334 123 77 94 314 183 211 119
is_linear=0
shrinkage=0.05


Tree=11
num_leaves=15
num_cat=0
split_feature=2 3 0 2 0 5 0 3 6 2 6 0 2 2
split_gain=203.549 39.87 16.7543 14.2692 15.8597 11.1551 5.1374 5.97415 4.76412 4.83087 4.3065 3.76841 5.19764 3.71417
threshold=5.6500000000000012 4.1500000000000012 9.5000000000000018 6.6500000000000012 12.500000000000002 3.1000000000000019 5.5000000000000009 5.2500000000000009 1.0000000180025095e-35 6.1500000000000012 1.0000000180025095e-35 10.500000000000002 7.4500000000000011 4.6500000000000012
decision_type=2 2 2 2 2 10 2 2 2 2 2 2 2 2
left_child=1 5 10 4 6 -1 -2 -8 -6 -10 13 -5 -13 -3
right_child=3 2 -4 11 8 -7 7 -9 9 -11 -12 12 -14 -15
leaf_value=-0.047613616593949332 0.11323071181187179 -0.027823353684351699 -0.030612353706340981 0.1096067905603459 -0.054804921491651087 0.15045753798177586 -0.017028438190336448 0.071902990885113024 -0.033334835245272941 0.067266578386182177 0.061644192893293828 0.047251777377388088 0.1036206335085173 0.038039846803599328
leaf_weight=119.75909270346165 5.4694136977195802 3.1556139066815376 12.906537037342785 19.526867233216763 3.5285101234912855 0.71508400142192741 2.3336759693920603 9.8984605893492681 2.1824321113526821 2.6330135315656662 11.847187422215939 7.7218009084463146 8.6936550065875036 6.6540753319859505
leaf_count=2554 24 32 204 80 53 7 25 46 26 22 91 43 36 45
internal_value=-0.00223834 -0.0328568 0.0144815 0.0743415 0.0461607 -0.0464379 0.0729482 0.0549364 -0.0106684 0.0216725 0.0413555 0.0947626 0.0771048 0.0168528
internal_weight=217.025 155.038 34.5634 61.9878 26.0455 120.474 17.7016 12.2321 8.34396 4.81545 21.6569 35.9423 16.4155 9.80969
internal_count=3288 2933 372 355 196 2561 95 71 101 48 168 159 79 77
is_linear=0
shrinkage=0.05


Tree=12
num_leaves=15
num_cat=0
split_feature=2 3 3 0 4 0 2 0 2 2 0 3 3 0
split_gain=186.254 28.095 17.1746 12.0116 10.5227 8.80291 9.15252 4.89139 4.08663 3.46117 5.39576 6.35696 4.16596 2.8252
threshold=5.4500000000000011 4.1500000000000012 3.3500000000000001 9.5000000000000018 11.435000000000002 16.500000000000004 6.5500000000000007 6.5000000000000009 4.9500000000000011 6.4500000000000011 7.5000000000000009 5.4500000000000011 5.4500000000000011 5.5000000000000009
decision_type=2 2 2 2 8 2 2 2 2 2 2 2 2 2
left_child=1 4 7 8 -1 9 -7 -2 -3 10 12 -12 -4 -10
right_child=2 3 5 -5 -6 6 -8 -9 13 -11 11 -13 -14 -15
leaf_value=0.14199092002766028 0.063700048947382445 0.018191362957098115 0.12852419788299746 -0.031090496247887497 -0.047567196453651088 -0.023021115980875088 0.071908047310823134 -0.053733873328312268 0.10237459271228551 0.089246631930562495 -0.034339151148738499 0.059217399220272741 0.063220811605459601 0.032368245559668642
leaf_weight=0.73694343864917755 1.1647120788693417 11.424532763659959 4.0179973393678683 11.143184721469877 111.84961446374655 4.6292541064321977 5.6236205473542213 3.7150614373385906 3.0925369709730139 34.251053806394339 2.3678462915122491 7.7862964197993279 6.2272672057151794 2.6988964229822159
leaf_count=5 9 106 19 186 2493 62 31 68 14 141 32 48 26 22
internal_value=-0.00204693 -0.0351227 0.0647585 0.00935629 -0.0463264 0.07156 0.0290468 -0.0257046 0.0355358 0.0795358 0.0632311 0.0374009 0.0888316 0.0697506
internal_weight=210.729 140.946 69.7831 28.3592 112.587 64.9033 10.2529 4.87977 17.216 54.6505 20.3994 10.1541 10.2453 5.79143
internal_count=3262 2826 436 328 2498 359 93 77 142 266 125 80 45 36
is_linear=0
shrinkage=0.05


Tree=13
num_leaves=15
num_cat=0
split_feature=2 4 2 0 0 2 0 2 0 6 2 2 0 0
split_gain=158.572 23.6214 22.9212 15.9375 9.33303 6.81414 6.32609 4.01541 4.79792 3.7121 5.60893 3.55204 2.5535 2.20095
threshold=5.6500000000000012 7.035000000000001 4.1500000000000012 3.5000000000000004 15.500000000000002 7.0500000000000007 10.500000000000002 6.8500000000000005 7.5000000000000009 1.0000000180025095e-35 4.8500000000000005 5.9500000000000011 20.500000000000004 9.5000000000000018
decision_type=2 8 2 2 2 2 2 2 2 2 2 2 2 2
left_child=1 -1 -3 -4 7 12 9 8 -2 -5 -11 -10 -6 -13
right_child=4 2 3 6 5 -7 -8 -9 11 10 -12 13 -14 -15
leaf_value=0.17348672853391078 0.089307442848266957 -0.04778050053551982 0.067610724451524579 -0.022466278926104769 0.012923171740589082 0.07228856041960309 -0.0410977765747923 0.089633442295232499 0.0062739707548063522 -0.014257126820609881 0.04072989022292281 0.094021589426710336 -0.054936269167310953 0.045293869862902035
leaf_weight=1.4178370684385297 9.562585301697256 86.660388350486755 6.3703694790601721 14.678831793367861 5.0141777954995614 4.6727707087993622 17.050756610929966 24.907758489251137 4.4000682346522799 10.039770368486645 8.6190876476466638 3.2408981248736373 1.9160248078405855 8.1323902234435064
leaf_count=7 44 2012 48 234 60 22 353 102 38 170 86 14 29 46
internal_value=-0.000977497 -0.0295961 -0.0316037 -0.00690475 0.0660435 0.0256251 -0.0163254 0.0753775 0.0613625 -0.0036554 0.011143 0.044421 -0.00583824 0.0591792
internal_weight=206.684 144.837 143.419 56.7588 61.8467 11.603 50.3884 50.2437 25.3359 33.3377 18.6589 15.7734 6.9302 11.3733
internal_count=3265 2910 2903 891 355 111 843 244 142 490 256 98 89 60
is_linear=0
shrinkage=0.05


Tree=14
num_leaves=15
num_cat=0
split_feature=2 4 2 0 2 0 0 0 2 2 6 6 6 0
split_gain=160.894 21.1479 17.0094 15.4924 8.54294 6.83142 5.52901 3.91574 3.61497 2.3549 4.98261 2.25226 2.06034 2.05112
threshold=5.6500000000000012 7.035000000000001 4.2500000000000009 4.5000000000000009 6.6500000000000012 17.500000000000004 10.500000000000002 5.5000000000000009 5.9500000000000011 5.2500000000000009 1.0000000180025095e-35 1.0000000180025095e-35 1.0000000180025095e-35 10.500000000000002
decision_type=2 8 2 2 2 2 2 2 2 2 2 2 2 2
left_child=1 -1 -3 12 5 7 9 -2 -9 -5 -11 -7 -4 -6
right_child=4 2 3 6 13 11 -8 8 -10 10 -12 -13 -14 -15
leaf_value=0.15493170777538939 0.091394852243877098 -0.046645794882988104 0.029027998514055665 -0.015657136299294969 0.089950434538618645 -0.054769960753888437 -0.046127938608899285 0.012334192580761268 0.058126119450695395 -0.037884923284912088 0.062702210016016072 0.020653592559639736 0.08020372862583515 0.066129468558185175
leaf_weight=1.5057406723499296 5.220396161079413 88.226435154676437 3.9827502518892279 21.385379493236545 20.849412053823471 2.0189542844891539 15.28646284714341 6.5295086577534702 12.678618486970661 2.0641733892261973 3.0507216155529022 1.9417191557586195 3.8854908235371113 15.949943900108336
leaf_count=7 22 2123 31 345 85 32 329 59 72 21 24 23 28 75
internal_value=-0.00111172 -0.0314358 -0.033471 -0.0100622 0.0637276 0.0431198 -0.0221812 0.0529959 0.0425599 -0.00836776 0.0221091 -0.0177936 0.0542996 0.0796257
internal_weight=204.576 139.387 137.881 49.655 65.1886 28.3892 41.7867 24.4285 19.2081 26.5003 5.1149 3.96067 7.86824 36.7994
internal_count=3276 2908 2901 778 368 208 719 153 131 390 45 55 59 160
is_linear=0
shrinkage=0.05


Tree=15
num_leaves=15
num_cat=0
split_feature=3 2 4 2 0 0 2 3 6 0 2 0 3 3
split_gain=157.609 26.2971 14.8608 10.829 15.0992 9.87724 7.17202 5.09961 4.02753 3.44974 2.77081 4.42219 2.15453 2.13377
threshold=4.0500000000000007 5.9500000000000011 3.7450000000000006 5.5500000000000007 5.5000000000000009 7.5000000000000009 4.9500000000000011 3.7500000000000004 1.0000000180025095e-35 16.500000000000004 7.4500000000000011 9.5000000000000018 5.6500000000000012 2.8500000000000001
decision_type=2 2 8 2 2 2 2 2 2 2 2 2 2 2
left_child=2 5 -1 13 -5 6 -2 -6 12 -10 11 -3 -7 -4
right_child=1 10 3 4 7 8 -8 -9 9 -11 -12 -13 -14 -15
leaf_value=0.17025657672870687 0.012987206933081037 0.083064356503500844 -0.052203882118089767 0.12418722027401118 -0.0551046376268019 -0.03622051066059901 0.073438501587035451 0.043149480353615148 0.025236219848670617 -0.053191579940972344 0.089944463070702974 0.047233903772285347 0.025310985877378248 -0.036458769432636304
leaf_weight=0.82800300419330597 9.1445162892341632 16.734926611185074 66.580870609730482 2.2032538801431638 4.6605113260447979 8.5822809822857362 10.586841329932211 1.8427913077175615 11.571988858282564 1.5954370312392718 15.741451963782309 17.739895381033421 1.7053386569023139 31.792387373745441
leaf_count=4 83 68 1674 10 77 148 46 20 144 30 64 97 13 795
internal_value=0.000407214 0.0479599 -0.0407533 -0.042385 0.0110624 0.0193515 0.0454223 -0.0272631 -0.00258031 0.0157335 0.0725633 0.0646269 -0.0260207 -0.0471154
internal_weight=201.31 93.4027 107.908 107.08 8.70656 43.1864 19.7314 6.5033 23.455 13.1674 50.2163 34.4748 10.2876 98.3733
internal_count=3273 693 2580 2576 107 464 129 97 335 174 229 165 161 2469
is_linear=0
shrinkage=0.05


Tree=16
num_leaves=15
num_cat=0
split_feature=2 2 0 2 0 0 5 0 2 6 0 0 2 2
split_gain=127.783 17.2966 11.5307 9.57754 7.92094 6.4485 4.60476 4.25355 6.35256 3.81823 5.63138 2.61955 1.9795 1.21095
threshold=5.4500000000000011 4.1500000000000012 2.5000000000000004 6.0500000000000007 6.5000000000000009 10.500000000000002 3.1000000000000019 9.5000000000000018 7.4500000000000011 1.0000000180025095e-35 11.500000000000002 13.500000000000002 4.9500000000000011 6.9500000000000011
decision_type=2 2 2 2 2 2 10 2 2 2 2 2 2 2
left_child=1 6 -3 4 -2 12 -1 -5 9 10 -9 -6 -4 -11
right_child=3 2 5 7 11 -7 -8 8 -10 13 -12 -13 -14 -15
leaf_value=-0.047516783836087768 0.065251359783312826 0.070634548592693205 -0.011051718585890258 0.078992212773409134 0.01569409680536701 -0.044805367973330769 0.088213139914906591 0.055247886299915505 0.083154859895515104 0.041132411056385237 -0.031572043213976338 -0.031834234184292945 0.017458996947975921 0.077645203806295499
leaf_weight=76.693175952881575 6.9399108737707165 4.2463266663253298 20.964541431516412 23.672236949205399 8.1426839195191842 13.202063862234352 0.63001151010393996 3.2851072959601924 9.6087072640657407 7.5390407294034958 4.3289514183998108 4.501946259289979 8.5795712545514089 3.2495617419481277
leaf_count=2027 32 22 377 99 75 311 5 14 40 47 41 78 93 14
internal_value=-0.0012713 -0.0318715 -0.00794785 0.0521058 0.0223296 -0.0157541 -0.0464109 0.0633889 0.0502026 0.032997 0.00588666 -0.00122771 -0.00277224 0.0521302
internal_weight=195.584 124.316 46.9925 71.2681 19.5845 42.7462 77.3232 51.6836 28.0114 18.4027 7.61406 12.6446 29.5441 10.7886
internal_count=3275 2835 803 440 185 781 2032 255 156 116 55 153 470 61
is_linear=0
shrinkage=0.05


Tree=17
num_leaves=15
num_cat=0
split_feature=3 3 4 0 3 0 3 6 3 6 0 3 3 3
split_gain=116.497 14.4688 9.71754 9.26352 5.76057 12.9108 3.31854 3.91094 2.86873 2.84713 3.80313 3.22213 2.34351 3.109
threshold=4.0500000000000007 5.1500000000000012 3.7450000000000006 11.500000000000002 3.1500000000000008 5.5000000000000009 3.6500000000000008 1.0000000180025095e-35 7.3500000000000005 1.0000000180025095e-35 14.500000000000002 5.6500000000000012 5.5500000000000007 6.0500000000000007
decision_type=2 2 8 2 2 2 2 2 2 2 2 2 2 2
left_child=2 3 -1 -2 -4 6 -6 -8 9 10 11 -3 -11 -14
right_child=1 8 4 -5 5 -7 7 -9 -10 12 -12 -13 13 -15
leaf_value=0.15087010844479509 0.026739671761609615 0.018668122764982614 -0.048897039021772795 -0.03491261811330524 0.016094702116214686 -0.041525906707105591 0.027515327275199793 0.17016674382731986 0.083568051946819114 0.087713308506984347 -0.0078565199567671058 0.063765264239434516 0.029616215151371156 0.068439696066061637
leaf_weight=0.66077214479446411 27.564493950456381 6.4816766120493474 72.085193492472172 7.8217048048973075 4.705793738365176 20.431201409548521 1.0318998880684374 0.89912020042538632 7.1705003380775443 6.0513763837516334 4.0382889695465556 10.184105202555655 8.7670571021735686 12.522009156644343
leaf_count=3 250 38 1930 137 105 499 17 22 30 41 41 44 48 55
internal_value=-0.0029779 0.0380714 -0.0402384 0.0131122 -0.041512 -0.0218447 0.0387433 0.0939366 0.0540673 0.0496644 0.0356773 0.046226 0.0602564 0.0524518
internal_weight=190.415 90.6012 99.814 35.3862 99.1532 27.068 6.63681 1.93102 55.215 48.0445 20.7041 16.6658 27.3404 21.2891
internal_count=3260 684 2576 387 2573 643 144 39 297 267 123 82 144 103
is_linear=0
shrinkage=0.05


Tree=18
num_leaves=15
num_cat=0
split_feature=2 2 4 2 0 0 0 2 0 0 0 2 0 6
split_gain=111.981 15.9195 13.9324 12.9805 12.3892 9.31853 5.10507 3.82291 3.60675 3.43374 2.42534 3.9177 2.2437 1.82511
threshold=5.1500000000000012 6.6500000000000012 7.035000000000001 4.1500000000000012 7.5000000000000009 3.5000000000000004 15.500000000000002 5.9500000000000011 10.500000000000002 3.5000000000000004 10.500000000000002 7.4500000000000011 9.5000000000000018 1.0000000180025095e-35
decision_type=2 2 8 2 2 2 2 2 2 2 2 2 2 2
left_child=2 4 -1 -4 9 -5 7 -6 13 -2 -3 -12 -9 -7
right_child=1 10 3 5 6 8 -8 12 -10 -11 11 -13 -14 -15
leaf_value=0.12136191986459795 0.094411733636252423 0.080118185046571602 -0.048354672000117609 0.055135177732623754 -0.0026546729888758686 -0.025466387553359573 -0.030452405205784561 0.083175556007510462 -0.046914404527957893 0.043563340476947238 0.030454194715717222 0.078108093348575339 0.025662071706390788 0.0030964429116140096
leaf_weight=1.4292227327823637 4.5205626934766796 19.763977810740471 70.332824029028416 4.5723177194595328 10.73239122703672 10.485950645059347 8.1554049737751466 2.4194641374051553 9.5484955348074418 12.50258447229862 8.5608463957905787 8.6919370368123037 5.6692414581775665 11.985169570893049
leaf_count=6 19 84 2017 36 137 201 137 11 246 67 46 37 35 199
internal_value=-0.000469201 0.0439961 -0.033716 -0.0357889 0.0236668 -0.0116363 0.00259048 0.0169084 -0.0211711 0.0570663 0.0681604 0.0544622 0.0428653 -0.0102322
internal_weight=189.37 81.0164 108.354 106.925 43.9996 36.5919 26.9765 18.8211 32.0196 17.0231 37.0168 17.2528 8.08871 22.4711
internal_count=3278 573 2705 2699 406 682 320 183 646 86 167 83 46 400
is_linear=0
shrinkage=0.05


Tree=19
num_leaves=15
num_cat=0
split_feature=2 4 2 0 2 0 0 0 2 0 6 0 0 2
split_gain=93.0376 14.2392 12.6168 11.025 10.2851 5.88818 3.624 3.48435 5.94734 3.12292 2.97166 5.09966 1.06602 1.22085
threshold=5.1500000000000012 7.035000000000001 6.1500000000000012 13.500000000000002 4.1500000000000012 2.5000000000000004 10.500000000000002 9.5000000000000018 7.4500000000000011 3.5000000000000004 1.0000000180025095e-35 11.500000000000002 6.5000000000000009 5.2500000000000009
decision_type=2 8 2 2 2 2 2 2 2 2 2 2 2 2
left_child=1 -1 3 9 -3 -6 -7 -4 10 -2 11 -9 -11 -14
right_child=2 4 7 -5 5 6 -8 8 -10 12 -12 -13 13 -15
leaf_value=0.11143164405884123 0.076440779295570818 -0.045938828619894859 0.071611485579894829 -0.039550006984968106 0.055206221775473574 -0.0092597492532702774 -0.046419124697390138 0.044186288184732241 0.07538225009366023 0.040209730583423232 0.044966068708857665 -0.038549520745287134 -0.02559423065171746 0.021336097149480017
leaf_weight=1.7002711296081541 3.3275405615568223 68.135845899581909 20.584061279892921 7.1494967192411414 2.9024358987808219 25.050588566809893 8.8897536247968656 3.7088205367326781 9.6909020245075208 6.6133241206407574 9.3510983251035213 3.7412852756679058 1.5863305665552605 10.961420025676487
leaf_count=7 14 2045 89 141 16 434 240 15 42 35 51 36 21 110
internal_value=-0.00190573 -0.0321057 0.0400904 0.014535 -0.0344305 -0.0131473 -0.0189926 0.0561795 0.044189 0.0317295 0.0261967 0.00263812 0.0239649 0.015403
internal_weight=183.393 106.679 76.7143 29.6381 104.979 36.8428 33.9403 47.0762 26.4921 22.4886 16.8012 7.45011 19.1611 12.5478
internal_count=3296 2742 554 321 2735 690 674 233 144 180 102 51 166 131
is_linear=0
shrinkage=0.05


Tree=20
num_leaves=15
num_cat=0
split_feature=2 4 2 2 0 0 0 2 2 6 0 6 6 0
split_gain=97.7863 11.3421 11.0246 9.83462 9.23377 4.74203 4.44353 2.73964 2.62176 3.85763 2.54989 2.0367 1.84734 2.11977
threshold=5.1500000000000012 7.035000000000001 6.9500000000000011 4.1500000000000012 17.500000000000004 4.5000000000000009 7.5000000000000009 4.7500000000000009 5.9500000000000011 1.0000000180025095e-35 10.500000000000002 1.0000000180025095e-35 1.0000000180025095e-35 10.500000000000002
decision_type=2 8 2 2 2 2 2 2 2 2 2 2 2 2
left_child=1 -1 4 -3 6 7 -2 11 9 -8 -7 -5 13 -4
right_child=2 3 12 5 -6 10 8 -9 -10 -11 -12 -13 -14 -15
leaf_value=0.10483790508941773 0.054017176476357634 -0.047115755521584729 0.069411076328988575 -0.040865352430541992 -0.030974533242117998 -0.013908822427137641 -0.028092096552574386 0.059369680324571253 0.036429494588686349 0.030543120005486021 -0.046178220210301976 0.031265784369185604 0.079127313341570304 0.026700256086503241
leaf_weight=1.4613065123558042 18.307009380310774 65.006231497973204 7.459413006901741 1.9434877671301356 5.9784340709447852 20.939218938350681 5.160449832677843 2.932735588401556 13.479536850005386 6.1456815525889397 8.6510438285768014 1.9712464585900307 14.601105779409409 4.7580486796796322
leaf_count=6 91 2036 33 22 95 381 82 21 78 74 243 20 64 24
internal_value=-0.00171347 -0.0334679 0.041345 -0.0354602 0.0272565 -0.0146662 0.0353351 0.0228299 0.0215364 0.00378029 -0.0233431 -0.00454405 0.0671234 0.0527775
internal_weight=178.795 102.905 75.8897 101.444 49.0711 36.4377 43.0927 6.84747 24.7857 11.3061 29.5903 3.91473 26.8186 12.2175
internal_count=3270 2729 541 2723 420 687 325 63 234 156 624 42 121 57
is_linear=0
shrinkage=0.05


Tree=21
num_leaves=15
num_cat=0
split_feature=3 2 2 4 0 0 3 0 2 2 7 2 0 3
split_gain=86.7842 15.0803 11.4058 8.95398 5.31779 4.82877 4.75485 11.1426 15.6953 3.40452 3.04808 3.66106 3.2318 3.20509
threshold=4.1500000000000012 5.9500000000000011 6.6500000000000012 3.7450000000000006 13.500000000000002 18.500000000000004 2.8500000000000001 3.5000000000000004 3.8500000000000001 7.1500000000000012 1.0000000180025095e-35 4.9500000000000011 7.5000000000000009 5.1500000000000012
decision_type=2 2 2 8 2 2 2 2 2 2 2 2 2 2
left_child=2 4 3 -1 10 -3 -5 8 -8 -7 11 -2 -13 -14
right_child=1 5 -4 6 -6 9 7 -9 -10 -11 -12 12 13 -15
leaf_value=0.10995207168603945 0.0049204029931424285 0.060157725247747151 0.045547935000284631 -0.050925761050897217 -0.034310754862505281 -0.037094744564560099 -0.030818152557902309 -0.037805072160501274 0.17020139907643028 0.05117151080650352 -0.043900370238518872 0.055369029891370859 -0.034682102130275123 0.034133557139778246
leaf_weight=0.98214325308799744 15.904864568263291 39.035523630678654 4.0636799931526175 53.904166107997298 5.2957384176552287 2.3017656765878192 2.377977795898917 27.776196695864201 1.6412008143961427 2.0793707668781281 1.8134259283542622 10.802025854587557 2.41428020223975 5.655873142182827
leaf_count=4 183 177 25 1708 111 21 71 816 20 9 13 46 31 40
internal_value=-0.00228564 0.0339224 -0.0363221 -0.0401602 0.0125189 0.0545714 -0.0418805 -0.0265457 0.0512666 0.0047981 0.0192965 0.0225919 0.0374848 0.0135466
internal_weight=176.048 85.3029 90.7454 86.6817 41.8862 43.4167 85.6995 31.7954 4.01918 4.38114 36.5905 34.777 18.8722 8.07015
internal_count=3275 631 2644 2619 424 207 2615 907 91 30 313 300 117 71
is_linear=0
shrinkage=0.05


Tree=22
num_leaves=15
num_cat=0
split_feature=3 2 6 2 4 0 0 2 0 6 0 2 3 3
split_gain=92.2799 18.141 9.11552 9.07078 8.58815 4.32981 4.08418 3.2173 2.99946 2.76967 2.44817 2.22491 6.80088 4.18656
threshold=3.8500000000000001 5.8500000000000005 1.0000000180025095e-35 6.9500000000000011 3.7450000000000006 7.5000000000000009 16.500000000000004 4.9500000000000011 16.500000000000004 1.0000000180025095e-35 3.5000000000000004 4.8500000000000005 4.8500000000000005 5.1500000000000012
decision_type=2 2 2 2 8 2 2 2 2 2 2 2 2 2
left_child=3 2 5 4 -1 7 10 -2 -3 -10 -4 -12 -13 -14
right_child=1 8 6 -5 -6 -7 -8 -9 9 -11 11 12 13 -15
leaf_value=0.10386277714677579 -0.020301624526299581 0.059915218608629528 0.069917817892491824 0.069878114859514742 -0.044529392890373103 -0.038729497677932011 -0.052691019871182049 0.038298781400131751 -0.013140492072465827 0.048827080427999256 0.0059866423974843427 0.12131342819368501 -0.027091635637532648 0.04370439080841873
leaf_weight=0.98756961524486542 4.731977693736555 40.650127708911896 4.1163515485823217 1.8332331553101529 76.787846550345421 9.8878413997590524 1.4116870537400235 4.637914165854454 2.8574545122683039 4.8872731775045395 7.4670339319855001 2.1532255187630644 2.9179193601012212 7.3441492728888988
leaf_count=4 51 184 22 10 2457 201 34 20 23 32 130 28 29 45
internal_value=-0.000533543 0.0332733 0.0102953 -0.040054 -0.0426452 -0.0156504 0.0299587 0.00870444 0.0544819 0.0259638 0.0348204 0.027554 0.0405255 0.0235742
internal_weight=172.672 93.063 44.6681 79.6086 77.7754 19.2577 25.4104 9.36989 48.3949 7.74473 23.9987 19.8823 12.4153 10.2621
internal_count=3270 799 560 2471 2461 272 288 71 239 55 254 232 102 74
is_linear=0
shrinkage=0.05


Tree=23
num_leaves=15
num_cat=0
split_feature=3 2 0 4 2 6 2 3 3 3 6 0 2 2
split_gain=77.1878 19.9068 11.3125 7.82809 4.36474 3.71661 5.14521 4.97895 3.90183 2.92034 2.93176 2.85377 2.63557 2.50645
threshold=3.6500000000000008 5.9500000000000011 7.5000000000000009 3.7450000000000006 6.6500000000000012 1.0000000180025095e-35 4.4500000000000011 4.3500000000000005 4.6500000000000012 4.0500000000000007 1.0000000180025095e-35 3.5000000000000004 4.9500000000000011 7.4500000000000011
decision_type=2 2 2 8 2 2 2 2 2 2 2 2 2 2
left_child=3 2 5 -1 -5 6 -2 11 -8 -4 -11 -7 -9 -3
right_child=1 13 9 4 -6 7 8 12 -10 10 -12 -13 -14 -15
leaf_value=0.098682576748630291 -0.058687292360427912 0.043786786456256506 -0.051738599284292135 -0.04537474539126829 0.024117302746609195 0.17112350244874547 0.081695797056818675 -0.0029627889979660722 0.0036682654578742233 -0.031631215576782133 0.0062754952792986683 0.06926398247334864 0.051421302090621714 0.069660882218373577
leaf_weight=0.98742146790027618 2.2248968314379454 33.320366483181715 4.9405803345143822 68.386706944555044 2.3367919400334349 1.0659954473376285 2.3248422257602215 3.4966242983937246 5.1543547287583351 8.562016936019063 12.617657547816634 1.9373272247612474 6.1391640156507492 13.016121581196783
leaf_count=4 43 174 158 2325 16 13 14 25 30 159 173 35 26 61
internal_value=-0.00198543 0.0276227 0.00521895 -0.0411267 -0.0430786 0.031338 0.00806507 0.0492066 0.0279224 -0.0171233 -0.00904853 0.105418 0.0316865 0.0510549
internal_weight=166.511 94.7999 48.4635 71.7109 70.7235 22.3432 9.70409 12.6391 7.4792 26.1203 21.1797 3.00332 9.63579 46.3365
internal_count=3256 911 676 2345 2341 186 87 99 44 490 332 48 51 235
is_linear=0
shrinkage=0.05


Tree=24
num_leaves=15
num_cat=0
split_feature=3 3 0 7 4 0 6 3 0 3 0 3 3 3
split_gain=81.7278 10.7404 8.38996 6.28058 5.67916 5.34113 5.47633 3.54443 2.5181 2.36342 4.52368 2.27431 2.35476 3.43387
threshold=3.6500000000000008 5.6500000000000012 15.500000000000002 1.0000000180025095e-35 3.7450000000000006 1.5000000000000002 1.0000000180025095e-35 4.2500000000000009 11.500000000000002 2.8500000000000001 5.5000000000000009 5.3500000000000005 4.8500000000000005 5.1500000000000012
decision_type=2 2 2 2 8 2 2 2 2 2 2 2 2 2
left_child=4 2 3 5 -1 -2 7 -7 -9 -6 -11 12 -8 -14
right_child=1 -3 -4 -5 9 6 11 8 -10 10 -12 -13 13 -15
leaf_value=0.096320604404727311 0.11935583084537432 0.051148623550497777 -0.03579498678460314 -0.070905464286282693 -0.049066109683667626 -0.032344172494059367 0.042605564754406328 0.024759966126234115 -0.030628916323590157 0.0082801787856251249 -0.044504029673875664 0.075149706955766407 -0.029201301397918229 0.046362983300507629
leaf_weight=0.7372535914182663 1.5122050382196892 36.929074008017778 6.7496808134019366 1.7001517880707968 48.544202184304595 4.9441910386085537 16.835725942626603 13.276685900986193 2.4270690120756617 5.8579540774226215 13.21781471185386 3.7206829041242591 3.208313073962926 2.829297874122858
leaf_count=3 8 186 146 20 1719 124 218 108 42 169 445 19 28 20
internal_value=-8.94139e-05 0.0301284 0.0165583 0.0235621 -0.0417016 0.0268563 0.0238954 0.00457557 0.0161994 -0.0432064 -0.0282946 0.0388956 0.0329984 0.00620904
internal_weight=162.49 94.1331 57.204 50.4543 68.3572 48.7542 47.242 20.6479 15.7038 67.62 19.0758 26.594 22.8733 6.03761
internal_count=3255 919 733 587 2336 567 559 274 150 2333 614 285 266 48
is_linear=0
shrinkage=0.05


Tree=25
num_leaves=15
num_cat=0
split_feature=2 2 0 4 0 2 2 0 6 2 0 0 6 0
split_gain=65.8979 14.3844 8.1948 5.33682 4.38195 5.35532 3.84792 3.46499 3.20126 2.01399 2.17282 1.80294 2.566 1.77826
threshold=5.6500000000000012 4.1500000000000012 7.5000000000000009 3.7450000000000006 11.500000000000002 7.4500000000000011 4.7500000000000009 21.500000000000004 1.0000000180025095e-35 6.7500000000000009 5.5000000000000009 2.5000000000000004 1.0000000180025095e-35 3.5000000000000004
decision_type=2 2 2 8 2 2 2 2 2 2 2 2 2 2
left_child=1 3 6 -1 9 7 13 8 -6 10 -2 -8 -13 -3
right_child=4 2 -4 -5 5 -7 11 -9 -10 -11 -12 12 -14 -15
leaf_value=0.092190840564843238 0.068349041546605441 0.02111424350123059 -0.023239796064496544 -0.043765976879904717 -0.012128396657149022 0.063618912274000877 0.072711722665773568 -0.056434794693130653 0.036425382345369316 0.06571232361068606 0.03039431857545077 -0.0026835716092061669 0.048678153115341405 -0.021961961500637259
leaf_weight=0.73189158737659454 5.4099644422531155 3.9120243638753909 26.490741617977619 52.38155778311193 5.431750392541292 6.6024203971028319 2.6631440743803969 1.7412396389991052 9.0526677314192057 17.647678405046463 12.445105500519274 4.2994566578417999 5.5978502444922924 6.181813919916749
leaf_count=3 25 31 630 2015 58 32 12 27 62 85 69 45 41 118
internal_value=0.000336715 -0.0238539 -0.00435869 -0.0418925 0.0427448 0.0256544 0.0177199 0.0102062 0.0182174 0.0537338 0.0418943 0.0361927 0.0263663 -0.00526711
internal_weight=160.589 102.258 49.145 53.1134 58.3308 22.8281 22.6543 16.2257 14.4844 35.5027 17.8551 12.5605 9.89731 10.0938
internal_count=3253 2895 877 2018 358 179 247 147 120 179 94 98 86 149
is_linear=0
shrinkage=0.05


Tree=26
num_leaves=15
num_cat=0
split_feature=3 2 0 4 2 0 0 2 3 0 0 3 0 2
split_gain=59.3331 16.4514 6.14977 6.04025 5.62091 10.2423 5.08103 2.89133 3.75273 2.39243 2.20864 1.9178 2.72464 3.5861
threshold=3.8500000000000001 5.9500000000000011 7.5000000000000009 3.7450000000000006 5.6500000000000012 5.5000000000000009 18.500000000000004 4.9500000000000011 4.5500000000000007 5.5000000000000009 16.500000000000004 2.8500000000000001 2.5000000000000004 3.3500000000000001
decision_type=2 2 2 8 2 2 2 2 2 2 2 2 2 2
left_child=3 2 7 -1 11 -6 -3 8 9 -2 -4 -5 13 -13
right_child=1 6 10 4 5 -7 -8 -9 -10 -11 -12 12 -14 -15
leaf_value=0.086813933828386897 0.054323862512321353 0.052879340383360077 -0.0075213922647187417 -0.050139428830787716 0.088023555969674303 -0.044376220597802732 -0.0068891162038833042 0.03969179140408164 -0.0369421043212496 -0.011605468290142295 -0.052289156901448919 -0.051431921285427 -0.035437356845227114 0.14046401155706703
leaf_weight=0.96077291667461395 3.4319009296596068 37.752317853271961 21.221008701249961 41.492934806272388 2.3553556203842154 3.8455809727311134 3.9256437793374053 11.978455442935227 3.6568768471479416 2.296971146017313 3.1661341506987801 0.45966645143926399 18.674358958378434 0.51761667616665363
leaf_count=4 34 186 335 1664 10 66 31 53 31 33 87 17 682 14
internal_value=-0.00275349 0.0245254 0.00382424 -0.0376694 -0.0394453 0.00591434 0.0472498 0.0234097 0.00262994 0.0278897 -0.0133335 -0.0440454 -0.0311783 0.0502055
internal_weight=155.736 87.4293 45.7513 68.3063 67.3455 6.20094 41.678 21.3642 9.38575 5.72887 24.3871 61.1446 19.6516 0.977283
internal_count=3247 790 573 2457 2453 76 217 151 98 67 422 2377 713 31
is_linear=0
shrinkage=0.05


Tree=27
num_leaves=15
num_cat=0
split_feature=3 2 2 4 7 0 2 3 0 0 6 3 0 2
split_gain=60.7164 14.7632 6.70862 4.55908 4.2706 4.59358 3.69952 3.44922 8.3866 3.33158 3.09669 3.05724 2.60502 2.29109
threshold=4.0500000000000007 5.9500000000000011 6.3500000000000005 3.7450000000000006 1.0000000180025095e-35 8.5000000000000018 4.5500000000000007 3.0500000000000003 2.5000000000000004 7.5000000000000009 1.0000000180025095e-35 5.6500000000000012 16.500000000000004 4.4500000000000011
decision_type=2 2 2 8 2 2 2 2 2 2 2 2 2 2
left_child=2 4 3 -1 5 6 -2 -5 -9 -4 11 -7 -3 -12
right_child=1 12 9 7 -6 10 -8 8 -10 -11 13 -13 -14 -15
leaf_value=0.085468290128206226 -0.011832192182714262 0.053230860613196151 0.077068702818215207 -0.049224517622775882 -0.072440145493046143 -0.05289439381381688 0.035280594576456929 0.1081169500404275 -0.032241462877620447 -0.015126527246082377 0.056860835957704393 0.044713820166678568 0.021586918124930139 -0.0051568299164877563
leaf_weight=0.71367804706096649 5.5694014616310623 34.348199807107449 1.7979727983474725 45.620352633297443 1.7033537738025177 5.4727743584662685 16.546249445527792 1.1265990994870687 19.234550042077899 2.153541786596179 1.8017733115702874 0.94001919776201237 8.0229983776807767 8.583982175216077
leaf_count=3 61 167 8 1877 15 128 98 25 662 25 31 9 54 118
internal_value=-0.00240968 0.0265914 -0.0364772 -0.0402276 0.00505223 0.00844422 0.0234161 -0.0415872 -0.0244753 0.0268231 -0.0112666 -0.0385865 0.0472391 0.00560231
internal_weight=153.635 82.9888 70.6467 66.6952 40.6176 38.9142 22.1157 65.9815 20.3611 3.95151 16.7985 6.41279 42.3712 10.3858
internal_count=3281 681 2600 2567 460 445 159 2564 687 33 286 137 221 149
is_linear=0
shrinkage=0.05


Tree=28
num_leaves=15
num_cat=0
split_feature=3 2 2 4 0 3 0 2 0 0 6 3 3 2
split_gain=62.6578 9.6406 5.80499 5.44945 4.25019 3.6349 5.90197 12.8315 2.70659 2.64552 2.92857 2.52288 1.93809 5.23542
threshold=4.0500000000000007 5.7500000000000009 6.6500000000000012 3.7450000000000006 15.500000000000002 2.8500000000000001 5.5000000000000009 3.8500000000000001 16.500000000000004 1.5000000000000002 1.0000000180025095e-35 5.3500000000000005 5.5500000000000007 5.2500000000000009
decision_type=2 2 2 8 2 2 2 2 2 2 2 2 2 2
left_child=2 4 3 -1 9 -5 7 -7 -3 -2 -11 -10 13 -12
right_child=1 8 -4 5 -6 6 -8 -9 11 10 12 -13 -14 -15
leaf_value=0.081132511766983939 0.088520087515150767 0.049947860068636968 0.030164145184690495 -0.050151503622209687 -0.052252401676632476 -0.029418829848950612 -0.040455089546223684 0.12755624664386483 -0.026159107861417237 -0.0065951049547242182 0.014169973581393137 0.035267680267697908 -0.016068515136049569 0.078025434537522767
leaf_weight=0.92769573628902435 1.1640644818544377 37.422562271356583 3.1656314581632605 39.949362305924296 2.5689874030649653 4.5166039671748903 17.515453044325113 1.8290101829916237 2.2916206400841457 13.027146087959407 12.916235756129032 6.1776766255497932 2.6275208964943877 4.2714693062007418
leaf_count=4 5 186 22 1717 73 163 652 33 21 158 141 43 15 28
internal_value=-0.000378041 0.0289094 -0.0359469 -0.0391796 0.00976004 -0.0409288 -0.0254876 0.0158264 0.0441713 0.0144447 0.0118192 0.0186468 0.0239253 0.0300393
internal_weight=150.371 82.4673 67.9038 64.7381 36.5754 63.8104 23.8611 6.34561 45.8919 34.0064 32.8424 8.4693 19.8152 17.1877
internal_count=3261 670 2591 2569 420 2565 848 196 250 347 342 64 184 169
is_linear=0
shrinkage=0.05


Tree=29
num_leaves=15
num_cat=0
split_feature=2 3 2 0 4 3 0 3 0 2 0 7 0 3
split_gain=52.1837 16.6634 6.40293 5.35463 5.20483 5.03111 2.76352 2.40018 2.42503 5.35591 2.28946 2.19604 1.78977 1.48492
threshold=5.6500000000000012 4.1500000000000012 6.9500000000000011 7.5000000000000009 3.7450000000000006 3.9500000000000006 17.500000000000004 2.8500000000000001 7.5000000000000009 4.2500000000000009 15.500000000000002 1.0000000180025095e-35 5.5000000000000009 6.5500000000000007
decision_type=2 2 2 2 8 2 2 2 2 2 2 2 2 2
left_child=1 4 3 -2 -1 -5 13 -6 9 -9 11 -3 -11 -7
right_child=2 10 -4 5 7 6 -8 8 -10 12 -12 -13 -14 -15
leaf_value=0.078768772700410772 0.054009755306100075 0.010961827355532102 0.057851660042249099 -0.054221809371448861 -0.049788308126439626 0.035265441501179245 -0.01987618866665234 -0.026450134716846919 -0.043331436788797278 0.12429672997899728 -0.051730098639040024 -0.046154257790369496 0.016954525389410027 -0.0012827398235368461
leaf_weight=0.90824872255325317 9.8813609927892667 29.090821398422126 22.519943580031395 2.6928134262561825 36.124973312020302 12.915915697813039 3.8057656511664382 7.9663521181792039 12.501825181767343 0.84194619953632333 1.7128826025873412 1.7862514499574889 0.72075690701603889 3.5410981029272071
leaf_count=4 53 291 118 58 1662 72 40 300 506 16 55 14 21 16
internal_value=-0.00101345 -0.0241646 0.0373178 0.0232354 -0.040001 0.00998841 0.0185216 -0.0418559 -0.0288487 -0.00984776 0.0045363 0.00765764 0.0747879 0.0274013
internal_weight=147.011 91.6541 55.3569 32.837 59.0641 22.9556 20.2628 58.1559 22.0309 9.52906 32.59 30.8771 1.5627 16.457
internal_count=3226 2869 357 239 2509 186 128 2505 843 337 360 305 37 88
is_linear=0
shrinkage=0.05


Tree=30
num_leaves=15
num_cat=0
split_feature=3 2 0 3 2 0 0 5 0 2 2 6 3 6
split_gain=52.6092 10.5382 4.62279 3.92684 3.6999 8.16258 3.51361 3.00178 2.47404 3.77777 1.84623 3.63943 2.62763 1.78191
threshold=3.8500000000000001 6.4500000000000011 17.500000000000004 5.6500000000000012 5.6500000000000012 5.5000000000000009 7.5000000000000009 1.1500000000000059 10.500000000000002 7.4500000000000011 4.9500000000000011 1.0000000180025095e-35 4.4500000000000011 1.0000000180025095e-35
decision_type=2 2 2 2 2 2 2 10 2 2 2 2 2 2
left_child=4 2 3 6 7 -6 10 -1 -3 -10 11 -2 -13 -8
right_child=1 8 -4 -5 5 -7 13 -9 9 -11 -12 12 -14 -15
leaf_value=-0.043535182182719123 -0.029429586168502931 0.060933997371058916 -0.041618126064613931 0.041729114803832845 0.078792017211715276 -0.044413984095798109 -0.027766373834157723 0.031594715350128207 0.011899742546935106 0.061147277788944 0.035679510222180841 0.059759935996046079 -0.0083743751913145474 0.0038141084552552351
leaf_weight=52.195274200290442 4.2170547265559453 15.545348644256594 3.9633398130536071 10.461823999881743 2.1125437915325156 3.6967827528715134 7.2633075695484886 1.3642667364329089 9.1352609694004041 6.7873440682888022 10.881501998752354 3.4168393742293119 2.415339894592762 11.600867290049791
leaf_count=2395 46 84 91 53 9 66 161 19 45 36 50 35 18 173
internal_value=-0.00133533 0.0237287 0.0103705 0.0144704 -0.0375106 0.000389501 0.00730432 -0.0416215 0.0467452 0.0328925 0.0214089 0.00595637 0.0315428 -0.00834538
internal_weight=145.057 85.688 54.2201 50.2567 59.3689 5.80933 39.7949 53.5595 31.468 15.9226 20.9307 10.0492 5.83218 18.8642
internal_count=3281 792 627 536 2489 75 483 2414 165 81 149 99 53 334
is_linear=0
shrinkage=0.05


Tree=31
num_leaves=15
num_cat=0
split_feature=2 2 0 2 0 4 0 7 2 6 2 2 0 0
split_gain=39.7891 13.4884 6.83774 5.0874 5.34973 3.8392 2.85432 3.89028 1.63431 2.31697 1.49734 1.5828 1.55101 1.0397
threshold=5.7500000000000009 4.1500000000000012 10.500000000000002 7.4500000000000011 7.5000000000000009 3.7450000000000006 2.5000000000000004 1.0000000180025095e-35 5.2500000000000009 1.0000000180025095e-35 5.9500000000000011 5.8500000000000005 9.5000000000000018 4.5000000000000009
decision_type=2 2 2 2 2 8 2 2 2 2 2 2 2 2
left_child=1 5 6 4 -2 -1 -3 8 13 -10 11 -6 -12 -8
right_child=3 2 -4 -5 10 -7 7 -9 9 -11 12 -13 -14 -15
leaf_value=0.077109118823413328 0.053574431426507543 0.041441280389113169 -0.036515276270449294 0.063876797838427521 0.0075417896639981595 -0.043835662876121763 0.024204084387663034 -0.069525676678033679 -0.0074402974154380332 0.04609178285642334 0.041850218519855722 -0.065545768107936303 0.011627544303565558 -0.0057773297992046793
leaf_weight=0.66677720844745636 12.079022839665411 5.1531963385641566 11.938852710649369 11.060006581246851 2.1205419432371881 41.190531186759472 3.3943771328777137 1.8248196355998505 3.3927766978740674 5.0003537014126778 5.3796623349189785 1.1384588256478312 20.128556404262781 19.523530082777143
leaf_count=3 66 26 376 64 27 2018 44 19 30 34 29 15 139 384
internal_value=-0.00121333 -0.0209466 -0.00347758 0.0337948 0.0256495 -0.041909 0.00682386 0.00144025 0.00557618 0.0244524 0.0139241 -0.0179897 0.0180015 -0.00133677
internal_weight=143.991 92.0852 50.2279 51.9062 40.8462 41.8573 38.2891 33.1359 31.311 8.39313 28.7672 3.259 25.5082 22.9179
internal_count=3274 2934 913 340 276 2021 537 511 492 64 210 42 168 428
is_linear=0
shrinkage=0.05


Tree=32
num_leaves=15
num_cat=0
split_feature=3 2 6 4 3 0 2 3 0 2 0 7 2 3
split_gain=43.5668 10.2823 4.33981 4.27777 3.56924 3.60207 9.35053 3.27759 3.4579 3.0425 2.83693 4.11345 3.76731 3.49634
threshold=3.6500000000000008 6.6500000000000012 1.0000000180025095e-35 3.7450000000000006 2.8500000000000001 5.5000000000000009 3.8500000000000001 5.6500000000000012 7.5000000000000009 4.4500000000000011 3.5000000000000004 1.0000000180025095e-35 4.8500000000000005 4.4500000000000011
decision_type=2 2 2 8 2 2 2 2 2 2 2 2 2 2
left_child=3 2 7 -1 -5 6 -6 8 9 -2 13 12 -12 -4
right_child=1 -3 10 4 5 -7 -8 -9 -10 -11 11 -13 -14 -15
leaf_value=0.073968165772210367 -0.057146563714467427 0.04886639500733618 0.09778447605261438 -0.047837967875309327 -0.036716612243856521 -0.036781786645488368 0.098149761088169349 0.027729048334289044 -0.038120965068847545 0.018385403818894572 -0.0087767230917053362 -0.068677509910595236 0.029545958466470713 0.017100330724674546
leaf_weight=0.85534131526947021 1.6137731075286916 24.545632496476173 2.5098572373390189 34.143945015966892 3.4431002009659997 9.9877867680042964 2.0506239794194698 5.517526112496852 9.0968957804143411 7.6696115210652351 8.7873356062918884 1.3888004757463921 23.734042080119252 2.8873114883899689
leaf_count=4 40 136 18 1700 149 442 25 34 241 48 176 16 188 14
internal_value=0.000111187 0.0214015 0.0107355 -0.0368978 -0.0388086 -0.0188948 0.0136245 -0.00606748 -0.0162128 0.00525534 0.0209513 0.0155924 0.0191911 0.0546211
internal_weight=138.232 87.7508 63.2052 50.4808 49.6255 15.4815 5.49372 23.8978 18.3803 9.28338 39.3073 33.9102 32.5214 5.39717
internal_count=3231 911 775 2320 2316 616 174 363 329 88 412 380 364 32
is_linear=0
shrinkage=0.05


Tree=33
num_leaves=15
num_cat=0
split_feature=3 2 3 0 2 0 2 0 2 3 2 6 3 4
split_gain=45.3995 7.58626 4.84391 6.80812 6.70035 4.38622 4.22708 4.78185 3.23201 2.66099 2.47751 3.34603 2.25555 2.20442
threshold=3.8500000000000001 7.4500000000000011 2.8500000000000001 5.5000000000000009 3.8500000000000001 20.500000000000004 4.9500000000000011 7.5000000000000009 5.9500000000000011 5.1500000000000012 3.1500000000000008 1.0000000180025095e-35 6.5500000000000007 3.7450000000000006
decision_type=2 2 2 2 2 2 2 2 2 2 2 2 2 8
left_child=2 5 13 4 -4 6 -2 -8 9 -9 11 -5 -10 -1
right_child=1 -3 3 10 -6 -7 7 8 12 -11 -12 -13 -14 -15
leaf_value=0.068769706186757845 -5.2611787873195953e-05 0.063211018615479508 -0.015620412501354895 -0.050983267648866341 0.085365514823889807 -0.057656268618560207 0.046820614141165548 -0.040441827252596853 0.038925137829871628 0.010080154034552959 -0.047276441410574375 0.10931544785845236 0.0030303020978295035 -0.04977984041347578
leaf_weight=0.3968835175037384 20.809562094509602 10.079947233200071 4.3444751780480173 0.6808297149837006 2.6410607174038887 1.9175623953342427 18.705618839710951 3.695212183520197 13.766683518886568 8.8442979846149665 10.808906039223073 0.62383691407740116 6.4163129776716223 32.766977509483695
leaf_count=2 341 62 168 36 29 35 95 76 77 87 472 33 32 1723
internal_value=-0.000200946 0.0225125 -0.0368094 -0.016751 0.0225599 0.0169803 0.0189615 0.0266553 0.0151279 -0.00480794 -0.0394205 0.0256649 0.0275139 -0.0483611
internal_weight=136.498 84.2352 52.263 19.0991 6.98554 74.1552 72.2377 51.4281 32.7225 12.5395 12.1136 1.30467 20.183 33.1639
internal_count=3268 805 2463 738 197 743 708 367 272 163 541 69 109 1725
is_linear=0
shrinkage=0.05


Tree=34
num_leaves=15
num_cat=0
split_feature=3 2 0 3 0 2 2 3 0 2 3 6 4 4
split_gain=38.2603 6.91848 5.31962 5.04421 6.63759 5.04711 3.2682 3.08911 3.1011 2.46476 2.3136 3.11248 2.08285 2.00721
threshold=3.8500000000000001 6.7500000000000009 7.5000000000000009 2.8500000000000001 3.5000000000000004 3.6500000000000008 4.8500000000000005 5.6500000000000012 10.500000000000002 6.9500000000000011 4.4500000000000011 1.0000000180025095e-35 3.7450000000000006 3.7450000000000006
decision_type=2 2 2 2 2 2 2 2 2 2 2 2 8 8
left_child=3 2 6 13 5 12 10 8 -4 -6 11 -2 -5 -1
right_child=1 -3 7 4 9 -7 -8 -9 -10 -11 -12 -13 -14 -15
leaf_value=0.067522300181602338 -0.030397226528661222 0.045454764205275097 0.0044715246993027339 0.075914040721767592 -0.033747436214443101 0.10014803384862581 0.043071137872311191 0.017942954707990202 -0.034496026735399275 0.041715857383583646 -0.022489796525235344 0.052215462358172197 -0.05128218812760376 -0.047439181667269362
leaf_weight=0.38432320952415466 1.6265557855367676 21.723575711250305 11.765902655199172 0.43726642429828644 14.13112606666982 2.0113754589110613 16.564078811556101 14.004685461521147 9.0194860547780973 1.171764314174651 4.0263884887099266 3.8124407324939966 1.219310251995924 31.48868704773486
leaf_count=2 25 128 170 2 650 24 86 82 227 7 30 37 52 1703
internal_value=0.00021706 0.0212338 0.0125826 -0.0339029 -0.0134895 0.0469202 0.0296782 -0.00020809 -0.0124378 -0.0279691 0.00624094 0.0275098 -0.0177077 -0.046053
internal_weight=133.387 82.5431 60.8195 50.8439 18.9708 3.66795 26.0295 34.7901 20.7854 15.3029 9.46539 5.439 1.65658 31.873
internal_count=3225 785 657 2440 735 78 178 479 397 657 92 62 54 1705
is_linear=0
shrinkage=0.05


Tree=35
num_leaves=15
num_cat=0
split_feature=3 3 0 3 0 0 3 3 4 6 3 0 3 3
split_gain=33.8842 5.71264 5.36221 3.75525 3.98225 2.70719 4.87231 3.47373 1.89118 1.58422 1.56702 1.85672 1.23652 1.18047
threshold=3.6500000000000008 5.6500000000000012 1.5000000000000002 2.8500000000000001 5.5000000000000009 10.500000000000002 5.3500000000000005 5.4500000000000011 3.7450000000000006 1.0000000180025095e-35 7.3500000000000005 7.5000000000000009 2.9500000000000006 6.5500000000000007
decision_type=2 2 2 2 2 2 2 2 8 2 2 2 2 2
left_child=3 2 -2 8 12 7 9 -4 -1 -7 11 -3 -5 -13
right_child=1 10 5 4 -6 6 -8 -9 -10 -11 -12 13 -14 -15
leaf_value=0.06637820919344882 0.10546891883759478 0.055178157849916025 0.01723982637058959 -0.051551990668780093 -0.035347052658010192 -0.04977229348018905 0.062206424826783693 -0.033523039755261143 -0.047093447677026883 -0.011427896358370078 0.062233783022701689 0.032091342643173489 0.025914886947673427 0.0067327764931429477
leaf_weight=0.37171953916549683 1.3735569529235352 5.8876251429319444 33.822798935696483 0.5734456405043592 9.1847373563796264 4.403623500838874 1.8012722842395295 3.7430693283677092 30.176383173093203 6.9372236877679825 4.5592147558927527 13.200774002820255 5.0646036509424448 7.0350187271833411
leaf_count=2 8 36 385 25 449 131 25 19 1717 134 30 80 146 37
internal_value=-0.00096554 0.0180716 0.00798905 -0.0356926 -0.0150422 0.00534856 -0.0141838 0.0121818 -0.0457127 -0.0263169 0.0351861 0.0304655 0.0180357 0.0232754
internal_weight=128.135 82.7642 52.0815 45.3709 14.8228 50.708 13.1421 37.5659 30.5481 11.3408 30.6826 26.1234 5.63805 20.2358
internal_count=3224 885 702 2339 620 694 290 404 1719 265 183 153 171 117
is_linear=0
shrinkage=0.05


Tree=36
num_leaves=15
num_cat=0
split_feature=3 2 0 3 2 3 3 2 6 0 3 0 2 0
split_gain=33.6437 12.3506 5.93636 5.94625 4.13711 4.74259 3.87958 3.22247 3.26972 4.62863 3.95301 3.17779 2.47276 2.13648
threshold=3.1500000000000008 6.6500000000000012 7.5000000000000009 5.4500000000000011 4.7500000000000009 4.4500000000000011 4.7500000000000009 4.4500000000000011 1.0000000180025095e-35 2.5000000000000004 3.8500000000000001 10.500000000000002 4.1500000000000012 6.5000000000000009
decision_type=2 2 2 2 2 2 2 2 2 2 2 2 2 2
left_child=-1 2 4 11 5 7 -6 8 -2 -10 -11 12 -4 -8
right_child=1 -3 3 -5 6 -7 13 -9 9 10 -12 -13 -14 -15
leaf_value=-0.043421823780326295 -0.032984706214575915 0.04564684824373736 -0.051048862959864716 0.015962087086091644 0.08045371924022704 -0.066822491031864384 0.014362379005878704 0.10861885720126141 0.10882718009436548 -0.05149022599652528 0.045173217208580946 -0.044017603356954114 0.0024018820934092306 0.061765402796951634
leaf_weight=34.198113577440381 3.5845177229493856 23.749161712825298 2.6835908871144083 15.090904934331773 3.7760273460298803 2.3033269494771949 12.012619018554686 0.80586906522512514 1.3501577302813528 1.8870713524520395 2.4063423778861761 10.922513149678705 11.170905089005826 2.9633663743734351
leaf_count=1961 115 145 138 96 28 19 64 8 12 82 28 383 180 17
internal_value=-0.000913237 0.0144365 0.00399043 -0.00878058 0.0203676 -0.00211922 0.035162 0.0127336 0.00436018 0.0280798 0.00268702 -0.0238506 -0.00795143 0.0237422
internal_weight=128.904 94.7064 70.9572 39.8679 31.0893 12.3373 18.752 10.034 9.22809 5.64357 4.29341 24.777 13.8545 14.976
internal_count=3276 1315 1170 797 373 264 109 245 237 122 110 701 318 81
is_linear=0
shrinkage=0.05


Tree=37
num_leaves=15
num_cat=0
split_feature=3 2 3 0 2 0 2 2 6 0 3 0 3 2
split_gain=29.9184 7.29397 3.80959 3.75266 5.52138 3.12493 3.5811 2.34015 2.71205 2.29963 2.32861 2.14762 2.11987 2.21729
threshold=3.6500000000000008 6.9500000000000011 2.8500000000000001 5.5000000000000009 3.8500000000000001 17.500000000000004 4.9500000000000011 3.1500000000000008 1.0000000180025095e-35 7.5000000000000009 5.0500000000000007 10.500000000000002 4.9500000000000011 5.8500000000000005
decision_type=2 2 2 2 2 2 2 2 2 2 2 2 2 2
left_child=2 5 -1 4 -4 6 -2 8 -5 12 11 -11 -8 -14
right_child=1 -3 3 7 -6 -7 9 -9 -10 10 -12 -13 13 -15
leaf_value=-0.045994433625006458 -0.0052694717168462381 0.04344382478978958 -0.021459439382750481 -0.050834937418643568 0.081177642951712842 -0.028814146733228338 0.07087275122212422 -0.0451597269455844 0.096284926023095338 0.010306865458546435 0.018299369832710698 -0.055678363378380329 0.010260325523734824 0.05263627573116119
leaf_weight=28.475944735109806 21.265614194795489 18.68777971714735 3.424929240718483 0.58151053823530474 2.1222767531871796 5.2856277078390113 3.2075267136096981 7.5745080225169659 0.6790455300360918 2.6477256827056435 17.922743294388056 2.308019345626235 8.5229095667600614 4.8398400247097006
leaf_count=1745 393 117 148 36 25 115 18 390 36 30 121 51 38 30
internal_value=-0.00135951 0.0158676 -0.0354003 -0.0144245 0.0178079 0.00805945 0.0112696 -0.0346621 0.0284167 0.0201852 0.0099114 -0.0204242 0.0343703 0.0256084
internal_weight=127.546 84.6878 42.8582 14.3823 5.54721 66 60.7144 8.83506 1.26056 39.4488 22.8785 4.95575 16.5703 13.3627
internal_count=3293 913 2380 635 173 796 681 462 72 288 202 81 86 68
is_linear=0
shrinkage=0.05


Tree=38
num_leaves=15
num_cat=0
split_feature=3 2 0 0 2 3 0 2 0 2 3 2 2 3
split_gain=28.6639 5.95183 4.29079 3.97294 3.90931 3.6886 3.48455 4.54836 3.05958 2.56583 2.1554 3.49789 2.02617 2.01987
threshold=3.6500000000000008 7.4500000000000011 1.5000000000000002 21.500000000000004 4.9500000000000011 2.8500000000000001 5.5000000000000009 3.8500000000000001 7.5000000000000009 3.1500000000000008 5.0500000000000007 5.6500000000000012 7.3500000000000005 4.4500000000000011
decision_type=2 2 2 2 2 2 2 2 2 2 2 2 2 2
left_child=5 2 -2 4 -4 12 7 -7 10 -8 -6 -12 -1 -10
right_child=1 -3 3 -5 8 6 9 -9 13 -11 11 -13 -14 -15
leaf_value=-0.046140591736638516 0.10171493456258905 0.055745365308114692 -0.0053260826051815344 -0.057795258911231821 0.068580939580084391 -0.019617383314043717 0.035639476495877141 0.073512465842858005 -0.025560258674698851 -0.044706614431815735 -0.00080605022162176802 0.053960643975131367 0.096929766048319654 0.015862439553672301
leaf_weight=27.081487970426682 1.3174961432814587 8.8440581709146482 20.996274806559086 2.0587924420833579 4.3192837573587886 3.2455232273787251 1.1547621563076953 2.1995645854622126 3.2748253978788844 7.1225809175521135 5.6938595920801145 5.9749272018671036 0.24974918365478416 29.04282334074378
leaf_count=1745 8 62 414 40 23 141 64 25 61 381 24 39 1 229
internal_value=-0.000141609 0.0170166 0.0123038 0.0106531 0.0126865 -0.0342136 -0.0130622 0.0180028 0.0205157 -0.0334976 0.0384063 0.0272369 -0.0448332 0.011665
internal_weight=122.576 81.5223 72.6783 71.3608 69.302 41.0537 13.7224 5.44509 48.3057 8.27734 15.9881 11.6688 27.3312 32.3176
internal_count=3257 900 838 830 790 2357 611 166 376 445 86 63 1746 290
is_linear=0
shrinkage=0.05


Tree=39
num_leaves=15
num_cat=0
split_feature=3 2 3 0 2 6 0 0 3 2 6 7 5 2
split_gain=27.4733 6.99816 3.58654 5.15933 6.15539 3.30637 3.83055 2.75362 2.84915 2.23712 2.11235 2.07791 1.70448 1.76288
threshold=3.8500000000000001 6.0500000000000007 2.8500000000000001 5.5000000000000009 3.8500000000000001 1.0000000180025095e-35 14.500000000000002 10.500000000000002 5.5500000000000007 3.1500000000000008 1.0000000180025095e-35 1.0000000180025095e-35 3.7999999999999976 6.6500000000000012
decision_type=2 2 2 2 2 2 2 2 2 2 2 2 10 2
left_child=2 7 12 4 -4 6 -3 11 -9 10 -5 -2 13 -1
right_child=1 5 3 9 -6 -7 -8 8 -10 -11 -12 -13 -14 -15
leaf_value=-0.048910312190409463 0.013393597675938852 0.030523442473434068 -0.024752839668690445 -0.05082312825851576 0.068852166286684849 0.046014011520256082 -0.029452573095211911 -0.038130906383526252 0.01385141170011471 -0.046311467925265998 0.075181406107071511 -0.043751054012865283 0.053428687185105787 0.016850285884137707
leaf_weight=24.811808552593 32.170643860474229 9.7563933953642827 3.8836591038852957 0.57354874163865932 3.2062478177249432 20.728388693183661 3.6612894330173722 6.8412486249580962 4.2883133366703987 9.2571542020887119 0.79176618717610836 1.6735547520220269 0.43646306172013183 1.0627895593643177
leaf_count=1729 313 59 168 36 33 129 26 217 35 493 37 15 4 10
internal_value=-0.00118624 0.0164302 -0.032847 -0.0154531 0.0175779 0.0334961 0.0141578 0.00347307 -0.0181017 -0.0374994 0.0222488 0.0105679 -0.0445564 -0.0462092
internal_weight=123.143 79.1198 44.0234 17.7124 7.08991 34.1461 13.4177 44.9738 11.1296 10.6225 1.36531 33.8442 26.3111 25.8746
internal_count=3304 794 2510 767 201 214 85 580 252 566 73 328 1743 1739
is_linear=0
shrinkage=0.05


Tree=40
num_leaves=15
num_cat=0
split_feature=3 4 0 3 3 0 6 0 3 0 0 3 0 0
split_gain=27.5336 4.11032 3.82741 6.58125 3.19228 2.75495 2.17519 2.32358 1.9797 1.77415 2.9975 2.34045 1.63174 1.57787
threshold=3.1500000000000008 7.035000000000001 7.5000000000000009 3.9500000000000006 7.3500000000000005 22.500000000000004 1.0000000180025095e-35 13.500000000000002 5.6500000000000012 14.500000000000002 15.500000000000002 5.6500000000000012 9.5000000000000018 18.500000000000004
decision_type=2 10 2 2 2 2 2 2 2 2 2 2 2 2
left_child=-1 2 8 -4 5 6 7 12 -2 -8 -11 13 -5 -12
right_child=1 -3 3 4 -6 -7 9 -9 -10 10 11 -13 -14 -15
leaf_value=-0.04209364274622767 0.022521293511047834 -0.075102974544278028 -0.038315618785946165 -0.011928380682237491 0.060056001417832676 -0.059093596144236295 0.013655313811374893 -0.030303834061268211 0.053071545161199433 0.099183668548411971 -0.056800673182926843 0.051443411683976474 0.026011795985289424 0.032296550820347408
leaf_weight=28.735982556827366 28.218834778293967 1.277065735310315 6.9722122680395833 4.8348264247179049 3.4388960450887671 1.3946150373667467 20.655899675562981 5.041218187659978 6.5299542546272269 1.7644035834819067 1.14511532522738 3.0018832236528397 6.8478636313229799 0.87785490043461312
leaf_count=1940 357 13 353 56 26 26 184 80 47 19 23 21 85 18
internal_value=0.000629621 0.013974 0.0152279 0.00713629 0.0136033 0.0100973 0.012282 -0.00193224 0.0282623 0.0209435 0.0431175 0.0234306 0.0103104 -0.0181375
internal_weight=120.737 92.0006 90.7236 55.9748 49.0026 45.5637 44.1691 16.7239 34.7488 27.4452 6.78926 5.02485 11.6827 2.02297
internal_count=3248 1308 1295 891 538 512 486 221 404 265 81 62 141 41
is_linear=0
shrinkage=0.05


Tree=41
num_leaves=15
num_cat=0
split_feature=3 2 2 4 2 2 2 2 4 3 3 3 6 2
split_gain=25.3143 9.05654 2.21862 2.09719 2.2452 3.69481 2.26702 1.9762 1.97798 1.49935 1.23095 2.42863 1.07945 1.25096
threshold=3.1500000000000008 6.1500000000000012 7.4500000000000011 7.035000000000001 3.8500000000000001 3.9500000000000006 4.1500000000000012 6.6500000000000012 3.7450000000000006 5.9500000000000011 6.3500000000000005 4.3500000000000005 1.0000000180025095e-35 5.6500000000000012
decision_type=2 2 2 8 2 2 2 2 8 2 2 2 2 2
left_child=7 3 10 -2 -5 -6 -7 8 -1 12 11 -3 13 -8
right_child=1 2 -4 4 5 6 9 -9 -10 -11 -12 -13 -14 -15
leaf_value=0.067353518201143478 0.071269257490651314 -0.00057363944862792976 0.054422568880607362 -0.032525271991265259 0.09583664150521258 -0.052162825284201242 -0.016744062569089512 0.029193843218199979 -0.047155783839042724 0.043082105328881591 0.01241861223124139 0.048380556031983844 0.0058607658573797058 0.016388805538871797
leaf_weight=0.38253134489059448 0.99840536713600159 3.466997247189286 8.5261743366718274 5.3886688463389865 1.0154245784506191 2.0371584314852944 13.906298323534431 0.9145905151963224 26.661765481345363 2.0925463214516631 10.991515405476092 9.4094354845583421 28.144758718088269 3.5827791457995763
leaf_count=2 5 35 65 304 43 77 268 8 1942 13 64 56 344 38
internal_value=-0.00155823 0.0114076 0.0325294 -0.000561359 -0.00183818 0.00141834 -0.000508269 -0.0430915 -0.0455361 0.00169656 0.0247086 0.0351996 -0.00020118 -0.00995653
internal_weight=117.519 89.5602 32.3941 57.166 56.1676 50.779 49.7635 27.9589 27.0443 47.7264 23.8679 12.8764 45.6338 17.4891
internal_count=3264 1312 220 1092 1087 783 740 1952 1944 663 155 91 650 306
is_linear=0
shrinkage=0.05


Tree=42
num_leaves=15
num_cat=0
split_feature=3 2 6 0 3 2 2 0 3 0 3 0 0 2
split_gain=23.4217 8.76306 4.10206 3.52804 2.99389 3.07255 2.79265 2.78517 3.16321 2.66348 2.38095 3.722 2.03951 3.39695
threshold=2.8500000000000001 6.6500000000000012 1.0000000180025095e-35 3.5000000000000004 3.8500000000000001 3.1500000000000008 4.4500000000000011 11.500000000000002 5.9500000000000011 6.5000000000000009 4.5500000000000007 7.5000000000000009 10.500000000000002 7.4500000000000011
decision_type=2 2 2 2 2 2 2 2 2 2 2 2 2 2
left_child=-1 2 6 -4 5 9 -2 10 -9 -5 11 -8 -3 -14
right_child=1 12 3 4 -6 -7 7 8 -10 -11 -12 -13 13 -15
leaf_value=-0.046799132263868656 -0.037360572544953771 0.055098797298961416 0.048070750759177272 -0.050977632263325273 0.011943897736145801 -0.041528551062501674 0.097123866788077162 -0.053816071742674235 0.034420877815896166 0.12439002736023429 -0.0017450951722667186 -0.015083990908178616 0.0023814145343602636 0.059494637281618218
leaf_weight=22.565804243087769 8.3463228642940539 9.8050590530037898 5.6874966844916335 0.34920352697372337 32.008881539106369 5.1237428141757846 1.6959027312696009 4.2803520783781996 1.331711061298847 0.56982496939599514 11.518586987629531 1.3098520617932079 6.9396293982863408 4.1666708514094353
leaf_count=1736 377 74 59 19 333 281 21 156 8 27 81 38 38 32
internal_value=-0.00109651 0.00997705 0.00172424 0.0113402 0.00585016 -0.0264287 -0.0130424 -0.00296276 -0.0328779 0.0577555 0.00859618 0.0482258 0.0384799 0.0238082
internal_weight=115.699 93.1332 72.2219 43.7391 38.0517 6.04277 28.4827 20.1364 5.61206 0.919028 14.5243 3.00575 20.9114 11.1063
internal_count=3280 1544 1400 719 660 327 681 304 164 46 140 59 144 70
is_linear=0
shrinkage=0.05


Tree=43
num_leaves=15
num_cat=0
split_feature=3 2 0 2 0 0 4 3 2 4 3 0 3 2
split_gain=21.7603 8.76424 4.34416 3.09615 3.90886 3.03546 2.9475 2.87479 2.26568 1.98663 1.48177 2.56058 1.4688 2.22074
threshold=2.8500000000000001 6.0500000000000007 1.5000000000000002 7.4500000000000011 9.5000000000000018 10.500000000000002 7.035000000000001 5.7500000000000009 4.2500000000000009 3.7450000000000006 4.5500000000000007 4.5000000000000009 3.9500000000000006 4.3500000000000005
decision_type=2 2 2 2 2 2 10 2 2 8 2 2 2 2
left_child=9 2 -2 4 -3 6 8 -7 -4 -1 11 -10 13 -13
right_child=1 3 5 -5 -6 7 -8 -9 10 -11 -12 12 -14 -15
leaf_value=0.067000465478456991 0.086058003032870173 0.045226579717927679 -0.015425606618794177 0.058535724381044131 0.0053996808877820428 -0.035823801355115099 -0.072434799355981364 0.023952997190029288 0.061146334416648053 -0.048536473989688494 0.0023870331768229194 0.083715416525582884 0.021126190812408522 -0.051752026187749003
leaf_weight=0.37870869040489197 1.3640968352556218 10.446669258177282 10.960824328474699 7.3717114105820647 15.01679636351764 11.073493218049405 1.2901990199461568 2.4577255696058264 3.4269442670047274 21.198412604629997 20.045702081173658 0.37001360021531438 7.1931646261364222 1.658749910071492
leaf_count=2 14 74 503 61 98 430 17 18 21 1734 138 17 86 69
internal_value=-0.00128605 0.0092428 -0.00214694 0.0300002 0.0217391 -0.00420451 0.002046 -0.0249663 0.00424721 -0.0465086 0.0108425 0.0242426 0.0105289 -0.027045
internal_weight=114.253 92.6761 59.8409 32.8352 25.4635 58.4768 44.9456 13.5312 43.6554 21.5771 32.6946 12.6489 9.22193 2.02876
internal_count=3282 1546 1313 233 172 1299 851 448 834 1736 331 193 172 86
is_linear=0
shrinkage=0.05


Tree=44
num_leaves=15
num_cat=0
split_feature=3 2 6 3 2 2 2 4 7 3 3 2 3 2
split_gain=18.3345 6.9225 4.00886 2.69287 2.47936 1.86632 1.62366 1.30229 1.22429 1.11447 3.05986 2.41506 1.43869 1.08438
threshold=3.6500000000000008 7.4500000000000011 1.0000000180025095e-35 2.8500000000000001 4.9500000000000011 6.6500000000000012 6.9500000000000011 3.7450000000000006 1.0000000180025095e-35 4.3500000000000005 5.1500000000000012 5.0500000000000007 5.7500000000000009 5.2500000000000009
decision_type=2 2 2 2 2 2 2 8 2 2 2 2 2 2
left_child=3 2 4 5 -2 -1 8 -5 9 13 11 -11 -12 -4
right_child=1 -3 6 7 -6 -7 -8 -9 -10 10 12 -13 -14 -15
leaf_value=-0.04711603437058913 -0.029610960306631819 0.057962253285113036 0.022465039184270667 0.073590372745101676 0.0022557296100682357 0.022178031460877115 0.049968560001052938 -0.017111444034027545 -0.03129867195478743 0.0052230935043787339 0.040743280547669597 -0.046279821677075915 0.011549733049966166 0.066568018132329043
leaf_weight=19.646071258932356 8.6480342643335479 7.3583229556679717 6.3652585940435511 0.40948489308357239 20.748065255582333 1.0222650468349446 3.4276108071207991 11.793823263607916 1.4328636527061451 8.3728900384157914 7.6258110739290741 3.125953644514083 9.4498050361871702 1.7844934333115814
leaf_count=1697 218 64 140 2 198 10 21 608 17 90 54 31 55 26
internal_value=-0.00135148 0.0117993 0.00701379 -0.0326923 -0.00711913 -0.0436887 0.0170043 -0.0140679 0.0140432 0.0158123 0.0111606 -0.00877794 0.0245873 0.032122
internal_weight=111.211 78.3391 70.9808 32.8716 29.3961 20.6683 41.5847 12.2033 38.1571 36.7242 28.5745 11.4988 17.0756 8.14975
internal_count=3231 914 850 2317 416 1707 434 610 413 396 230 121 109 166
is_linear=0
shrinkage=0.05


Tree=45
num_leaves=15
num_cat=0
split_feature=3 2 4 3 6 2 2 2 3 2 3 2 3 3
split_gain=18.4702 5.00393 3.33909 2.29836 2.17892 2.6108 1.9872 1.45379 2.09921 1.05463 0.999296 2.17666 0.800486 1.47364
threshold=3.6500000000000008 7.4500000000000011 3.7450000000000006 2.8500000000000001 1.0000000180025095e-35 4.4500000000000011 6.9500000000000011 3.9500000000000006 3.8500000000000001 3.7500000000000004 6.4500000000000011 6.1500000000000012 4.1500000000000012 3.7500000000000004
decision_type=2 2 8 2 2 2 2 2 2 2 2 2 2 2
left_child=2 4 -1 -4 5 -2 7 8 9 -6 11 12 13 -9
right_child=1 -3 3 -5 6 -7 -8 10 -10 -11 -12 -13 -14 -15
leaf_value=0.069409786174567625 -0.041629438549535401 0.051353786268864367 -0.046227600437394545 -0.018101466364664299 0.065692887117191609 0.002962101574116147 0.049898440984922472 0.054786255575345194 0.14240679515274032 -0.051031732523922305 -0.020481164984258442 0.03706901392988729 0.0088744031825556974 -0.033987419717754902
leaf_weight=0.77291032671928406 3.7705985223874476 7.2466018572449675 19.586327988654382 11.544554483145474 0.42150866799056419 25.358989329077303 3.6989160776138297 0.57145271729678215 0.51229830086231232 0.35776328016072512 2.5355048254132262 6.9864446949213734 26.237119637429714 2.5693939672783017
leaf_count=4 127 65 1739 614 13 283 23 14 14 19 14 46 237 69
internal_value=-0.00106658 0.0117249 -0.0332485 -0.0357973 0.00779205 -0.00280993 0.0148285 0.0116009 0.0637887 0.0121047 0.00986814 0.0119842 0.00601878 -0.0178357
internal_weight=112.17 80.2666 31.9038 31.1309 73.02 29.1296 43.8904 40.1915 1.29157 0.779272 38.8999 36.3644 29.378 3.14085
internal_count=3281 924 2357 2353 859 410 449 426 46 32 380 366 320 83
is_linear=0
shrinkage=0.05


Tree=46
num_leaves=15
num_cat=0
split_feature=3 2 6 0 2 0 3 2 0 7 2 2 3 3
split_gain=16.8766 4.83863 3.84622 4.32271 4.28066 3.45979 2.66263 2.3263 2.78148 2.21705 1.92047 1.74757 2.00459 1.82455
threshold=2.8500000000000001 7.4500000000000011 1.0000000180025095e-35 11.500000000000002 4.2500000000000009 20.500000000000004 5.9500000000000011 6.0500000000000007 16.500000000000004 1.0000000180025095e-35 6.6500000000000012 5.6500000000000012 6.5500000000000007 4.5500000000000007
decision_type=2 2 2 2 2 2 2 2 2 2 2 2 2 2
left_child=10 2 3 4 -2 7 -5 8 9 -4 -1 13 -13 -6
right_child=1 -3 5 6 11 -7 -8 -9 -10 -11 -12 12 -14 -15
leaf_value=-0.045633437232185409 -0.040149921676399608 0.050491725948046462 0.016654497130335174 -0.054759917071002674 0.026622737787536949 -0.059253285764652823 0.0089869839930964302 0.034956215227902612 -0.053267352032280516 -0.043754537547670405 0.026337651535532636 0.045054998048686824 -0.0051769497842061394 -0.013930749300399168
leaf_weight=18.253354452550415 4.6146226217970279 6.6928517147898665 31.618726009503007 6.1492578182369453 4.2999212397262472 1.5144138876348723 2.2328798919916153 13.687884502112864 1.6238132510334242 1.5954760694876302 0.97648215666413207 6.3472213856875879 2.890639953315258 7.8134856093674898
leaf_count=1719 281 62 558 228 91 29 12 83 55 24 9 39 19 62
internal_value=0.000583933 0.00957013 0.00632464 -0.00655949 0.00351848 0.0151684 -0.0377787 0.017491 0.0106289 0.0137527 -0.0419788 0.0129565 0.0293368 0.000464606
internal_weight=110.311 91.0812 84.3883 34.348 25.9659 50.0403 8.38214 48.5259 34.838 33.2142 19.2298 21.3513 9.23786 12.1134
internal_count=3271 1543 1481 732 492 749 240 720 637 582 1728 211 58 153
is_linear=0
shrinkage=0.05


Tree=47
num_leaves=15
num_cat=0
split_feature=3 2 0 0 2 4 0 3 7 0 2 3 2 0
split_gain=16.0294 7.73035 4.04466 3.23292 2.47801 2.2799 2.40626 3.16085 3.17647 2.13843 1.8126 1.72543 3.22738 1.40821
threshold=2.8500000000000001 6.0500000000000007 1.5000000000000002 9.5000000000000018 7.7500000000000009 7.035000000000001 3.5000000000000004 4.0500000000000007 1.0000000180025095e-35 17.500000000000004 6.6500000000000012 4.4500000000000011 3.8500000000000001 5.5000000000000009
decision_type=2 2 2 2 2 10 2 2 2 2 2 2 2 2
left_child=10 2 -2 -3 -5 6 11 13 9 -9 -1 12 -4 -8
right_child=1 3 5 4 -6 -7 7 8 -10 -11 -12 -13 -14 -15
leaf_value=-0.046459505480570179 0.090962937457234494 0.049492348808452984 -0.018708733277780162 0.0089597179470824444 0.057372598689127544 -0.071855506394106691 0.0040811910196861916 0.0068438577805739424 -0.071087570619170579 -0.052932338131938143 0.022041731778128171 -0.0024996594794601586 0.071102754064542237 -0.036803375598443662
leaf_weight=17.164439891465012 1.1497391015291203 11.75286226719618 1.4604648258537034 16.996682469733063 3.129870004951953 1.2030843188986171 2.6728785084560505 32.553631593473256 1.4651846438646305 1.5682355891913164 1.0232780203223217 3.8451866507530212 3.1746341567486525 9.9333419548347575
leaf_count=1705 12 95 56 114 29 15 114 375 14 57 10 19 24 620
internal_value=0.000243036 0.00881583 -0.0018995 0.0286558 0.0164884 -0.00374425 -0.00229836 -0.00662014 0.00100108 0.00409655 -0.0426055 0.0222622 0.0428042 -0.0281347
internal_weight=109.094 90.9058 59.0264 31.8794 20.1266 57.8766 56.6736 48.1933 35.5871 34.1219 18.1877 8.48029 4.6351 12.6062
internal_count=3259 1544 1306 238 143 1294 1279 1180 446 432 1715 99 80 734
is_linear=0
shrinkage=0.05


Tree=48
num_leaves=15
num_cat=0
split_feature=3 2 4 6 2 2 3 4 2 2 2 3 2 3
split_gain=14.8833 5.97506 2.44151 2.0319 2.37354 1.90374 2.1782 1.81187 1.80888 1.79734 1.64721 1.31658 1.31736 1.46897
threshold=2.8500000000000001 6.4500000000000011 7.035000000000001 1.0000000180025095e-35 4.4500000000000011 6.2500000000000009 5.9500000000000011 3.7450000000000006 6.6500000000000012 4.5500000000000007 7.7500000000000009 3.4500000000000006 4.2500000000000009 3.3500000000000001
decision_type=2 2 10 2 2 2 2 8 2 2 2 2 2 2
left_child=7 2 3 4 11 6 9 -1 -9 -6 -3 12 13 -2
right_child=1 10 -4 -5 5 -7 -8 8 -10 -11 -12 -13 -14 -15
leaf_value=0.067048119335499201 -0.037869145816722016 0.023747611242050184 -0.070291131902279119 0.0095454686940416155 0.072874831544401386 -0.06614839343472656 0.065159742418874983 -0.047486371673193674 0.02073655010046925 -0.004390794576243264 0.056557746933819597 -0.053305762292550497 0.076730839355010447 0.061296921645183203
leaf_weight=0.37923049926757812 2.2941518677398598 19.730436332523826 1.1742293126881111 39.35390898399055 0.79260477703065291 1.0015156045556057 1.3735723719000805 16.336402538232512 1.0330406874418248 14.933489670045672 4.7454064935445777 3.8052696650847793 0.38782157562673081 0.44605430308729399
leaf_count=2 155 138 18 691 24 9 8 1721 10 252 48 175 17 31
internal_value=0.000779026 0.00902811 0.00115823 0.00246123 -0.0086751 0.000853205 0.00477744 -0.0410683 -0.0434288 -0.00049656 0.0301089 -0.0335512 -0.00951972 -0.0217268
internal_weight=107.787 90.0385 65.5626 64.3884 25.0345 18.1012 17.0997 17.7487 17.3694 15.7261 24.4758 6.9333 3.12803 2.74021
internal_count=3299 1566 1380 1362 671 293 284 1733 1731 276 186 378 203 186
is_linear=0
shrinkage=0.05


Tree=49
num_leaves=15
num_cat=0
split_feature=3 2 0 0 2 0 2 3 2 3 2 3 0 2
split_gain=14.1291 4.67346 3.36464 2.72014 2.55721 2.1943 2.97647 3.17704 2.43441 2.6653 5.85548 1.99141 1.98574 1.71587
threshold=3.0500000000000003 7.4500000000000011 1.5000000000000002 21.500000000000004 3.8500000000000001 7.5000000000000009 5.6500000000000012 5.4500000000000011 5.3500000000000005 3.9500000000000006 4.0500000000000007 3.9500000000000006 4.5000000000000009 6.6500000000000012
decision_type=2 2 2 2 2 2 2 2 2 2 2 2 2 2
left_child=13 2 -2 4 -4 6 7 8 9 10 -6 -7 -12 -1
right_child=1 -3 3 -5 5 11 -8 -9 -10 -11 12 -13 -14 -15
leaf_value=-0.04290486084425213 0.082494280853467078 0.049172035821669291 -0.027872262030611907 -0.058061401831541459 0.18973836431905219 -0.031813247843299697 0.043873400992457408 -0.05338065150232818 0.065814528610753861 -0.00020321583878184004 0.060831502554195893 0.0036416890254325884 -0.052507486800619368 0.025517015691484797
leaf_weight=18.409082203172151 1.3586775381118048 6.2950037866830817 5.6526207998394957 1.7749432818964113 0.61631270963699991 4.3883510269224635 7.9612205848097792 1.9216880500316609 2.0309613775461903 14.06663072761148 0.82227323018014409 40.619794083759189 0.72915219701826572 0.96429166942834754
leaf_count=1871 13 64 363 44 17 212 59 8 11 112 8 473 25 9
internal_value=-0.000833713 0.00765565 0.00446628 0.00315069 0.00452932 0.00703291 0.0179828 0.0077723 0.0142062 0.00774984 0.0593579 0.000184788 0.00756347 -0.0394992
internal_weight=107.611 88.2376 81.9426 80.5839 78.809 73.1564 28.1482 20.187 18.2653 16.2344 2.16774 45.0081 1.55143 19.3734
internal_count=3289 1409 1345 1332 1288 925 240 181 173 162 50 685 33 1880
is_linear=0
shrinkage=0.05


Tree=50
num_leaves=15
num_cat=0
split_feature=3 2 0 0 3 2 2 0 7 3 4 4 2 3
split_gain=11.3231 5.07613 3.60703 3.11397 6.31662 2.87295 2.54427 2.33021 2.09494 2.04998 1.95605 1.89529 1.64899 1.83635
threshold=2.8500000000000001 6.0500000000000007 9.5000000000000018 10.500000000000002 5.4500000000000011 7.7500000000000009 6.6500000000000012 1.5000000000000002 1.0000000180025095e-35 4.7500000000000009 7.035000000000001 3.7450000000000006 4.8500000000000005 4.8500000000000005
decision_type=2 2 2 2 2 2 2 2 2 2 10 8 2 2
left_child=6 3 -3 7 -5 9 11 -2 10 -4 12 -1 -9 -14
right_child=1 2 5 4 -6 -7 -8 8 -10 -11 -12 -13 13 -15
leaf_value=0.066641450702531455 0.077893877917122878 0.044173552945744411 -0.03990347392361282 -0.052148047858193138 0.019665929257482964 0.05619636946543647 0.050708711578155888 -0.0031274303657727294 -0.047402053120809105 0.008526783360525772 -0.070247458427292006 -0.047213676052700645 0.046113289834221256 0.0078705363697872902
leaf_weight=0.37471604347229004 1.020710490643977 11.530830852687361 2.5953328562900486 8.011329233646391 4.9563997983932486 2.7377320006489745 0.73680381104350168 22.625808156095445 2.0868653897196046 13.820836458355187 0.86813206318765779 14.893764956854282 4.2202835464850095 12.252337478101252
leaf_count=2 12 100 34 399 43 29 7 651 33 79 15 1705 56 75
internal_value=-0.00139958 0.00573151 0.0220792 -0.00321936 -0.0247 0.00877811 -0.0400402 0.00324752 0.00143573 0.000870147 0.0039858 -0.0444195 0.00563406 0.0176683
internal_weight=102.732 86.7266 30.6847 56.0419 12.9677 19.1539 16.0053 43.0741 42.0534 16.4162 39.9666 15.2685 39.0984 16.4726
internal_count=3240 1526 242 1284 442 142 1714 842 830 113 797 1707 782 131
is_linear=0
shrinkage=0.05


Tree=51
num_leaves=15
num_cat=0
split_feature=3 2 0 0 2 3 0 2 2 0 2 2 2 4
split_gain=12.5276 4.23281 3.64152 2.65144 2.34664 1.67126 2.03361 1.60627 2.26298 9.12616 2.5895 1.62643 1.55035 0.963149
threshold=2.8500000000000001 5.9500000000000011 9.5000000000000018 16.500000000000004 7.7500000000000009 4.7500000000000009 15.500000000000002 3.8500000000000001 3.9500000000000006 5.5000000000000009 4.1500000000000012 3.4500000000000006 6.6500000000000012 3.7450000000000006
decision_type=2 2 2 2 2 2 2 2 2 2 2 2 2 8
left_child=12 3 -3 7 5 6 -4 11 9 -9 -10 13 -1 -2
right_child=1 2 4 -5 -6 -7 -8 8 10 -11 -12 -13 -14 -15
leaf_value=-0.045647765510751309 0.072894335340751709 0.044914156167907615 0.010434621314059686 -0.051488962801642647 0.055691772855437853 0.010208275453610097 -0.06953350042615733 0.22739002600589378 -0.052232885923716887 -0.051163283271765905 0.0055761121427000977 -0.050970488909665324 0.017600328244019744 -0.0091552712235367928
leaf_weight=14.490666142664848 0.39710576832294464 11.200925379991533 1.5781470667570894 2.4789206311106673 2.3968311250209799 14.363214626908301 1.6020755330100653 0.52983826026320346 2.0290736770257345 0.66072514560073614 42.764970269985497 2.7483084732666612 1.0383154861628998 3.6014370433986183
leaf_count=1711 2 98 13 140 27 82 28 7 88 35 573 184 9 252
internal_value=-7.388e-05 0.00736136 0.0221012 -0.000952576 0.00928658 0.00294658 -0.0298503 0.00142315 0.00476579 0.0728017 0.00295749 -0.0213593 -0.0414188 -0.00100671
internal_weight=101.881 86.3516 31.1412 55.2104 19.9403 17.5434 3.18022 52.7315 45.9846 1.19056 44.794 6.74685 15.529 3.99854
internal_count=3249 1529 248 1281 150 123 41 1141 703 42 661 438 1720 254
is_linear=0
shrinkage=0.05


Tree=52
num_leaves=15
num_cat=0
split_feature=2 2 4 0 4 0 2 6 2 2 0 0 2 2
split_gain=8.82519 4.87412 2.92754 2.78398 2.21806 1.91276 5.46333 2.1312 1.63802 2.07925 1.74883 2.37767 3.57397 2.25575
threshold=4.1500000000000012 7.4500000000000011 3.7450000000000006 21.500000000000004 7.035000000000001 7.5000000000000009 4.7500000000000009 1.0000000180025095e-35 6.1500000000000012 5.8500000000000005 16.500000000000004 12.500000000000002 5.5500000000000007 5.5500000000000007
decision_type=2 2 8 2 10 2 2 2 2 2 2 2 2 2
left_child=2 3 -1 4 5 6 -2 -7 9 10 11 13 -13 -9
right_child=1 -3 -4 -5 -6 7 -8 8 -10 -11 -12 12 -14 -15
leaf_value=0.068886092028117921 -0.015938599256672164 0.05354683665219561 -0.031296093466015806 -0.057349027572330236 -0.071776729919463919 -0.012592656174444106 0.031905013812511034 0.012749850001275667 0.026568385829260091 -0.040938510526834129 -0.052584961815809177 0.0092347640609364758 0.12841534681184694 -0.047235627106734616
leaf_weight=0.75633092224597931 8.4745577257126588 5.6118190735578528 20.347132798749957 1.7353469510562707 0.88907115161418815 17.208589443471283 20.16503894329071 9.3510347018018418 9.5517191067337972 2.5463588498532763 1.105822896119206 1.6263876217417412 1.0257886033505199 1.882818218320607
leaf_count=4 151 66 2025 49 5 395 169 201 57 22 54 58 9 15
internal_value=0.00109976 0.0085885 -0.0277056 0.00524957 0.00672098 0.00767782 0.0177479 0.00116737 0.00990827 0.000834789 0.00792996 0.0127491 0.0553305 0.00269615
internal_weight=102.278 81.1744 21.1035 75.5625 73.8272 72.9381 28.6396 44.2985 27.0899 17.5382 14.9919 13.886 2.65218 11.2339
internal_count=3280 1251 2029 1185 1136 1131 320 811 416 359 337 283 67 216
is_linear=0
shrinkage=0.05


Tree=53
num_leaves=15
num_cat=0
split_feature=3 0 2 4 0 3 3 0 2 3 0 2 3 2
split_gain=10.018 3.40876 3.78288 2.30918 2.142 1.88584 1.79934 2.57037 1.78863 1.78289 1.6656 2.53891 1.59949 1.36417
threshold=3.6500000000000008 1.5000000000000002 6.6500000000000012 3.7450000000000006 13.500000000000002 6.6500000000000012 5.6500000000000012 15.500000000000002 7.3500000000000005 2.2500000000000004 10.500000000000002 6.1500000000000012 6.4500000000000011 4.1500000000000012
decision_type=2 2 2 8 2 2 2 2 2 2 2 2 2 2
left_child=3 -2 6 -1 5 -4 7 13 -7 -5 11 -11 -6 -3
right_child=1 2 4 9 12 8 -8 -9 -10 10 -12 -13 -14 -15
leaf_value=0.06933970302762299 0.092649568888791112 -0.034972414734853963 0.062402520444017354 -0.047458829737773447 -0.017769202946307662 -0.0055176129009006673 0.014245034653229363 -0.052550829750114963 0.055254169475655104 -0.017754364653250868 -0.051971632256213568 0.073385407539129158 0.032839549486627172 0.00047260981640353383
leaf_weight=0.58251598477363586 1.1548099666833866 2.9411782268434754 5.1943119466304797 10.142263405490672 3.5795633830130091 2.9533869177103043 15.835991580039261 2.721746942959725 2.0519683510065079 10.461172435432669 3.1987271527759722 0.82435272634029466 2.7689167410135269 35.228727914392948
leaf_count=3 9 139 44 1213 22 22 97 131 27 853 282 5 23 389
internal_value=-0.00181198 0.00741473 0.00607144 -0.0290542 0.0271055 0.0412977 -6.44566e-05 -0.00560605 0.0193961 -0.0313816 -0.0201239 -0.011097 0.00430402 -0.0022586
internal_weight=99.6396 74.4306 73.2758 25.209 16.5481 10.1997 56.7276 40.8917 5.00536 24.6265 14.4843 11.2855 6.34848 38.1699
internal_count=3259 903 894 2356 138 93 756 659 49 2353 1140 858 45 528
is_linear=0
shrinkage=0.05


Tree=54
num_leaves=15
num_cat=0
split_feature=3 2 0 0 2 3 7 0 6 3 3 0 2 3
split_gain=11.1826 4.52695 2.77838 2.31499 2.55074 2.15373 1.93119 2.04761 1.97394 1.71659 2.08526 2.20962 3.50984 2.9708
threshold=2.8500000000000001 7.4500000000000011 21.500000000000004 1.5000000000000002 5.9500000000000011 6.5500000000000007 1.0000000180025095e-35 16.500000000000004 1.0000000180025095e-35 5.1500000000000012 4.9500000000000011 10.500000000000002 4.8500000000000005 3.2500000000000004
decision_type=2 2 2 2 2 2 2 2 2 2 2 2 2 2
left_child=-1 2 3 -2 6 -6 7 8 -5 10 11 12 13 -10
right_child=1 -3 -4 4 5 -7 -8 -9 9 -11 -12 -13 -14 -15
leaf_value=-0.039330853996282639 0.074115215981720176 0.054950173850009457 -0.057001570409996587 -0.0091410930546707188 0.02870781942710661 -0.0041712089880660518 -0.046973257643315211 -0.051751783732567939 0.065259380086494512 0.031596284873608674 -0.040774019360668178 -0.032825740068381175 0.056987934952877788 -0.0053384857645248449
leaf_weight=14.22400650102645 1.2671016175299872 4.9539094120264044 1.7287535592913617 18.665464770048857 17.46537848003209 6.9677901268005362 2.1193868191912761 1.7275249725207675 1.7100967383012307 7.8850347585976115 2.2872102428227654 2.6577802738174787 4.0338482279330483 11.586045662872491
leaf_count=1730 15 63 51 548 128 47 40 109 96 46 18 121 43 242
internal_value=0.00170387 0.0085662 0.00569756 0.00708059 0.00597899 0.0193315 -0.000214832 0.00174547 0.00363829 0.0115472 0.00445012 0.00962513 0.0161355 0.00374153
internal_weight=99.2793 85.0553 80.1014 78.3727 77.1056 24.4332 52.6724 50.553 48.8255 30.16 22.275 19.9878 17.33 13.2961
internal_count=3297 1567 1504 1453 1438 175 1263 1223 1114 566 520 502 381 338
is_linear=0
shrinkage=0.05


Tree=55
num_leaves=15
num_cat=0
split_feature=3 2 0 2 7 0 6 2 2 0 4 0 3 2
split_gain=11.5874 3.65865 2.99723 2.89598 2.06828 2.01214 1.83043 1.76307 1.86995 2.59915 1.73144 1.65336 2.26919 2.37891
threshold=2.8500000000000001 7.4500000000000011 3.5000000000000004 5.6500000000000012 1.0000000180025095e-35 7.5000000000000009 1.0000000180025095e-35 5.4500000000000011 3.1500000000000008 6.5000000000000009 3.7450000000000006 8.5000000000000018 5.3500000000000005 4.4500000000000011
decision_type=2 2 2 2 2 2 2 2 2 2 8 2 2 2
left_child=10 2 -2 4 6 -5 11 8 9 -8 -1 12 13 -4
right_child=1 -3 3 5 -6 -7 7 -9 -10 -11 -12 -13 -14 -15
leaf_value=0.064761282922504035 0.028295383976808239 0.046194654737573462 -0.033693955516263335 0.039994803684528346 -0.064294894418558499 0.0050699091313314857 -0.050858001429444681 0.037090802919332082 -0.0075791172350897912 0.13406401390541839 -0.047647656007016065 -0.042837858034804839 -0.08569268104030342 0.025690317081688813
leaf_weight=0.35195997357368469 10.243558571673928 5.2471080943942061 2.8110908530652505 4.8963516205549267 1.6805549478158344 26.147817450575531 0.29316238220781698 2.9770492399111381 18.389392429031432 0.54007876571267843 12.836022289935496 5.6020193300209939 0.82566793262958516 4.21537702716887
leaf_count=2 125 67 167 43 40 200 18 27 461 26 1701 312 4 50
internal_value=-0.00108027 0.00577047 0.00307263 -0.000705905 -0.0100889 0.0105783 -0.00753393 0.00128566 -0.00425956 0.0690022 -0.0446477 -0.0220865 -0.0072816 0.00193235
internal_weight=97.0572 83.8692 78.6221 68.3786 37.3344 31.0442 35.6538 22.1997 19.2226 0.833241 13.188 13.4542 7.85214 7.02647
internal_count=3243 1540 1473 1348 1105 243 1065 532 505 44 1703 533 221 217
is_linear=0
shrinkage=0.05


Tree=56
num_leaves=15
num_cat=0
split_feature=3 2 0 0 2 0 0 3 4 2 0 0 2 3
split_gain=8.89343 3.56198 2.54106 2.30855 2.56522 3.04184 2.04909 1.6821 1.40247 1.51577 1.3232 1.77927 2.9886 1.31436
threshold=3.0500000000000003 7.4500000000000011 1.5000000000000002 21.500000000000004 5.4500000000000011 10.500000000000002 7.5000000000000009 6.5500000000000007 3.7450000000000006 6.6500000000000012 19.500000000000004 13.500000000000002 6.4500000000000011 5.3500000000000005
decision_type=2 2 2 2 2 2 2 2 8 2 2 2 2 2
left_child=8 2 -2 4 5 13 -6 10 -1 -10 11 12 -8 -4
right_child=1 -3 3 -5 6 -7 7 -9 9 -11 -12 -13 -14 -15
leaf_value=0.063835621560647704 0.081588763848066223 0.04563112508899788 -0.0024640312938767578 -0.056700790877220311 0.032528876149248979 -0.041912355571737114 0.0028335842874637092 -0.019345200966768103 -0.043295156727700637 0.019714449357414846 0.050483098176102081 -0.014686050808342017 0.054216340661692758 0.062347261123340707
leaf_weight=0.33952561020851135 0.99862767942249675 5.068378433585166 31.207972298376262 1.6772170746698964 9.130992040038107 5.2466738736256948 9.8930386845022529 5.5695559382438651 13.812061333097512 1.0253165625035769 1.9727836605161417 6.2041256800293914 3.9637400098144999 0.80237743258476157
leaf_count=2 10 67 669 49 69 309 63 32 1845 10 17 74 27 5
internal_value=-0.00149145 0.00503537 0.00235163 0.0013059 0.00262079 -0.0066235 0.0119966 0.00520468 -0.0366417 -0.038941 0.0114103 0.00756786 0.0175317 -0.000839459
internal_weight=96.9124 81.7355 76.6671 75.6685 73.9913 37.257 36.7342 27.6032 15.1769 14.8374 22.0337 20.0609 13.8568 32.0103
internal_count=3248 1391 1324 1314 1265 983 282 213 1857 1855 181 164 90 674
is_linear=0
shrinkage=0.05


Tree=57
num_leaves=15
num_cat=0
split_feature=3 2 0 3 0 7 0 3 3 3 2 2 2 4
split_gain=9.63349 3.158 2.80685 2.83836 2.32295 1.95658 1.89998 1.81461 2.8102 1.738 3.97698 3.40455 1.47738 1.52618
threshold=2.9500000000000006 6.7500000000000009 3.5000000000000004 4.0500000000000007 13.500000000000002 1.0000000180025095e-35 5.5000000000000009 3.2500000000000004 3.4500000000000006 3.9500000000000006 3.6500000000000008 4.7500000000000009 6.6500000000000012 3.7450000000000006
decision_type=2 2 2 2 2 2 2 2 2 2 2 2 2 8
left_child=12 2 9 6 -3 -5 7 -4 -9 10 -2 -11 13 -1
right_child=1 4 3 5 -6 -7 -8 8 -10 11 -12 -13 -14 -15
leaf_value=0.062980016186969412 -0.016247325337391347 0.043527478762756561 -0.052346259034537962 0.0047179063089545755 0.0038401244948832094 -0.055358773163211743 -0.036037720943427241 0.14042034508495504 -0.0027988722982987321 -0.030755474396222643 0.096448173618024199 0.041548290731962534 0.018574956274243704 -0.046421464962845611
leaf_weight=0.32724252343177795 1.2336710253730401 8.850737124681471 0.67265519686043207 43.86996953189373 6.3196506910026065 1.3984741289168585 8.7060392238199693 0.52109227329492547 0.99943306297063828 2.8018734119832516 2.1422854149714112 3.886306494474411 1.0335851088166226 12.337683723773804
leaf_count=2 50 93 33 495 50 17 597 29 39 17 24 25 10 1799
internal_value=-0.000111037 0.00641709 0.00170381 -0.00265323 0.0269946 0.00286196 -0.0255598 0.0160332 0.0462831 0.0260203 0.055266 0.0112581 -0.0389038 -0.0435947
internal_weight=95.1007 81.4022 66.2318 56.1677 15.1704 45.2684 10.8992 2.19318 1.52053 10.0641 3.37596 6.68818 13.6985 12.6649
internal_count=3280 1469 1326 1210 143 512 698 101 68 116 74 42 1811 1801
is_linear=0
shrinkage=0.05


Tree=58
num_leaves=15
num_cat=0
split_feature=3 2 0 7 2 3 3 2 2 0 3 3 2 5
split_gain=9.24697 3.27887 2.54023 2.18654 2.07754 2.71515 1.90476 1.80519 1.64269 1.62122 2.04904 2.03244 1.59588 1.43341
threshold=2.8500000000000001 7.4500000000000011 3.5000000000000004 1.0000000180025095e-35 3.6500000000000008 3.9500000000000006 3.9500000000000006 2.9500000000000006 4.7500000000000009 5.5000000000000009 3.2500000000000004 3.4500000000000006 6.6500000000000012 3.7999999999999976
decision_type=2 2 2 2 2 2 2 2 2 2 2 2 2 10
left_child=12 2 4 6 -2 -6 7 -4 -7 10 -9 -12 13 -1
right_child=1 -3 3 -5 5 8 -8 9 -10 -11 11 -13 -14 -15
leaf_value=-0.050425577270485737 -0.037301999241863636 0.044866209274104951 0.094692097146872878 -0.052038259475923054 0.081123347732279666 -0.0093981429299064834 0.0045068106577806034 -0.052404210940737911 0.039926099067491498 -0.032957376383286656 0.10696754505148319 -0.00014713912478607873 0.017510644994584112 0.053763662131549234
leaf_weight=10.750981195829805 1.158958832733332 4.8712755441665641 0.34352109208702941 2.0304546914994708 2.2723557855933887 3.0346597954630852 54.417245296761394 0.85822439286857788 3.8039265796542168 8.1048135887831432 0.71780517883598793 1.1561444168910382 1.0413801483809937 0.34057288896292526
leaf_count=1708 61 69 24 45 25 17 602 40 26 572 30 39 10 4
internal_value=-0.000905334 0.00507024 0.00258164 -0.000936896 0.0257515 0.0337722 0.00064485 -0.0181519 0.0180382 -0.0217289 0.0115795 0.0408825 -0.0416699 -0.0472264
internal_weight=94.9023 82.7694 77.8981 67.6282 10.2699 9.11094 65.5978 11.1805 6.83859 10.837 2.73217 1.87395 12.1329 11.0916
internal_count=3272 1550 1481 1352 129 68 1307 705 43 681 109 69 1722 1712
is_linear=0
shrinkage=0.05


Tree=59
num_leaves=15
num_cat=0
split_feature=3 4 3 7 0 0 3 0 3 4 3 0 6 3
split_gain=8.38788 2.35072 2.08617 2.40644 2.27343 1.92808 1.80192 2.33726 1.6811 1.23918 1.21648 0.745473 1.10375 1.18057
threshold=2.9500000000000006 7.035000000000001 7.3500000000000005 1.0000000180025095e-35 18.500000000000004 1.5000000000000002 4.1500000000000012 3.5000000000000004 4.8500000000000005 3.7450000000000006 5.9500000000000011 8.5000000000000018 1.0000000180025095e-35 5.1500000000000012
decision_type=2 10 2 2 2 2 2 2 2 8 2 2 2 2
left_child=9 2 3 4 5 -2 7 -7 -6 -1 -10 12 -8 -14
right_child=1 -3 -4 -5 8 6 11 -9 10 -11 -12 -13 13 -15
leaf_value=0.061549789205903128 0.078337920515121034 -0.065971785865644325 0.055144650504686782 -0.048064051197678148 -0.067825944053074169 0.033656219163472251 0.0067989715663027087 -0.015607986707050126 0.032109377735110696 -0.040511820388142376 -0.027901903762515074 0.0073963555763247903 0.015505682619399164 0.044156006352422734
leaf_weight=0.30487442016601562 1.0057025719434012 1.1150953257456411 2.1996910013258448 2.0220027547329655 1.572602817788719 2.9701292775571337 10.318278443068266 12.711960298940538 1.3309808047488334 12.141529516316947 2.3101958781480789 27.757164740003645 8.1346040628850442 6.4439151659607896
leaf_count=2 11 15 33 44 82 60 88 681 27 1788 17 304 57 47
internal_value=0.000168083 0.00611612 0.00713653 0.00575749 0.00721718 0.00961132 0.00859987 -0.00627753 -0.0246242 -0.0380118 -0.00596563 0.0130308 0.0193127 0.0281695
internal_weight=92.3387 79.8923 78.7772 76.5775 74.5555 69.3418 68.3361 15.6821 5.21378 12.4464 3.64118 52.654 24.8968 14.5785
internal_count=3256 1466 1451 1418 1374 1248 1237 741 126 1790 44 496 192 104
is_linear=0
shrinkage=0.05


Tree=60
num_leaves=15
num_cat=0
split_feature=3 2 0 6 0 3 0 2 4 2 7 3 0 4
split_gain=7.94463 3.27171 2.91793 3.22134 2.10449 1.88104 2.24384 1.80784 1.73622 1.4398 1.39978 1.36666 2.88874 1.29822
threshold=2.9500000000000006 6.1500000000000012 7.5000000000000009 1.0000000180025095e-35 1.5000000000000002 6.0500000000000007 17.500000000000004 6.6500000000000012 7.035000000000001 6.6500000000000012 1.0000000180025095e-35 5.3500000000000005 10.500000000000002 3.7450000000000006
decision_type=2 2 2 2 2 2 2 2 10 2 2 2 2 8
left_child=9 4 -3 7 -2 6 8 -4 10 13 11 12 -6 -1
right_child=1 2 3 -5 5 -7 -8 -9 -10 -11 -12 -13 -14 -15
leaf_value=0.060860335855355163 0.067969850248810457 0.05559109790376382 -0.049901452392503626 0.029934486390743881 0.0029926558853984402 0.067198121616379905 -0.053267841007274865 0.0026814320800556905 -0.065488163707078523 0.018829897810289403 -0.041851959266027125 0.017956157227609206 -0.035563275972417548 -0.04577807176577528
leaf_weight=0.29320722818374634 1.0879924278706301 4.8684496656060245 2.1666958974674344 11.495842381380498 32.797843286301941 0.95773638039827247 2.1728754877112797 6.6560196299105883 1.0355053222738195 1.0317282490432251 1.9293523961678136 10.08780015259981 5.7027999288402489 10.723746106959876
leaf_count=2 12 58 21 96 716 6 122 52 15 10 38 64 287 1762
internal_value=0.00022939 0.00586687 0.0208239 0.0124934 -0.000887823 -0.00225782 -0.00349596 -0.010232 -0.00139816 -0.0376506 -8.44582e-05 0.00157405 -0.00271833 -0.04294
internal_weight=93.0076 80.9589 25.187 20.3186 55.7719 54.6839 53.7262 8.82272 51.5533 12.0487 50.5178 48.5884 38.5006 11.017
internal_count=3261 1487 227 169 1260 1248 1242 73 1120 1774 1105 1067 1003 1764
is_linear=0
shrinkage=0.05


Tree=61
num_leaves=15
num_cat=0
split_feature=3 2 0 0 7 3 3 3 0 3 2 0 2 2
split_gain=6.25218 4.27634 2.60323 2.27322 1.74351 1.58851 1.66934 2.85194 2.48467 1.55781 3.89994 2.35806 2.76295 1.68443
threshold=2.8500000000000001 6.6500000000000012 13.500000000000002 3.5000000000000004 1.0000000180025095e-35 6.5500000000000007 5.1500000000000012 4.8500000000000005 10.500000000000002 4.4500000000000011 4.8500000000000005 6.5000000000000009 4.6500000000000012 5.7500000000000009
decision_type=2 2 2 2 2 2 2 2 2 2 2 2 2 2
left_child=-1 3 -3 -2 5 6 7 8 9 13 11 -11 -13 -5
right_child=1 2 -4 4 -6 -7 -8 -9 -10 10 -12 12 -14 -15
leaf_value=-0.037396801465013577 0.019517815525492112 0.043236749608668842 0.0016350002213075081 -0.001098671755164302 -0.054327097996182183 -0.055281979574219681 0.0077803821307136133 -0.050535658858148626 -0.034389557035116335 -0.056255747468731389 0.095742488290301644 0.071519961983668723 -0.022600239614269924 -0.073331219942283712
leaf_weight=10.51723316637799 10.226250585168598 9.5953190773725492 6.183721598237752 13.816201429814107 1.8174330950714637 1.4967949166893948 21.014166814275086 3.8904276164248577 5.5287591833621255 1.2572072446346272 1.4675731360912321 1.5726985000073912 1.5464693158864973 0.8571723513305195
leaf_count=1714 131 104 49 569 46 8 157 54 364 13 12 18 21 8
internal_value=-0.00114752 0.00360196 0.0269332 -0.0021065 -0.00618161 -0.00451325 -0.0030218 -0.0106045 -0.00464008 0.00337645 0.0252077 0.00155463 0.0248556 -0.00531827
internal_weight=90.7874 80.2702 15.779 64.4912 54.2649 52.4475 50.9507 29.9365 26.0461 20.5173 5.84395 4.37638 3.11917 14.6734
internal_count=3268 1554 153 1401 1270 1224 1216 1059 1005 641 64 52 39 577
is_linear=0
shrinkage=0.05


Tree=62
num_leaves=15
num_cat=0
split_feature=3 2 0 0 2 0 4 4 3 0 3 2 3 3
split_gain=6.82118 2.79261 1.82975 1.5798 1.8742 2.09444 1.26201 1.1625 1.12927 0.936986 1.72824 3.33098 0.988357 1.10914
threshold=2.8500000000000001 7.7500000000000009 21.500000000000004 1.5000000000000002 5.2500000000000009 9.5000000000000018 3.7450000000000006 7.035000000000001 5.1500000000000012 7.5000000000000009 4.9500000000000011 5.8500000000000005 3.9500000000000006 6.5500000000000007
decision_type=2 2 2 2 2 2 8 10 2 2 2 2 2 2
left_child=6 2 3 -2 5 7 -1 -5 -7 10 -6 -12 -11 -14
right_child=1 -3 -4 4 9 8 -8 -9 -10 12 11 -13 13 -15
leaf_value=0.060608484934544009 0.061240445223107079 0.053705989761553177 -0.05687709984887538 0.00047007453474807 0.0523624425927127 -0.034181456369714217 -0.045463706660955804 -0.061720818884012985 0.042055323676850304 -0.033359346496354976 -0.02302086823293796 0.042241674927796305 0.010141764900826982 -0.013170495351180365
leaf_weight=0.28879287838935852 1.0679093226790417 2.4803980141878119 1.39760207151994 24.796781708486382 2.9570710547268373 8.2744992137886548 9.6649015410803223 0.77489723218604822 0.51604096777737218 1.7915048003196741 4.1786568984389305 3.6743918843567371 22.68438194971532 6.5827828459441653
leaf_count=2 14 41 47 594 24 432 1733 15 9 56 21 42 191 45
internal_value=-0.00332082 0.00146926 -0.000177163 0.000848 1.97071e-06 -0.00865203 -0.0423862 -0.00141449 -0.029706 0.00710442 0.0197829 0.00751506 0.00269161 0.00489836
internal_weight=91.1306 81.1769 78.6965 77.2989 76.231 34.3622 9.95369 25.5717 8.79054 41.8688 10.8101 7.85305 31.0587 29.2672
internal_count=3266 1531 1490 1443 1429 1050 1735 609 441 379 87 63 292 236
is_linear=0
shrinkage=0.05


Tree=63
num_leaves=15
num_cat=0
split_feature=3 0 3 2 2 0 2 0 2 2 0 2 0 2
split_gain=6.92716 2.58598 3.06473 2.06307 1.88528 2.2723 1.48125 1.60501 4.06173 1.31361 6.42328 2.00889 2.81974 1.26651
threshold=3.8500000000000001 7.5000000000000009 2.1500000000000008 7.3500000000000005 7.7500000000000009 21.500000000000004 5.6500000000000012 2.5000000000000004 3.6500000000000008 2.9500000000000006 5.5000000000000009 2.5500000000000003 6.5000000000000009 6.1500000000000012
decision_type=2 2 2 2 2 2 2 2 2 2 2 2 2 2
left_child=1 2 3 -1 5 13 7 8 -4 10 -9 -12 -13 -2
right_child=4 -3 6 -5 -6 -7 -8 9 -10 -11 11 12 -14 -15
leaf_value=-0.05040217308898054 0.0052450111588322528 -0.045173493060028616 -0.021902625627371004 0.097251759712494751 0.053500962239738818 -0.057066221760956749 0.063502860635470088 -0.050298217145755719 0.12877248067370697 -0.020985935833120237 0.37143257126732704 -0.050506995728766761 0.26735143028024649 0.020769770189349779
leaf_weight=4.4674839163199094 44.371151443105191 7.8485123091377309 1.0651621506549398 0.24980035424232472 2.4141629077494136 1.2950487188063551 1.0211330875754345 0.7307380288839338 0.77102664113044728 5.7305765100754797 0.1185754481703043 0.12548304302617908 0.15715421084314585 18.662529109045863
leaf_count=886 569 937 70 1 42 33 10 138 8 383 25 17 17 145
internal_value=0.00206321 -0.0220732 -0.00951513 -0.0425833 0.0101224 0.0084945 0.00653365 -0.000153902 0.0413668 -0.0112635 0.0379571 0.198699 0.126231 0.00984146
internal_weight=89.0285 22.2856 14.4371 4.71728 66.7429 64.3287 9.71985 8.69872 1.83619 6.86253 1.13195 0.401213 0.282637 63.0337
internal_count=3281 2492 1555 887 789 747 668 658 78 580 197 59 34 714
is_linear=0
shrinkage=0.05


Tree=64
num_leaves=15
num_cat=0
split_feature=3 7 4 0 3 3 3 3 6 0 0 4 0 3
split_gain=4.75862 2.13204 1.93985 1.86555 2.35694 1.6422 1.50862 2.4766 4.30946 1.16992 1.08411 1.05283 0.863805 0.840865
threshold=2.8500000000000001 1.0000000180025095e-35 7.035000000000001 7.5000000000000009 4.0500000000000007 5.3500000000000005 3.2500000000000004 3.0500000000000003 1.0000000180025095e-35 1.5000000000000002 21.500000000000004 3.7450000000000006 5.5000000000000009 6.5500000000000007
decision_type=2 2 10 2 2 2 2 2 2 2 2 8 2 2
left_child=11 2 3 5 6 9 7 -5 -9 -2 13 -1 -7 -6
right_child=1 -3 -4 4 10 12 -8 8 -10 -11 -12 -13 -14 -15
leaf_value=0.060354622225607724 0.068314605744928578 -0.052135824415223068 -0.063178230843499578 -0.05061838031407221 0.0081706146762746071 0.059777493397329198 -0.043774810159752528 -0.050450903510854073 0.18257346049643725 0.0068784964734442001 -0.038810685090978569 -0.03733169877706477 0.020971660912785937 -0.011393779908948146
leaf_weight=0.2842186838388443 0.80300455540419236 1.7264393274672318 1.05814724927768 0.78081082319840678 32.390254771336913 2.6612709276378146 4.7189008155837655 0.36961398739367723 0.42834202060475945 22.142922987695783 1.4753290945664037 9.3391334074549341 3.1097441725432873 6.6133958436548701
leaf_count=2 11 47 18 78 404 27 335 45 32 428 33 1718 32 56
internal_value=-0.00126714 0.00281188 0.00405109 0.0049934 -0.00116506 0.0150248 -0.0296198 0.0126891 0.0746364 0.00902848 0.00326189 -0.0344466 0.0388668 0.00485331
internal_weight=87.9015 78.2782 76.5517 75.4936 46.7766 28.7169 6.29767 1.57877 0.797956 22.9459 40.479 9.62335 5.77102 39.0037
internal_count=3266 1546 1499 1481 983 498 490 155 77 439 493 1720 59 460
is_linear=0
shrinkage=0.05


Tree=65
num_leaves=15
num_cat=0
split_feature=3 2 4 2 2 4 7 1 2 2 2 2 6 3
split_gain=5.08064 2.14382 1.56663 1.47791 1.30676 1.14136 1.13639 1.03527 1.0942 2.15589 2.07686 1.47455 1.91831 0.922535
threshold=2.8500000000000001 5.9500000000000011 7.035000000000001 6.6500000000000012 7.7500000000000009 3.7450000000000006 1.0000000180025095e-35 1.0000000180025095e-35 3.8500000000000001 3.9500000000000006 4.1500000000000012 3.1500000000000008 1.0000000180025095e-35 4.6500000000000012
decision_type=2 2 10 2 2 8 2 2 2 2 2 2 2 2
left_child=3 2 6 5 -3 -1 7 8 11 -10 -11 12 -2 -8
right_child=1 4 -4 -5 -6 -7 13 -9 9 10 -12 -13 -14 -15
leaf_value=0.059748192855776663 -0.050483013521810942 0.01308528439827767 -0.06247725820302398 0.024326984152161127 0.05334724609124282 -0.044180981605509317 0.013170121451187978 0.066152776112036904 0.069370343974080192 -0.05216689304351757 0.0037885427368956623 -0.037379685270361084 0.071976957597095589 -0.063002636123460021
leaf_weight=0.27303147315979004 0.52730634622275718 24.316634352318946 1.0180708551779378 0.97139389812946397 2.1974552385509005 8.1417319555766827 0.58513635164126654 0.6135857030749311 1.2029529414139677 1.7296111281029869 40.222143950406462 3.7237414787523448 0.81262572854757309 1.2394656962715087
leaf_count=2 58 208 17 10 40 1722 34 4 46 89 656 315 44 12
internal_value=0.000691246 0.00486389 -0.00106662 -0.0340678 0.0164221 -0.0408088 0.000167585 0.00161518 0.000793933 0.003374 0.00148158 -0.0211945 0.023785 -0.0385746
internal_weight=87.5749 78.1887 51.6746 9.38616 26.5141 8.41476 50.6566 48.832 48.2184 43.1547 41.9518 5.06367 1.33993 1.8246
internal_count=3257 1523 1275 1734 248 1724 1258 1212 1208 791 745 417 102 46
is_linear=0
shrinkage=0.05


Tree=66
num_leaves=15
num_cat=0
split_feature=2 3 3 2 0 6 3 0 5 0 3 2 3 3
split_gain=4.80114 3.94345 3.64193 2.4132 2.06569 1.70087 1.65456 1.6403 1.56075 1.18838 1.1298 1.0802 2.00542 1.56932
threshold=6.7500000000000009 2.0500000000000003 6.6500000000000012 6.6500000000000012 7.5000000000000009 1.0000000180025095e-35 3.9500000000000006 11.500000000000002 1.1500000000000059 1.5000000000000002 6.9500000000000011 4.7500000000000009 4.5500000000000007 4.7500000000000009
decision_type=2 2 2 2 2 2 2 2 8 2 2 2 2 2
left_child=1 -1 3 4 8 7 -6 10 -3 -10 -2 12 -11 -13
right_child=5 2 -4 -5 6 -7 -8 -9 9 11 -12 13 -14 -15
leaf_value=-0.050388856972545665 0.05138408918088725 -0.062794305756166305 -0.11701052198465905 0.0670129820793499 -0.034724124916293585 0.044979596760840457 -0.0063521472788651383 -0.020890332979522041 0.059083169118651947 0.0021220906291548928 -0.002759992377607861 0.044542865963856731 -0.066164031567873233 0.0064361155345043636
leaf_weight=4.6915797437541178 2.3788352683186518 0.7939146370626986 0.69331074506044288 1.2495101690292347 6.2271615979261687 6.4872660487890244 29.395332624670118 2.7175992578268051 1.1065508797764838 13.087650787085296 1.6193378195166586 3.5948838898912063 1.1714140251278866 10.874843928962944
leaf_count=1042 26 34 5 9 752 75 443 27 21 694 17 50 9 72
internal_value=-0.0010228 -0.00604833 -0.00299784 -0.00182681 -0.00312513 0.0267202 -0.0113118 0.00908211 0.00639621 0.00823736 0.0294547 0.00627892 -0.00348777 0.0159034
internal_weight=86.0892 72.8862 68.1946 67.5013 66.2518 13.203 35.6225 6.71577 30.6293 29.8353 3.99817 28.7288 14.2591 14.4697
internal_count=3276 3131 2089 2084 2075 145 1195 70 880 846 43 825 703 122
is_linear=0
shrinkage=0.05


Tree=67
num_leaves=15
num_cat=0
split_feature=3 2 0 2 3 4 0 2 0 2 0 3 2 3
split_gain=4.63781 2.32022 2.10097 3.69669 2.67868 1.87459 1.5854 1.34743 1.15005 2.02951 4.08595 2.02948 1.91938 3.49448
threshold=2.2500000000000004 7.7500000000000009 7.5000000000000009 6.0500000000000007 3.9500000000000006 7.035000000000001 21.500000000000004 7.3500000000000005 3.5000000000000004 2.9500000000000006 5.5000000000000009 3.2500000000000004 3.6500000000000008 3.9500000000000006
decision_type=2 2 2 2 2 10 2 2 2 2 2 2 2 2
left_child=7 2 3 5 -4 8 -6 -1 12 10 -10 -11 -2 -14
right_child=1 -3 4 -5 6 -7 -8 -9 9 11 -12 -13 13 -15
leaf_value=-0.04817390134100083 -0.032030923960638176 0.053123915723989536 -0.035614895665354543 0.057691678983355144 0.0014938846721133563 -0.06013214310695783 -0.056820482874121406 0.056294267279805299 -0.050286464076557659 -0.051373209129586594 0.1824037371930298 0.0030087002165986761 0.090275233864202997 0.012814846024501822
leaf_weight=5.6431113379076114 1.3932044487446633 2.2642169818282118 6.2255006299819788 3.8270157054066649 37.870300123468041 1.0531240596901614 1.2025528596714128 0.32651836425065983 0.3368435050360884 1.935710175428542 0.42884598765522242 15.087380760349332 1.9223674614913759 6.0017443690448999
leaf_count=1224 111 44 674 49 472 37 29 2 70 177 51 238 25 38
internal_value=4.51447e-05 0.00323487 0.00177327 0.0115838 -0.00515419 0.00531746 -0.000300868 -0.0424598 0.0078603 0.000406672 0.0800382 -0.00317511 0.0220909 0.0316065
internal_weight=85.5184 79.5488 77.2846 31.9862 45.2984 28.1592 39.0729 5.96963 27.1061 17.7888 0.765689 17.0231 9.31732 7.92411
internal_count=3241 2015 1971 796 1175 747 501 1226 710 536 121 415 174 63
is_linear=0
shrinkage=0.05


Tree=68
num_leaves=15
num_cat=0
split_feature=3 6 3 0 3 3 0 3 3 3 3 3 3 4
split_gain=4.0362 1.89241 1.62711 2.29123 1.63308 1.44608 1.35348 1.16192 1.46025 4.6548 1.14335 1.69332 1.55562 0.928201
threshold=2.8500000000000001 1.0000000180025095e-35 4.9500000000000011 10.500000000000002 5.1500000000000012 6.8500000000000005 21.500000000000004 6.6500000000000012 6.0500000000000007 5.9500000000000011 5.7500000000000009 5.4500000000000011 6.0500000000000007 3.7450000000000006
decision_type=2 2 2 2 2 2 2 2 2 2 2 2 2 8
left_child=13 2 3 -2 -4 6 7 8 9 -3 11 -6 -12 -1
right_child=1 5 4 -5 10 -7 -8 -9 -10 -11 12 -13 -14 -15
leaf_value=0.05934560889634765 -0.0089272440007428285 0.010000015836193858 0.056072589852455501 -0.061177075636444291 0.0068106354296336427 0.054499051107194968 -0.04926189455256641 -0.046176541460492417 0.035951704620935866 -0.10890988691098263 0.051633269241335988 -0.043658965060844858 0.00023906458781500748 -0.035685564249890778
leaf_weight=0.26531873643398285 12.143409665208312 38.175171906594187 1.4299485310912157 2.5364099894650272 3.8521148869767767 1.7571105435490597 0.99967283522710104 0.91602632403373618 5.07348683848977 0.84114353358745475 1.9617894589900968 2.9230915140360594 5.9018235169351101 8.1470705380197579
leaf_count=2 401 696 20 199 40 31 25 8 35 6 13 23 53 1726
internal_value=0.000226603 0.00375341 -0.00592143 -0.0179551 0.00507205 0.00998187 0.0082816 0.00955976 0.0107178 0.00743647 9.02204e-05 -0.0149639 0.0130607 -0.0326884
internal_weight=86.9236 78.5112 30.7486 14.6798 16.0688 47.7626 46.0055 45.0058 44.0898 39.0163 14.6388 6.77521 7.86361 8.41239
internal_count=3278 1550 749 600 149 801 770 745 737 702 129 63 66 1728
is_linear=0
shrinkage=0.05


Tree=69
num_leaves=15
num_cat=0
split_feature=3 0 6 0 3 0 4 4 3 3 6 0 3 0
split_gain=4.50378 1.74624 1.4789 1.47512 1.3221 0.982724 0.834818 0.804122 0.798938 1.59434 3.15129 4.28125 0.756814 1.2114
threshold=3.1500000000000008 18.500000000000004 1.0000000180025095e-35 1.5000000000000002 7.3500000000000005 21.500000000000004 3.7450000000000006 25.030000000000005 2.4500000000000006 2.5500000000000003 1.0000000180025095e-35 7.5000000000000009 4.9500000000000011 10.500000000000002
decision_type=2 2 2 2 2 2 8 8 2 2 2 2 2 2
left_child=6 3 -3 -2 7 -4 -1 -5 -8 10 11 -10 13 -9
right_child=1 2 5 4 -6 -7 8 12 9 -11 -12 -13 -14 -15
leaf_value=0.058807150020060622 0.068000762043565241 -0.058774990787254344 0.015155772516167412 0.052575502304818889 0.054773292837349719 -0.047573204705515577 -0.044728910391001783 0.0026118813480059183 0.45291774177593375 -0.025914016238551482 -0.050239110146224057 -0.050197636455281226 0.0092431466501587175 -0.023839241523916491
leaf_weight=0.2546311616897583 0.95619117468595405 1.9168407320976246 2.1855958262458448 0.85779567062854767 1.332698244601487 0.8740506269969045 5.9608971199486369 27.984797983895987 0.099366350099444278 3.9723049595486373 0.20726004312746227 0.073605914600193501 32.722113794647157 5.1205246439203611
leaf_count=2 11 66 41 6 26 23 1354 614 20 480 47 19 266 257
internal_value=-9.7194e-05 0.00426604 -0.0243383 0.00632985 0.00546289 -0.00276404 -0.0306292 0.00447742 -0.0328373 -0.0165515 0.0812592 0.238824 0.00385066 -0.00147941
internal_weight=84.5187 73.9506 4.97649 68.9741 68.0179 3.05965 10.5681 66.6852 10.3134 4.35254 0.380232 0.172972 65.8274 33.1053
internal_count=3232 1310 130 1180 1169 64 1922 1143 1920 566 86 39 1137 871
is_linear=0
shrinkage=0.05


Tree=70
num_leaves=15
num_cat=0
split_feature=2 3 6 4 2 3 2 3 2 3 2 3 3 3
split_gain=4.52006 3.90547 1.7943 1.09979 1.0969 1.10606 1.06006 1.04639 1.04134 0.919997 4.33447 2.173 1.83356 1.5581
threshold=6.6500000000000012 2.4500000000000006 1.0000000180025095e-35 3.7450000000000006 7.4500000000000011 5.6500000000000012 6.5500000000000007 2.8500000000000001 7.0500000000000007 3.4500000000000006 2.6500000000000008 3.2500000000000004 4.2500000000000009 4.5500000000000007
decision_type=2 2 2 8 2 2 2 2 2 2 2 2 2 2
left_child=1 3 9 -1 5 -2 7 -4 -7 10 -3 -12 -11 -14
right_child=4 2 6 -5 -6 8 -8 -9 -10 12 11 -13 13 -15
leaf_value=0.058304186479668597 0.033163510771003012 0.2680207389807247 -0.050282364365008575 -0.050268731047192289 0.050803136971360789 0.021646361504049132 -0.049907659661527104 0.0079106762458615587 -0.022468381651533254 -0.049665707189488595 -0.029163694977815818 0.053966883569972313 0.022277818133474726 -0.016841276502743831
leaf_weight=0.24424906820058823 6.0180935170501453 0.15705481660552623 0.78886974370106955 5.176180583657696 3.3877301234751931 3.0067197009921074 0.84535620361566444 37.203178782947361 2.4099080115556717 3.4051810698583749 2.2807925462257121 1.1995327086187897 3.1475746445357826 13.304945320356635
leaf_count=2 50 29 184 1365 65 24 5 694 23 222 295 85 55 158
internal_value=0.000803557 -0.00466802 -0.00112803 -0.0453763 0.025814 0.0184105 0.00547015 0.00670235 0.0020193 -0.0120348 0.0110829 -0.000511819 -0.0162694 -0.0093573
internal_weight=82.5754 67.7529 62.3325 5.42043 14.8225 11.4347 38.8374 37.992 5.41663 23.4951 3.63738 3.48033 19.8577 16.4525
internal_count=3256 3094 1727 1367 162 97 883 878 47 844 409 380 435 213
is_linear=0
shrinkage=0.05


Tree=71
num_leaves=15
num_cat=0
split_feature=2 0 2 2 2 0 2 4 2 0 2 0 6 0
split_gain=2.5211 2.318 3.09055 1.82981 2.25175 4.47223 1.90004 1.3711 1.29184 1.02734 1.52985 1.9635 0.950985 0.851638
threshold=7.7500000000000009 10.500000000000002 6.6500000000000012 3.8500000000000001 3.9500000000000006 5.5000000000000009 4.1500000000000012 3.7450000000000006 5.6500000000000012 17.500000000000004 6.7500000000000009 12.500000000000002 1.0000000180025095e-35 4.5000000000000009
decision_type=2 2 2 2 2 2 2 8 2 2 2 2 2 2
left_child=1 2 3 7 5 -5 -6 -1 -3 10 11 -10 -4 -9
right_child=-2 8 12 4 6 -7 -8 13 9 -11 -12 -13 -14 -15
leaf_value=0.064275774942283856 0.052797947032120034 -0.035466213392382019 0.02226601306172505 0.15077645540705553 -0.05219035550956469 -0.050731513749774595 0.0040873914076613779 -0.040306338998572583 -0.016735330855933206 -0.027807897709617724 -0.024232338512550342 0.034536487484453711 0.06501487041043634 -0.010017130456896069
leaf_weight=0.45899379253387451 2.1405580770224324 6.0407805119175491 3.3408845402300349 0.70985219371504971 1.5583075548056502 0.44983341405168176 39.9354855613783 4.3764138810802216 3.2386610084213334 4.9099837148096404 4.379579171538353 4.4098800206556916 2.1306531690061092 4.9405425020959228
leaf_count=3 47 575 38 17 113 46 599 758 21 71 30 51 24 836
internal_value=-0.000760654 -0.00217813 0.00315433 -0.000577414 0.00389444 0.072613 0.00197387 -0.0200886 -0.0156146 -0.00853473 -0.000667248 0.0128262 0.0389127 -0.0242448
internal_weight=83.0204 80.8799 57.901 52.4294 42.6535 1.15969 41.4938 9.77595 22.9789 16.9381 12.0281 7.64854 5.47154 9.31696
internal_count=3229 3182 2434 2372 775 63 712 1597 748 173 102 72 62 1594
is_linear=0
shrinkage=0.05


Tree=72
num_leaves=15
num_cat=0
split_feature=3 3 0 3 6 4 0 0 0 0 3 3 3 3
split_gain=3.63184 2.63253 1.50755 2.27639 1.9763 1.53957 1.17472 1.03905 1.13046 2.10681 2.20145 1.83275 0.981216 0.855572
threshold=2.2500000000000004 6.8500000000000005 7.5000000000000009 4.4500000000000011 1.0000000180025095e-35 11.435000000000002 8.5000000000000018 15.500000000000002 8.5000000000000018 9.5000000000000018 4.1500000000000012 3.9500000000000006 5.1500000000000012 4.9500000000000011
decision_type=2 2 2 2 2 10 2 2 2 2 2 2 2 2
left_child=-1 2 5 4 -4 -2 -5 8 -6 -10 11 -11 13 -8
right_child=1 -3 3 6 7 -7 12 -9 9 10 -12 -13 -14 -15
leaf_value=-0.041321924630293591 0.011102516074891829 0.044105056952410092 -0.049256267706690629 0.02584072079595855 -0.043335318631904284 -0.057878009356263894 -0.01003023984391734 -0.053690351539138495 0.063366851549418943 -0.0095038832064562786 -0.056941128220219107 0.074492617629239075 0.0034602841469314285 -0.05642286683968753
leaf_weight=4.9649102040566495 30.035440022125844 3.6719785425811997 4.5714128713589135 4.467028912156823 1.3169344454072414 0.83127084327861567 5.2091131536290076 1.0961888220626859 1.3270265480969099 2.0997313002590094 1.5375464577227829 0.9402042282745241 20.777222896926105 1.2280956748872993
leaf_count=1222 758 57 424 35 66 37 110 78 60 186 25 18 173 27
internal_value=0.000160122 0.00276354 0.000751206 -0.00513092 -0.0228467 0.0092448 0.00207645 -0.00833194 -0.0014467 0.00789609 -0.00818506 0.0164749 -0.00182426 -0.0188811
internal_weight=84.0741 79.1092 75.4372 44.5705 12.889 30.8667 31.6815 8.31763 7.22144 5.90451 4.57748 3.03994 27.2144 6.43721
internal_count=3276 2054 1997 1202 857 795 345 433 355 289 229 204 310 137
is_linear=0
shrinkage=0.05


Tree=73
num_leaves=15
num_cat=0
split_feature=2 2 6 0 0 4 3 2 0 0 7 3 3 2
split_gain=3.57391 2.4332 2.75259 3.69635 1.50456 1.35027 1.23123 2.83227 3.27534 1.05147 1.67279 1.26795 1.22382 1.25888
threshold=4.2500000000000009 6.9500000000000011 1.0000000180025095e-35 12.500000000000002 18.500000000000004 3.7450000000000006 2.4500000000000006 2.5500000000000003 5.5000000000000009 3.5000000000000004 1.0000000180025095e-35 4.4500000000000011 4.4500000000000011 6.3500000000000005
decision_type=2 2 2 2 2 8 2 2 2 2 2 2 2 2
left_child=5 4 3 -3 9 -1 -7 8 -8 11 12 -2 13 -11
right_child=1 2 -4 -5 -6 6 7 -9 -10 10 -12 -13 -14 -15
leaf_value=0.063347044407023753 0.043051383300726331 0.036724314737010398 0.054469234479660393 -0.046883240868017893 -0.031396030402198127 -0.050164151528681589 -0.050301800532198231 -0.020699835897385305 0.31327603092964051 -0.018270051987263187 -0.053683114038066616 0.00049062016246931186 0.0060322104925056141 0.033324053032293209
leaf_weight=0.44372313469648361 3.2655036235228172 3.222090642899273 4.747476764023304 2.2417053803801537 3.548255445668473 3.7008344309870127 0.11275664228014548 10.9363684465643 0.13745940965600312 10.659347266424446 1.4322503078728903 3.7705233618617058 33.991793755441904 1.3297878168523301
leaf_count=3 29 41 63 21 123 1174 22 893 22 478 26 28 306 20
internal_value=-0.000789449 0.00411355 0.0266198 0.00242151 0.000151012 -0.0226031 -0.0251648 -0.0168944 0.149434 0.00220682 -0.000469804 0.0202436 0.00118773 -0.0125474
internal_weight=83.5399 68.2087 10.2113 5.4638 57.9975 15.3311 14.8874 11.1866 0.250216 54.4492 47.4132 7.03603 45.9809 11.9891
internal_count=3249 1135 125 62 1010 2114 2111 937 44 887 830 57 804 498
is_linear=0
shrinkage=0.05


Tree=74
num_leaves=15
num_cat=0
split_feature=3 3 0 3 4 0 3 0 3 6 4 0 6 3
split_gain=5.08189 1.50993 1.59299 1.5185 1.52497 1.41854 1.47158 2.67678 1.02924 0.949222 0.88883 0.802837 0.743746 0.732164
threshold=2.8500000000000001 7.3500000000000005 21.500000000000004 7.2500000000000009 7.035000000000001 1.5000000000000002 5.3500000000000005 10.500000000000002 6.3500000000000005 1.0000000180025095e-35 3.7450000000000006 13.500000000000002 1.0000000180025095e-35 3.2500000000000004
decision_type=2 2 2 2 10 2 2 2 2 2 8 2 2 2
left_child=10 2 3 4 5 -2 7 13 -8 -9 -1 12 -10 -7
right_child=1 -3 -4 -5 -6 6 8 9 11 -11 -12 -13 -14 -15
leaf_value=0.057186189614559617 0.06783032741328747 0.054198186444334065 -0.055143047771912257 -0.067033932495824677 -0.060694375661028858 0.027529678495274941 0.021862215484578541 -0.049371112792701483 0.0075006725941163923 -0.014325820257407314 -0.045050609784951484 0.022547849454377881 -0.029811515780609789 0.0026722487433496578
leaf_weight=0.21970970928668976 0.8875785656273355 1.4394238051027048 1.179770327406003 0.75634013116359611 0.89405750716105004 3.2513052164576939 15.529150968417527 2.8915309172589314 2.6432567164301863 5.823719335719943 6.5610511456616214 2.5946674197912216 2.6995776742696762 33.331792221404612
leaf_count=2 11 32 50 8 18 221 123 203 22 202 1713 18 25 606
internal_value=-0.000310681 0.00348937 0.00248236 0.00343582 0.00419133 0.0050242 0.00421354 -0.00105102 0.0143759 -0.0259531 -0.0417379 -0.00027063 -0.0113521 0.00488144
internal_weight=80.7029 73.9222 72.4827 71.303 70.5466 69.6526 68.765 45.2983 23.4667 8.71525 6.78076 7.9375 5.34283 36.5831
internal_count=3254 1539 1507 1457 1449 1431 1420 1232 188 405 1715 65 47 827
is_linear=0
shrinkage=0.05


Tree=75
num_leaves=15
num_cat=0
split_feature=3 2 0 2 2 2 0 5 2 0 2 2 2 2
split_gain=3.49012 1.90025 1.31922 1.81626 1.76213 1.6007 1.50554 1.29559 1.28112 1.19405 1.13127 3.46191 1.63307 2.17494
threshold=2.4500000000000006 7.7500000000000009 7.5000000000000009 5.9500000000000011 6.4500000000000011 5.8500000000000005 9.5000000000000018 1.1500000000000059 7.3500000000000005 16.500000000000004 3.6500000000000008 2.5500000000000003 3.9500000000000006 3.8500000000000001
decision_type=2 2 2 2 2 2 2 8 2 2 2 2 2 2
left_child=8 2 4 5 7 9 -5 -2 -1 -4 11 -9 13 -12
right_child=1 -3 3 6 -6 -7 -8 10 -10 -11 12 -13 -14 -15
leaf_value=-0.045856548837717344 -0.061293214204337712 0.052591576894393123 -0.0071325286120306466 0.039052013114548062 0.0538594739201999 -0.07607928648723325 0.0015218433974256652 0.17619407674644796 0.057905213289074477 -0.052022122500127221 0.0029976057211998585 -0.027691171126952414 0.0088747669017307015 0.1166781271462287
leaf_weight=4.8152056399267158 0.68444421398453414 1.8960653990507115 21.372652349295102 3.1937186177819994 2.1284130737185469 0.96195340645499428 16.36505757458508 0.22049721912481901 0.31706586480140675 1.5917216034140427 0.83838629606180137 3.7337042458821088 21.169970816932619 0.84460522187873721
leaf_count=1381 20 46 787 32 35 14 129 30 2 155 41 340 231 17
internal_value=0.000443579 0.00317321 0.00189149 -0.00365192 0.0100298 -0.0128908 0.00765008 0.00663644 -0.0394463 -0.0102439 0.00837083 -0.016322 0.0126434 0.0600479
internal_weight=80.1335 75.0012 73.1051 43.4851 29.62 23.9263 19.5588 27.4916 5.13227 22.9644 26.8072 3.9542 22.853 1.68299
internal_count=3260 1877 1831 1117 714 956 161 679 1383 942 659 370 289 58
is_linear=0
shrinkage=0.05


Tree=76
num_leaves=15
num_cat=0
split_feature=3 0 6 2 3 2 2 4 3 0 2 3 2 0
split_gain=2.84466 1.89068 2.30872 2.5356 2.28462 2.18575 2.09552 1.74774 1.35802 1.25685 1.30285 1.45178 1.1719 1.16436
threshold=2.2500000000000004 7.5000000000000009 1.0000000180025095e-35 6.9500000000000011 4.5500000000000007 6.7500000000000009 6.4500000000000011 7.035000000000001 7.0500000000000007 17.500000000000004 5.6500000000000012 4.7500000000000009 7.3500000000000005 19.500000000000004
decision_type=2 2 2 2 2 2 2 10 2 2 2 2 2 2
left_child=12 6 4 5 -3 -4 7 -2 9 10 11 -6 -1 -11
right_child=1 2 3 -5 8 -7 -8 -9 -10 13 -12 -13 -14 -15
leaf_value=-0.044829665429801185 0.011665861226373739 -0.047172925444822857 0.0027193969255563909 0.043182210016793732 0.043589036064276269 -0.081143841906473752 0.058084961367911025 -0.058842760498446715 -0.055492093755983962 -0.078502238101375896 0.015893243153597643 -0.052995595028797873 0.054708548625450076 0.0033598241247794515
leaf_weight=4.0864639338105908 27.924844884546481 4.6460423520766225 24.159654334187515 3.9401359278708687 0.51893312670290326 0.80277416482567687 2.3987392932176581 0.90744637651368876 1.2576594278216351 0.91948437970131525 7.5925868907943368 1.5546968542039392 0.31876651942729939 0.82331131724640727
leaf_count=1224 745 433 584 53 17 6 42 34 14 15 51 46 2 20
internal_value=0.00145599 0.00367907 -0.00274306 0.00590616 -0.0171824 2.24141e-05 0.0131824 0.00944672 -0.00618213 -0.000746503 0.00630014 -0.028825 -0.037627 -0.0398299
internal_weight=81.8515 77.4463 46.2153 28.9026 17.3127 24.9624 31.231 28.8323 12.6667 11.409 9.66622 2.07363 4.40523 1.7428
internal_count=3286 2060 1239 643 596 590 821 779 163 149 114 63 1226 35
is_linear=0
shrinkage=0.05


Tree=77
num_leaves=15
num_cat=0
split_feature=2 2 0 3 4 3 2 3 2 3 0 2 2 2
split_gain=4.07705 2.15258 1.81953 1.89686 1.796 1.75131 2.10781 1.82035 1.73818 1.72391 1.49557 1.29083 1.70976 0.814947
threshold=4.1500000000000012 7.3500000000000005 4.5000000000000009 7.0500000000000007 3.7450000000000006 3.9500000000000006 7.0500000000000007 4.3500000000000005 5.3500000000000005 4.4500000000000011 16.500000000000004 5.7500000000000009 5.1500000000000012 6.6500000000000012
decision_type=2 2 2 2 8 2 2 2 2 2 2 2 2 2
left_child=4 2 8 5 -1 13 7 11 9 -2 -3 12 -7 -4
right_child=1 10 3 -5 -6 6 -8 -9 -10 -11 -12 -13 -14 -15
leaf_value=0.061639331526549469 0.038466671945286912 0.054702016666680855 -0.03892972639836545 -0.066008625737176446 -0.031258724807901192 0.02338639859247154 0.051135958960498051 -0.004018030714746163 0.05836310478027195 -0.0098514458340067113 -0.015269688521752204 -0.030389594229403839 0.10615399490879639 0.0053375170737259116
leaf_weight=0.54377466440200806 3.0695982235483807 3.2439372651278964 4.0697444705292574 1.1410152614116658 12.0391529307235 4.4541267890017471 2.1088913716375819 38.604318984318525 2.3716781716793776 4.6310928426682949 0.99879173189401615 0.88406105618923891 0.7256043676752596 1.3964362703263757
leaf_count=4 42 69 496 10 2018 92 18 406 26 26 11 11 16 16
internal_value=-0.00110839 0.00374932 0.00144394 -0.00223371 -0.0272441 -0.00084084 0.00228857 -1.7637e-05 0.0209358 0.0094088 0.0382298 0.0254503 0.0349809 -0.0276208
internal_weight=80.2822 67.6993 63.4566 53.3842 12.5829 52.2432 46.777 44.6681 10.0724 7.70069 4.24273 6.06379 5.17973 5.46618
internal_count=3261 1239 1159 1065 2022 1055 543 525 94 68 80 119 108 512
is_linear=0
shrinkage=0.05


Tree=78
num_leaves=15
num_cat=0
split_feature=2 3 0 0 2 3 3 4 1 0 4 3 2 6
split_gain=2.42144 2.57018 2.00183 1.512 1.29465 1.27368 2.4209 1.11375 1.076 1.22114 0.936266 0.791313 2.3965 3.27393
threshold=6.6500000000000012 2.4500000000000006 7.5000000000000009 18.500000000000004 7.7500000000000009 5.6500000000000012 4.7500000000000009 7.035000000000001 1.0000000180025095e-35 1.5000000000000002 3.7450000000000006 3.8500000000000001 2.5500000000000003 1.0000000180025095e-35
decision_type=2 2 2 2 2 2 2 8 2 2 8 2 2 2
left_child=1 10 -2 7 5 6 -4 -3 9 -9 -1 12 13 -11
right_child=2 3 4 -5 -6 -7 -8 8 -10 11 -12 -13 -14 -15
leaf_value=0.05698680461679926 0.061147893626002182 0.062134859861545592 -0.014912263273213225 -0.039988772751745658 0.052531160544643664 -0.012647763698524548 0.062388621098169561 0.061438371194859745 -0.05873281095609089 0.29366861007651629 -0.050203101302416932 8.8403714251353971e-05 -0.019318540199485902 -0.050337853111165023
leaf_weight=0.21511084586381912 2.1748988628387442 0.6723916120827198 2.0209359964355809 2.7164012049324802 1.4726534858345974 5.8462859615683556 2.030518963932991 0.75420826813205977 0.84100954211316903 0.14512605266645451 3.8467981247231355 48.049062902107835 9.9012278357986343 0.13213584176264703
leaf_count=2 39 5 23 136 37 50 14 12 27 12 1379 570 956 25
internal_value=-0.00208957 -0.00597307 0.0171981 -0.00349566 0.00879145 0.00228356 0.0238296 -0.00185702 -0.00257627 -0.00177554 -0.0445265 -0.00259434 -0.0152586 0.129724
internal_weight=80.8188 67.2735 13.5453 63.2116 11.3704 9.89774 4.05145 60.4952 59.8228 58.9818 4.06191 58.2276 10.1785 0.277262
internal_count=3287 3124 163 1743 124 87 37 1607 1602 1575 1381 1563 993 37
is_linear=0
shrinkage=0.05


Tree=79
num_leaves=15
num_cat=0
split_feature=3 2 6 0 3 3 3 0 2 2 0 3 0 3
split_gain=2.29978 1.62215 1.63385 2.49159 1.68029 2.99935 1.92261 1.96302 1.63354 1.52934 1.46484 1.40829 1.12269 1.78072
threshold=1.7500000000000002 7.7500000000000009 1.0000000180025095e-35 17.500000000000004 7.0500000000000007 5.6500000000000012 5.4500000000000011 10.500000000000002 6.6500000000000012 6.9500000000000011 10.500000000000002 6.6500000000000012 2.5000000000000004 4.4500000000000011
decision_type=2 2 2 2 2 2 2 2 2 2 2 2 2 2
left_child=-1 2 3 4 5 6 7 8 -2 11 -7 12 13 -4
right_child=1 -3 9 -5 -6 10 -8 -9 -10 -11 -12 -13 -14 -15
leaf_value=-0.050602821159599125 -0.0059791428855991372 0.052188079933205969 0.061068606224111269 -0.05946170045557303 -0.06465847745810252 0.005013077189476336 -0.074808922117948692 -0.048130219004447937 0.0555667353249856 0.037590524399022607 0.054624169652772295 -0.063791603002752481 0.0019125028188340936 -0.016751007689261702
leaf_weight=2.2427718730177721 15.153349326457848 1.5034562349319447 2.0258573025930668 2.2957609652075908 1.1391833201050747 3.1426343731582156 1.144131839275359 2.6324877648148677 1.1607173234224308 3.4639992527663699 2.8257768303155899 0.77396252006292243 38.346071265172213 1.1537968441843984
leaf_count=829 770 44 60 102 11 23 13 227 15 35 15 6 1122 9
internal_value=-0.00069514 0.000763039 -0.000264302 -0.00944116 -0.00521901 -0.00262059 -0.0118662 -0.00806526 -0.00160026 0.00565005 0.0285017 0.00303439 0.0042799 0.0328303
internal_weight=79.004 76.7612 75.2577 29.494 27.1983 26.0591 20.0907 18.9466 16.3141 45.7637 5.96841 42.2997 41.5257 3.17965
internal_count=3281 2452 2408 1176 1074 1063 1025 1012 785 1232 38 1197 1191 69
is_linear=0
shrinkage=0.05


Tree=80
num_leaves=15
num_cat=0
split_feature=3 2 0 2 4 3 2 2 7 3 0 2 2 3
split_gain=2.28834 1.46899 1.43741 1.32022 1.75425 1.66598 1.32142 1.31847 1.1289 1.10272 2.41195 2.75142 1.7828 1.31149
threshold=1.7500000000000002 7.7500000000000009 3.5000000000000004 3.6500000000000008 3.7450000000000006 3.9500000000000006 4.3500000000000005 4.7500000000000009 1.0000000180025095e-35 5.1500000000000012 15.500000000000002 6.3500000000000005 5.6500000000000012 4.8500000000000005
decision_type=2 2 2 2 8 2 2 2 2 2 2 2 2 2
left_child=-1 2 3 4 -2 6 -5 -7 9 10 11 12 13 -4
right_child=1 -3 8 5 -6 7 -8 -9 -10 -11 -12 -13 -14 -15
leaf_value=-0.050583426143515131 0.060264225231162073 0.052076779848982062 0.00038654582284024073 0.096702166875298243 -0.050825705139713719 -0.0139620076106667 0.026860536711419983 0.033613472189474795 -0.039804877418486977 0.0067340210198635732 -0.052334524406199026 0.047225678621144171 -0.05476892664967975 -0.033586437205287291
leaf_weight=2.1088678070809683 0.4886375367641449 1.4491875488311041 22.964839571155618 1.2526398652698829 1.3030216214247037 2.7069768309593201 1.4744236557744441 3.1519421525299549 1.8718686955980945 28.973653193563223 2.6539497929625204 2.5364810675382605 1.8370767487213004 3.2417843248695126
leaf_count=819 4 44 1439 23 214 18 13 27 69 234 204 28 36 39
internal_value=0.00079191 0.00221924 0.00124885 0.0185119 -0.0205283 0.0266585 0.0589413 0.0116323 -0.00154689 -0.000395685 -0.00661139 -0.00264324 -0.00715375 -0.00381594
internal_weight=78.0154 75.9065 74.4573 10.3776 1.79166 8.58598 2.72706 5.85892 64.0797 62.2078 33.2341 30.5802 28.0437 26.2066
internal_count=3211 2392 2348 299 218 81 36 45 2049 1980 1746 1542 1514 1478
is_linear=0
shrinkage=0.05


Tree=81
num_leaves=15
num_cat=0
split_feature=2 2 0 4 0 2 2 0 2 0 0 2 0 1
split_gain=1.71425 1.15679 1.17527 0.999275 1.04983 2.52855 1.21565 2.4585 1.32665 1.80156 1.14815 2.08633 1.52351 1.00335
threshold=7.7500000000000009 2.4500000000000006 21.500000000000004 7.035000000000001 7.5000000000000009 6.4500000000000011 2.5500000000000003 5.5000000000000009 4.7500000000000009 6.5000000000000009 19.500000000000004 6.0500000000000007 18.500000000000004 1.0000000180025095e-35
decision_type=2 2 2 10 2 2 2 2 2 2 2 2 2 2
left_child=1 -1 3 4 5 6 7 -3 13 -10 12 -12 -6 -8
right_child=-2 2 -4 -5 10 -7 8 -9 9 -11 11 -13 -14 -15
leaf_value=-0.044108318731974641 0.052014213507092344 -0.050332060333478583 -0.055078871681708774 -0.05773229093891611 -0.0060442772493835076 0.06085033636710796 -0.01141825311858314 0.21995957454520099 0.0032622116089581869 0.047582329596109071 -0.052936473532853384 0.059848801386910844 -0.066102232369905603 0.062606720946541322
leaf_weight=1.6711447031702835 1.4445249848067749 0.15469503868371859 1.0306820126716036 0.7768274019472291 39.773377859964967 1.9879786614328612 14.217241984093562 0.18442715285345912 10.967544649727641 2.8989832138176999 0.55658358987420742 1.557266704039648 1.0847478946670879 0.47298759222030717
leaf_count=694 46 37 52 43 1233 33 873 13 104 31 44 13 42 3
internal_value=-0.00195251 -0.00296055 -0.00205173 -0.00131942 -0.000726064 0.00630571 0.00255314 0.0966625 0.00143556 0.0125279 -0.00577978 0.0301521 -0.00763876 -0.00903484
internal_weight=78.779 77.3345 75.6633 74.6327 73.8558 30.8839 28.8959 0.339122 28.5568 13.8665 42.972 2.11385 40.8581 14.6902
internal_count=3261 3215 2521 2469 2426 1094 1061 50 1011 135 1332 57 1275 876
is_linear=0
shrinkage=0.05


Tree=82
num_leaves=15
num_cat=0
split_feature=2 3 0 2 4 3 2 6 3 0 2 2 2 2
split_gain=2.31302 1.84555 1.55518 1.42623 1.11687 1.26901 1.90685 2.70047 0.822354 0.961107 5.37657 0.901982 0.681967 1.24922
threshold=7.4500000000000011 3.6500000000000008 9.5000000000000018 5.7500000000000009 3.7450000000000006 2.4500000000000006 2.5500000000000003 1.0000000180025095e-35 3.4500000000000006 8.5000000000000018 3.1500000000000008 4.7500000000000009 3.9500000000000006 3.8500000000000001
decision_type=2 2 2 2 8 2 2 2 2 2 2 2 2 2
left_child=1 2 3 4 -1 -6 7 -7 9 11 -11 12 13 -8
right_child=-2 -3 -4 -5 5 6 8 -9 -10 10 -12 -13 -14 -15
leaf_value=0.05921695087784612 0.049017202272380517 0.00027905063954367494 -0.052099137909562998 0.043039415351191157 -0.050131071416592669 0.24800556125376702 -0.018908843722022232 -0.050431810990375317 -0.053167579427132655 0.33332731961742068 -0.050477590228167529 0.052970597075881948 -0.054125192827234561 0.08201595272922324
leaf_weight=0.45712267607450485 2.155696637928485 60.549286199035123 2.947666890686377 1.0908088935539115 2.6626628402154857 0.16698784567415703 3.1390822792891417 0.13881092704832554 1.1723192250356076 0.13015037355944503 0.30527739622630179 0.467662107432261 1.1059424006380139 0.33979629562236358
leaf_count=4 62 845 557 15 1136 10 365 24 83 14 41 19 63 9
internal_value=-0.00204337 -0.0035174 -0.0197924 -0.011272 -0.0171459 -0.0207712 -0.00954886 0.112536 -0.0151543 -0.00703395 0.0642426 -0.0131766 -0.0199238 -0.00905111
internal_weight=76.8293 74.6736 14.1243 11.1766 10.0858 9.62869 6.96603 0.305799 6.66023 5.48791 0.435428 5.05248 4.58482 3.47888
internal_count=3247 3185 2340 1783 1768 1764 628 34 594 511 55 456 437 374
is_linear=0
shrinkage=0.05


Tree=83
num_leaves=15
num_cat=0
split_feature=2 2 0 6 2 0 0 4 1 2 2 0 2 2
split_gain=2.68191 1.97196 1.85315 1.57349 1.91512 1.01305 0.94164 0.843441 0.811419 0.936181 1.68099 3.44879 1.74396 1.30486
threshold=6.1500000000000012 2.8500000000000001 17.500000000000004 1.0000000180025095e-35 6.4500000000000011 7.5000000000000009 1.5000000000000002 7.035000000000001 1.0000000180025095e-35 3.8500000000000001 3.9500000000000006 5.5000000000000009 4.1500000000000012 4.3500000000000005
decision_type=2 2 2 2 2 2 2 10 2 2 2 2 2 2
left_child=1 -1 6 4 -2 -6 -3 8 9 -8 11 -11 -12 -14
right_child=3 2 -4 -5 5 -7 7 -9 -10 10 12 -13 13 -15
leaf_value=-0.046469803880796939 -0.051817535182333167 0.049240581510630765 -0.053466615450123767 0.029713523591278004 0.052973844166161667 0.0033254472751779265 -0.021299364571180798 -0.058302234033119918 0.060513422057915267 0.12039685204069722 -0.051971326839165659 -0.050819771117266245 0.026473712551864415 -0.0015949707090786311
leaf_weight=2.6019734061555928 1.4146598884835837 0.94626677630003442 1.6850481579313044 11.285779309924692 1.2374774161726234 6.0537350454833359 5.1077587322797617 0.63637019589077581 0.54125997424125571 0.80715155787765869 1.5767631246708322 0.46272180776577443 4.6758484137244514 36.169158012839034
leaf_count=979 18 17 146 125 26 65 775 25 4 16 140 59 176 689
internal_value=0.00170187 -0.00398001 -0.00187849 0.0173933 0.00142216 0.0117519 -0.000171447 -0.00110702 -0.000369342 -0.00104463 0.00132325 0.0580082 -0.000373585 0.00161827
internal_weight=75.202 55.2103 52.6083 19.9917 8.70587 7.29121 50.9233 49.977 49.3407 48.7994 43.6916 1.26987 42.4218 40.845
internal_count=3260 3026 2047 234 109 91 1901 1884 1859 1855 1080 75 1005 865
is_linear=0
shrinkage=0.05


Tree=84
num_leaves=15
num_cat=0
split_feature=2 0 3 7 0 3 0 0 2 0 2 3 0 2
split_gain=1.92619 4.59632 1.67885 1.70842 1.62484 1.26923 0.952793 0.841746 1.04736 2.12996 1.28186 1.71809 1.64653 1.77351
threshold=5.9500000000000011 9.5000000000000018 2.4500000000000006 1.0000000180025095e-35 10.500000000000002 5.5500000000000007 1.5000000000000002 3.5000000000000004 3.1500000000000008 5.5000000000000009 4.4500000000000011 4.6500000000000012 7.5000000000000009 4.9500000000000011
decision_type=2 2 2 2 2 2 2 2 2 2 2 2 2 2
left_child=2 -2 -1 4 6 -6 -4 -8 9 -9 -10 -12 13 -13
right_child=1 -3 3 -5 5 -7 7 8 10 -11 11 12 -14 -15
leaf_value=-0.043915927578843147 0.044583664958801145 -0.0053078406907763652 0.050092725743493632 -0.060240032507198893 -0.041129283174061754 0.00077947424473907791 -0.01755725110460581 -0.050370431108493943 -0.01571094476346075 0.076612086754426989 0.028183275103526691 -0.019248888749260454 -0.0214188356910677 0.032929459832037287
leaf_weight=3.1435468692798159 6.4814413245767382 16.042179642710835 0.91556021338328619 1.4179787206230674 4.8292253999970844 2.8864710833877325 6.7226742596831164 0.45932792243547993 9.1407175626372936 1.1750191014725713 6.4247680960688767 2.5873695313930494 6.4698544815182686 4.3944134786725044
leaf_count=1359 100 171 18 52 466 25 138 87 495 123 129 24 56 21
internal_value=-0.00311291 0.00904904 -0.00853011 -0.0061845 -0.0045184 -0.0254511 -0.00030029 -0.00153478 0.00197937 0.0409241 -0.000214128 0.00691251 -0.00324682 0.0135928
internal_weight=73.0905 22.5236 50.5669 47.4234 46.0054 7.7157 38.2897 37.3741 30.6515 1.63435 29.0171 19.8764 13.4516 6.98178
internal_count=3264 271 2993 1634 1582 491 1091 1073 935 210 725 230 101 45
is_linear=0
shrinkage=0.05


Tree=85
num_leaves=15
num_cat=0
split_feature=3 2 2 3 2 2 2 6 3 2 6 4 3 2
split_gain=1.81185 1.54353 1.22925 0.822514 1.95357 3.41051 1.51589 1.56394 1.27135 1.15953 0.95178 0.793389 0.748455 0.957777
threshold=2.9500000000000006 7.7500000000000009 6.6500000000000012 6.3500000000000005 7.3500000000000005 5.9500000000000011 6.8500000000000005 1.0000000180025095e-35 5.0500000000000007 6.3500000000000005 1.0000000180025095e-35 7.035000000000001 3.4500000000000006 4.8500000000000005
decision_type=2 2 2 2 2 2 2 2 2 2 2 10 2 2
left_child=2 3 -1 4 5 11 -5 -8 9 -7 -10 12 13 -2
right_child=1 -3 -4 6 -6 8 7 -9 10 -11 -12 -13 -14 -15
leaf_value=-0.03760200032577158 0.021619271050145855 0.051812394518276475 0.032058082677659042 -0.033163174581422178 -0.059198988908973786 -0.041178144507359238 -0.017724967128447771 0.056093048424333117 0.058155087598766843 0.019173410247310889 0.02267967630453719 -0.05765971370775233 -0.0064901115829510388 -0.052306745050349712
leaf_weight=5.4740843805484465 4.394568358315154 1.3413644675165404 0.71616007201373566 5.3028175570070726 1.3737302143126715 1.1253767095040514 1.8266730774194002 1.1816946640610695 3.1018921732902527 2.7182152806781232 4.8421000763773918 0.70585465081967314 40.00544800539501 0.48665646906010795
leaf_count=1807 345 47 8 36 15 24 20 18 25 33 38 16 803 42
internal_value=-0.00363898 -0.00129488 -0.0295429 -0.00235707 -0.000274469 0.00113624 -0.0170795 0.0112709 0.0251099 0.0015029 0.0365318 -0.00506195 -0.00423484 0.0142489
internal_weight=74.5966 68.4064 6.19024 67.065 58.7538 57.3801 8.31119 3.00837 11.7876 3.84359 7.94399 45.5925 44.8867 4.88122
internal_count=3277 1462 1815 1415 1341 1326 74 38 120 57 63 1206 1190 387
is_linear=0
shrinkage=0.05


Tree=86
num_leaves=15
num_cat=0
split_feature=3 2 2 0 0 0 2 3 2 3 2 2 0 0
split_gain=2.64795 1.26525 1.26489 1.12634 1.43953 1.69976 0.890722 2.2766 0.889211 0.854075 1.86332 1.39136 0.899128 2.47812
threshold=2.8500000000000001 6.6500000000000012 7.7500000000000009 21.500000000000004 19.500000000000004 18.500000000000004 6.7500000000000009 6.0500000000000007 7.4500000000000011 7.0500000000000007 7.3500000000000005 7.1500000000000012 14.500000000000002 15.500000000000002
decision_type=2 2 2 2 2 2 2 2 2 2 2 2 2 2
left_child=1 -1 3 4 5 8 7 -6 9 10 11 12 -2 -14
right_child=2 -3 -4 -5 6 -7 -8 -9 -10 -11 -12 -13 13 -15
leaf_value=-0.047938522233808692 -0.00136043888051711 0.019901811537486623 0.051664652395551791 -0.055060252489200948 -0.053101473103581591 -0.065828986700020173 0.083670491485284992 0.078765863032626074 0.052742983080248655 -0.03873452917612747 -0.071518024264723021 0.061960083696796009 0.085710650314982026 0.001566976856381265
leaf_weight=4.2345040702493852 57.086735176388174 0.82045368663966645 1.1888192053884257 0.92814028100110491 0.62339669256471031 0.99259370961226423 0.77733726799488057 0.68911211937665939 0.79226959310471912 1.4321450870484103 0.89035869017243285 0.9320481214672317 1.1350809417199332 3.8192416289821267
leaf_count=1712 1175 9 45 47 39 36 5 4 19 15 8 10 42 103
internal_value=-0.00195803 -0.0369276 0.000521646 -0.000345702 0.000388468 -0.000884683 0.0412544 0.0161334 9.07346e-05 -0.000548126 0.000308208 0.00132374 0.000412794 0.0208451
internal_weight=76.3422 5.05496 71.2873 70.0985 69.1703 67.0805 2.08985 1.31251 66.0879 65.2956 63.8635 62.9731 62.0411 4.95432
internal_count=3269 1721 1548 1503 1456 1408 48 43 1372 1353 1338 1330 1320 145
is_linear=0
shrinkage=0.05


Tree=87
num_leaves=15
num_cat=0
split_feature=3 2 3 3 3 0 3 0 2 2 2 2 0 3
split_gain=1.6329 1.4954 1.38382 1.12074 1.08398 1.1236 0.982272 1.52871 1.16171 0.918767 0.829122 7.11083 1.92715 0.815641
threshold=4.1500000000000012 6.3500000000000005 3.9500000000000006 3.7500000000000004 2.0500000000000003 10.500000000000002 3.3500000000000001 1.5000000000000002 5.6500000000000012 7.4500000000000011 4.2500000000000009 4.3500000000000005 4.5000000000000009 3.8500000000000001
decision_type=2 2 2 2 2 2 2 2 2 2 2 2 2 2
left_child=1 2 4 -3 -1 6 10 -8 13 -2 -6 -12 -13 -9
right_child=9 3 -4 -5 5 -7 7 8 -10 -11 11 12 -14 -15
leaf_value=-0.050161505297327491 -0.00019066431203082176 -0.0062218214757255213 -0.056909283537836156 0.062276447493432599 -0.0023132689083875469 -0.05038383652152717 0.083900666281727321 -0.049676436390784159 0.040517709229797909 0.033377669672102997 0.24360482761436331 0.084789597369831826 -0.051602039243202308 0.0059911120819424067
leaf_weight=1.9414378916844786 54.570253628538921 1.5405386232305311 2.3144085700623682 0.97514931298792351 4.8314251258270797 1.5244690121617157 0.32069014757871617 3.1950696140993387 0.53030688315629948 2.1174791660159817 0.33682252536527801 0.35695760371163465 0.94364374852739275 0.82867683935910452
leaf_count=1042 573 28 98 11 710 359 3 227 5 60 22 8 90 27
internal_value=-0.00324136 -0.0156661 -0.0209543 0.02033 -0.0153353 -0.010081 -0.0046647 -0.0216139 -0.0290441 0.00106323 0.00810771 0.0388561 -0.0141686 -0.0382119
internal_weight=76.3273 19.6396 17.1239 2.51569 14.8095 12.8681 11.3436 4.87474 4.55405 56.6877 6.46885 1.63742 1.3006 4.02375
internal_count=3263 2630 2591 39 2493 1451 1092 262 259 633 830 120 98 254
is_linear=0
shrinkage=0.05


Tree=88
num_leaves=15
num_cat=0
split_feature=6 2 3 3 3 0 2 3 2 0 2 3 0 3
split_gain=1.52511 1.7371 1.40789 1.2041 1.10219 0.968837 1.36794 1.59753 3.28432 2.82063 2.92695 1.3089 1.02208 0.989469
threshold=1.0000000180025095e-35 6.9500000000000011 6.6500000000000012 2.0500000000000003 2.4500000000000006 13.500000000000002 5.6500000000000012 3.4500000000000006 2.5500000000000003 5.5000000000000009 3.3500000000000001 6.3500000000000005 3.5000000000000004 5.1500000000000012
decision_type=2 2 2 2 2 2 2 2 2 2 2 2 2 2
left_child=4 2 3 -2 -1 6 7 8 -6 10 -10 -8 -12 -7
right_child=1 -3 -4 -5 5 13 11 -9 9 -11 12 -13 -14 -15
leaf_value=-0.050494043085358722 -0.050161276733558462 0.041188192356907002 -0.063097246663002413 0.0063949805153899648 0.23005524974660282 -0.062946073838704056 0.029087408745717996 -0.019505775345585299 -0.024547080419299962 -0.050368239447238373 0.056767973047124512 -0.010659519039621247 0.16282605571783113 -0.012300916148729054
leaf_weight=1.4504405973712007 0.96347940829582412 3.3604994984343639 0.77125705406069656 40.539865365251899 0.17765384074301183 1.3245078047038976 5.4562383762095106 11.452682765433563 0.71483395143877737 1.182537321699783 0.44686054065823555 3.3387345820665359 0.46204814780503511 3.5474241967312992
leaf_count=677 525 62 6 1059 12 152 52 271 92 215 13 35 22 46
internal_value=0.00085797 0.00658859 0.00383819 0.00508206 -0.00799084 -0.00579722 -0.00154588 -0.0110159 0.0215694 0.00837102 0.0511496 0.0139987 0.110683 -0.0260696
internal_weight=75.1891 45.6351 42.2746 41.5033 29.554 28.1035 23.2316 14.4366 2.98393 2.80628 1.62374 8.79497 0.908909 4.87193
internal_count=3239 1652 1590 1584 1587 910 712 625 354 342 127 87 35 198
is_linear=0
shrinkage=0.05


Tree=89
num_leaves=15
num_cat=0
split_feature=3 3 0 3 0 2 2 2 3 3 0 3 3 0
split_gain=1.61227 1.1579 1.11728 0.814772 1.85499 2.41824 1.3388 1.76257 0.824119 1.76029 3.11689 0.795983 1.27431 1.11828
threshold=1.7500000000000002 7.3500000000000005 21.500000000000004 5.0500000000000007 10.500000000000002 6.4500000000000011 5.7500000000000009 5.5500000000000007 3.9500000000000006 4.2500000000000009 14.500000000000002 4.2500000000000009 3.9500000000000006 2.5000000000000004
decision_type=2 2 2 2 2 2 2 2 2 2 2 2 2 2
left_child=-1 2 3 4 5 6 7 11 -6 10 -10 12 13 -2
right_child=1 -3 -4 -5 8 -7 -8 -9 9 -11 -12 -13 -14 -15
leaf_value=-0.05072983460340507 0.033595412868485552 0.054687468400254902 -0.050448912128753499 0.0073971181748180431 -0.053289734433687452 0.061507493568597721 -0.045675225504973674 0.079037490099314892 -0.045900271112876631 -0.035878988481501305 0.12936522701420111 0.0066514174087994038 -0.03853124982628986 -0.0088679766089077555
leaf_weight=1.5047812783159304 1.8491325011709765 1.0110899619758118 1.0477679113391776 32.76355533208698 2.2066360854078075 1.5872915964573611 1.6430733858142037 0.70074499188922246 0.50914525846019409 2.6859823572449386 0.50554758124053478 15.609817191958426 3.0180267146788529 9.5989930162904766
leaf_count=833 110 32 52 280 375 21 21 11 26 95 22 149 79 1175
internal_value=0.000511903 0.00154362 0.000814799 0.00155385 -0.00324258 0.0012499 -0.00170035 0.000647337 -0.0291048 -0.0146838 0.0414218 -0.00117909 -0.00962866 -0.00200917
internal_weight=76.2416 74.7368 73.7257 72.6779 39.9144 34.0071 32.4198 30.7767 5.90731 3.70068 1.01469 30.076 14.4662 11.4481
internal_count=3281 2448 2416 2364 2084 1566 1545 1524 518 143 48 1513 1364 1285
is_linear=0
shrinkage=0.05


Tree=90
num_leaves=15
num_cat=0
split_feature=3 3 3 2 2 2 3 2 3 4 2 3 6 4
split_gain=2.10054 1.06857 1.50952 1.05626 1.42537 1.62025 1.03831 0.938147 0.868707 0.902559 0.719636 1.07058 1.29902 0.764699
threshold=2.9500000000000006 7.3500000000000005 7.0500000000000007 6.7500000000000009 7.3500000000000005 7.4500000000000011 5.1500000000000012 7.3500000000000005 6.6500000000000012 7.035000000000001 2.6500000000000008 2.4500000000000006 1.0000000180025095e-35 3.7450000000000006
decision_type=2 2 2 2 2 2 2 2 2 10 2 2 2 8
left_child=7 2 3 8 6 -6 -5 10 9 -2 11 13 -13 -1
right_child=1 -3 -4 4 5 -7 -8 -9 -10 -11 -12 12 -14 -15
leaf_value=0.056303154480425568 0.0004624377835019087 0.054637506399612158 -0.054895543277460983 0.0073257871992269382 -0.065057559624902159 0.022563483322626959 0.057353272923435908 0.071425311220838922 -0.050052267210426798 -0.057215266332946393 -0.050860420240254701 0.11794589175492515 -0.050303504077969741 -0.050084222070694566
leaf_weight=0.19812195748090744 58.250697908457369 0.91078316979110141 1.2244305349886406 1.7471961695700873 0.87908201292157206 1.3195652486756442 2.5522162783890963 0.20998720824718464 0.88734636455774207 0.6862562804017206 3.1697649605339393 0.29461870132945467 0.1878837498370558 1.1454924517311145
leaf_count=2 1319 30 13 18 7 33 26 1 6 17 977 26 48 738
internal_value=-0.00148742 0.000840915 0.000115536 0.00113114 0.0202769 -0.0124699 0.0370231 -0.0321052 -0.000948456 -0.000209156 -0.0364568 -0.0114551 0.0524305 -0.0343969
internal_weight=73.6634 68.4576 67.5468 66.3224 6.49806 2.19865 4.29941 5.20587 59.8243 58.937 4.99588 1.82612 0.482502 1.34361
internal_count=3261 1469 1439 1426 84 40 44 1792 1342 1336 1791 814 74 740
is_linear=0
shrinkage=0.05


Tree=91
num_leaves=15
num_cat=0
split_feature=3 0 3 7 3 6 4 1 3 0 3 0 0 0
split_gain=1.39359 1.21525 3.00074 1.81163 1.19069 1.11902 0.922446 0.679656 0.525107 0.453953 0.556666 0.619916 0.553865 0.355631
threshold=1.7500000000000002 10.500000000000002 5.3500000000000005 1.0000000180025095e-35 5.6500000000000012 1.0000000180025095e-35 7.035000000000001 1.0000000180025095e-35 5.1500000000000012 11.500000000000002 6.3500000000000005 15.500000000000002 18.500000000000004 16.500000000000004
decision_type=2 2 2 2 2 2 10 2 2 2 2 2 2 2
left_child=-1 3 5 6 -4 -3 7 -2 -7 -6 11 -11 -13 -12
right_child=1 2 4 -5 9 8 -8 -9 -10 10 13 12 -14 -15
leaf_value=-0.050673402240371847 0.0063141448231496091 -0.061018645392609774 0.042855815382636081 -0.051980432648713215 -0.021470947710097887 -0.028788548633737983 -0.05515722608468198 0.058205061686598281 0.0077066479864257064 -0.02160504223660889 0.034933589770756855 0.030766490690962368 -0.012596126222088009 0.0054331825731324555
leaf_weight=1.3582900401670475 48.849020355031826 2.4919634885154682 1.7927489527501155 1.3730401259381313 2.1763980668038121 4.6591216494562104 0.60448756208643217 0.63928335160016914 1.2500913199037311 3.1118790265172702 1.7415921650826929 1.5654687881469729 1.3904827740043399 2.4711829517036676
leaf_count=832 1601 302 26 57 13 284 50 7 16 17 23 14 18 17
internal_value=-0.000485732 0.000434025 -0.00921674 0.00468148 0.00475684 -0.0329182 0.00623458 0.00698446 -0.021068 -0.000726167 0.00366549 -0.00602901 0.0103687 0.0176289
internal_weight=75.4751 74.1168 22.6509 51.4658 14.2498 8.40118 50.0928 49.4883 5.90921 12.457 10.2806 6.06783 2.95595 4.21278
internal_count=3277 2445 730 1715 128 602 1658 1608 300 102 89 49 32 40
is_linear=0
shrinkage=0.05


Tree=92
num_leaves=15
num_cat=0
split_feature=2 3 4 0 0 3 2 0 1 0 3 3 3 7
split_gain=2.14681 1.50953 1.05293 0.763135 0.727647 0.719055 2.46894 0.723477 0.652113 0.569343 2.99357 1.1243 1.03162 0.626901
threshold=6.9500000000000011 2.0500000000000003 7.035000000000001 20.500000000000004 10.500000000000002 6.5500000000000007 6.4500000000000011 1.5000000000000002 1.0000000180025095e-35 19.500000000000004 6.0500000000000007 6.3500000000000005 5.9500000000000011 1.0000000180025095e-35
decision_type=2 2 8 2 2 2 2 2 2 2 2 2 2 2
left_child=1 -1 -3 5 -2 6 7 -4 9 11 -11 12 13 -9
right_child=4 2 3 -5 -6 -7 -8 8 -10 10 -12 -13 -14 -15
leaf_value=-0.050213723219990493 0.048953987051529417 0.058162037451708316 0.041243462021803214 -0.053768448722683881 0.014720798110118245 -0.022858110330045645 0.041752445774136782 -0.0031317613311224466 -0.056536541147730768 -0.05322661312607594 0.11510692987292702 -0.049467262247417036 0.028609976709915486 -0.035060220664031264
leaf_weight=1.6374196909600858 2.3766341600567094 0.72867929935455322 0.91617910715285589 0.71173207846004416 4.4751448156312108 3.777244869619607 3.2879179131705305 48.230022605741397 0.57474091672338445 0.51360238180495688 0.54370281100273132 1.3099267929792393 2.5249810852110377 1.5880060789640982
leaf_count=1039 60 7 25 55 57 25 34 1764 37 41 3 9 16 64
internal_value=-5.03753e-05 -0.00280222 -0.00160246 -0.00228315 0.0265951 -0.00170395 -0.000360769 -0.0028245 -0.0035548 -0.00299821 0.0333363 -0.00371423 -0.00256923 -0.00414952
internal_weight=73.1959 66.3442 64.7067 63.9781 6.85178 63.2663 59.4891 56.2012 55.285 54.7102 1.05731 53.6529 52.343 49.818
internal_count=3236 3119 2080 2073 117 2018 1993 1959 1934 1897 44 1853 1844 1828
is_linear=0
shrinkage=0.05


Tree=93
num_leaves=15
num_cat=0
split_feature=2 3 3 4 3 2 2 2 3 2 6 2 3 3
split_gain=1.26147 1.10155 2.07519 0.753358 0.723795 0.956964 1.87917 1.12945 0.850488 0.983525 1.84628 0.535601 3.81539 3.76034
threshold=4.2500000000000009 7.3500000000000005 7.0500000000000007 3.7450000000000006 2.4500000000000006 3.9500000000000006 3.8500000000000001 2.9500000000000006 3.3500000000000001 3.4500000000000006 1.0000000180025095e-35 4.3500000000000005 3.4500000000000006 2.9500000000000006
decision_type=2 2 2 8 2 2 2 2 2 2 2 2 2 2
left_child=3 2 11 -1 -5 6 7 -6 -9 10 -10 12 13 -2
right_child=1 -3 -4 4 5 -7 -8 8 9 -11 -12 -13 -14 -15
leaf_value=0.058309394591801726 -0.050649928384464409 0.054249213590857506 -0.069563289124494179 -0.05007926299241261 0.022587348958257394 -0.037897624242116262 0.04810592346602488 -0.050789424692535667 0.15033753540645775 -0.024915900338322104 -0.050594280039857643 -0.00085750552217842219 -0.004061126915210907 0.24290140347717504
leaf_weight=0.31680119037628174 0.16170806903392021 0.91552598960697551 1.0842115320265282 1.6938083594432072 1.3572959372540916 3.1080554889049381 1.3642977267736567 2.2720265798270702 0.24869322730228338 1.6092024552635846 0.21159625379368663 57.176744713680819 2.5469076815061271 0.33529224642552435
leaf_count=3 41 33 12 1188 220 171 54 290 25 151 22 1010 39 12
internal_value=-0.0030716 -0.000190854 -0.00100386 -0.0177855 -0.0198173 -0.0147777 -0.00460403 -0.0172228 -0.0296687 -0.00648099 0.0579687 0.000230482 0.0206672 0.147389
internal_weight=74.4022 62.2204 61.3049 12.1818 11.865 10.1712 7.06311 5.69881 4.34152 2.06949 0.460289 60.2207 3.04391 0.497
internal_count=3271 1147 1114 2124 2121 933 762 708 488 198 47 1102 92 53
is_linear=0
shrinkage=0.05


Tree=94
num_leaves=15
num_cat=0
split_feature=2 0 4 1 2 6 2 2 0 2 2 2 2 0
split_gain=1.02545 1.22586 0.913503 0.83063 0.840235 0.730324 1.15624 2.19711 1.07355 2.23491 1.18121 1.07258 1.21661 1.21947
threshold=7.7500000000000009 20.500000000000004 7.035000000000001 1.0000000180025095e-35 2.4500000000000006 1.0000000180025095e-35 6.0500000000000007 5.9500000000000011 9.5000000000000018 6.4500000000000011 6.8500000000000005 2.5500000000000003 4.2500000000000009 13.500000000000002
decision_type=2 2 10 2 2 2 2 2 2 2 2 2 2 2
left_child=1 2 3 4 -1 11 7 -7 -8 -10 -11 -6 -13 -14
right_child=-2 -3 -4 -5 5 6 8 -9 9 10 -12 12 13 -15
leaf_value=-0.050071123664904897 0.051412378158911455 -0.054281862784846813 -0.055097661836309819 0.057320030544658201 0.078019262222518981 0.0029195193821913035 0.043139388014646257 -0.077509077180136304 0.047853863260193343 -0.031120744702157796 0.01725177374665687 -0.03503013511149853 0.003240850541406666 -0.026328612109429522
leaf_weight=0.79906153399497171 0.98663435131311317 1.0219495167257253 0.72190801321994413 0.65867089293897052 0.38355556409806268 31.410507333581336 3.3470641262829286 0.87271517573390056 2.5065151024609804 2.8594633182510734 2.2590670250356197 3.2137005958938998 18.932202260359194 4.2739266834687433
leaf_count=614 46 64 106 8 25 1120 43 11 15 18 21 673 366 138
internal_value=0.000778228 9.6312e-05 0.000865595 0.0014305 0.000910974 0.00149246 0.00551103 0.000745286 0.0195333 0.00917119 -0.0097715 -0.00499272 -0.00619786 -0.00220503
internal_weight=74.2469 73.2603 72.2384 71.5164 70.8578 70.0587 43.2553 32.2832 10.9721 7.62505 5.11853 26.8034 26.4198 23.2061
internal_count=3268 3222 3158 3052 3044 2430 1228 1131 97 54 39 1202 1177 504
is_linear=0
shrinkage=0.05


Tree=95
num_leaves=15
num_cat=0
split_feature=2 4 3 0 0 0 2 3 0 2 3 2 0 2
split_gain=1.11934 1.03346 1.09533 0.824619 1.24228 1.41961 0.854547 1.23076 0.74732 0.764203 1.90443 1.80951 2.01788 1.81298
threshold=7.7500000000000009 7.035000000000001 2.2500000000000004 21.500000000000004 19.500000000000004 18.500000000000004 6.7500000000000009 6.0500000000000007 1.5000000000000002 4.8500000000000005 4.6500000000000012 4.7500000000000009 8.5000000000000018 2.9500000000000006
decision_type=2 8 2 2 2 2 2 2 2 2 2 2 2 2
left_child=1 -1 -3 4 5 8 7 -6 -4 10 11 12 13 -10
right_child=-2 2 3 -5 6 -7 -8 -9 9 -11 -12 -13 -14 -15
leaf_value=0.056661417520899586 0.051434727926259187 -0.039678520454851318 0.042874430724187299 -0.054389893847047503 -0.052301403120746583 -0.063708500473641738 0.07725356804259359 0.046979680330546961 0.045141642599228878 0.00063245882523606635 -0.048854432368596795 0.07438976388761738 0.016841507548574774 -0.023437660360316817
leaf_weight=0.70494554005563259 0.93652158882468839 2.1084423253778359 0.88235182920470734 0.77480963687412341 0.4877036324469366 0.97179633204359461 0.76834813505411137 0.86726938933134079 1.0410323662217802 41.288506168057211 2.8669532956555477 0.68770523613784362 5.7450445817084974 12.975050602690315
leaf_count=9 44 1203 20 53 46 39 5 5 211 495 43 31 494 530
internal_value=-0.00287695 -0.00358173 -0.00417598 -0.0030967 -0.00251721 -0.00372005 0.0351309 0.0112448 -0.00282985 -0.00345407 -0.0106906 -0.00534003 -0.0081147 -0.018344
internal_weight=73.1065 72.17 71.465 69.3566 68.5818 66.4584 2.12332 1.35497 65.4866 64.6043 23.3158 20.4488 19.7611 14.0161
internal_count=3228 3184 3175 1972 1919 1863 56 51 1824 1804 1309 1266 1235 741
is_linear=0
shrinkage=0.05


Tree=96
num_leaves=15
num_cat=0
split_feature=3 2 0 4 6 2 3 3 3 0 3 0 0 3
split_gain=1.20368 0.905892 1.07672 0.847735 0.736276 2.30176 1.69541 1.21 1.16126 1.26094 1.32194 2.76879 2.07139 1.17075
threshold=1.7500000000000002 7.7500000000000009 21.500000000000004 7.035000000000001 1.0000000180025095e-35 6.9500000000000011 7.0500000000000007 6.6500000000000012 4.4500000000000011 17.500000000000004 5.7500000000000009 10.500000000000002 12.500000000000002 5.4500000000000011
decision_type=2 2 2 10 2 2 2 2 2 2 2 2 2 2
left_child=-1 2 3 4 6 7 8 -6 -2 10 12 -12 13 -10
right_child=1 -3 -4 -5 5 -7 -8 -9 9 -11 11 -13 -14 -15
leaf_value=-0.050730621672071367 -0.017075067999895489 0.051351730983074433 -0.054086572547586802 -0.055206600553223795 0.0046566818472094616 0.052589863853018726 -0.064739523514977262 -0.057804186516675675 0.017031697259243396 -0.035870488464653072 -0.0014917394302340094 0.075664350617527298 -0.057134355917996232 -0.024382913574125642
leaf_weight=1.1103895223350253 8.3021656135097199 0.90797556657344003 0.87329166708513994 0.64705146290361781 40.744888675864786 2.530065592378377 1.1076447721570719 0.79041099920868774 8.1510111279785686 1.670541728613897 2.6772466339170924 2.0554802119731903 1.3673018636181939 2.1583138182759276
leaf_count=827 915 45 56 53 1142 29 12 6 85 29 25 11 38 12
internal_value=0.000941012 0.00171653 0.00109981 0.00176729 0.00228249 0.00628845 -0.00413897 0.00346806 -0.00159467 0.00551382 0.00972692 0.0320181 0.000691952 0.00836132
internal_weight=75.0938 73.9834 73.0754 72.2021 71.5551 44.0654 27.4897 41.5353 26.3821 18.0799 16.4094 4.73273 11.6766 10.3093
internal_count=3285 2458 2413 2357 2304 1177 1127 1148 1115 200 171 36 135 97
is_linear=0
shrinkage=0.05


Tree=97
num_leaves=15
num_cat=0
split_feature=2 2 0 2 0 0 6 3 3 6 2 3 3 2
split_gain=1.39711 1.39374 2.65379 2.04097 1.57899 1.32697 1.06808 2.03218 0.931302 1.00162 2.26698 1.78534 0.95716 0.979192
threshold=4.1500000000000012 4.3500000000000005 9.5000000000000018 4.2500000000000009 10.500000000000002 7.5000000000000009 1.0000000180025095e-35 3.2500000000000004 7.3500000000000005 1.0000000180025095e-35 6.9500000000000011 7.0500000000000007 3.2500000000000004 4.5500000000000007
decision_type=2 2 2 2 2 2 2 2 2 2 2 2 2 2
left_child=5 2 6 4 -4 -1 7 -2 9 11 -11 12 -3 -14
right_child=1 8 3 -5 -6 -7 -8 -9 -10 10 -12 -13 13 -15
leaf_value=-0.0076080509974933638 0.075186260876281441 -0.052169150645214206 -0.053292580617157317 0.18481728240359233 0.11656806233053972 -0.050414641797194085 0.031249796038841746 -0.059463029795668115 0.054566148819328836 0.00064222970753530012 0.046582647548550765 -0.074180311692611106 0.044206347325066668 -0.0061590171801245925
leaf_weight=7.2652579924906586 0.37949571025092099 1.0656682949047596 0.25276413466781367 0.421506398008205 0.29825134086422622 2.4112983000813983 2.1565372125478461 1.0711414758116005 0.77236493956297536 32.302646016934887 2.9288045810535541 1.0093292444944371 1.0191282136365796 18.182170988293365
leaf_count=1401 31 167 6 27 27 618 59 26 31 473 47 8 35 297
internal_value=-0.000607916 0.0021557 0.0286981 0.102001 0.0386489 -0.018275 0.00893522 -0.0242379 3.3562e-05 -0.000711806 0.00446128 -0.00927792 -0.00604567 -0.00348582
internal_weight=71.5364 61.8598 4.5797 0.972522 0.551015 9.67656 3.60717 1.45064 57.2801 56.5077 35.2315 21.2763 20.267 19.2013
internal_count=3253 1234 176 60 33 2019 116 57 1058 1027 520 507 499 332
is_linear=0
shrinkage=0.05


Tree=98
num_leaves=15
num_cat=0
split_feature=2 2 7 0 6 0 0 2 2 0 2 2 0 0
split_gain=1.36466 0.940897 0.924098 0.911917 0.798586 0.989982 4.09441 1.5299 2.25101 2.17222 1.43283 0.950919 0.803679 1.25766
threshold=2.8500000000000001 7.7500000000000009 1.0000000180025095e-35 21.500000000000004 1.0000000180025095e-35 14.500000000000002 15.500000000000002 5.5500000000000007 6.0500000000000007 9.5000000000000018 5.4500000000000011 5.7500000000000009 13.500000000000002 9.5000000000000018
decision_type=2 2 2 2 2 2 2 2 2 2 2 2 2 2
left_child=-1 2 3 4 12 7 -7 10 -9 -10 -6 -8 13 -2
right_child=1 -3 -4 -5 5 6 11 8 9 -11 -12 -13 -14 -15
leaf_value=-0.042373747048734041 -0.0098587209190130302 0.05122536596459093 -0.037761904065129935 -0.054029264485204537 0.0070197312571574182 0.10701676713419656 -0.052079536057689772 -0.036975060443817653 0.039869371760053188 -0.014903165327058791 0.058307055447433004 0.012765504806756296 -0.025339936922361507 0.016955793631002837
leaf_weight=1.9286284737172525 14.509858565637847 0.89412315841764112 1.6159128725412291 0.75792887882562254 21.787007579114292 1.1945664032828052 0.6972002977272499 5.1221196434926224 2.9100357657298446 4.789354850538075 1.4526042023207981 2.9899274905910715 4.3826569906668729 6.2591659881873047
leaf_count=980 626 49 70 50 798 25 69 41 41 35 14 27 185 251
internal_value=-0.000887638 0.000265886 -0.00039959 0.000503507 0.00112885 0.00543653 0.026568 0.00257591 -0.0112893 0.00579848 0.0102255 0.000503933 -0.00588334 -0.00177762
internal_weight=71.2911 69.3625 68.4683 66.8524 66.0945 40.9428 4.88169 36.0611 12.8215 7.69939 23.2396 3.68713 25.1517 20.769
internal_count=3261 2281 2232 2162 2112 1050 121 929 117 76 812 96 1062 877
is_linear=0
shrinkage=0.05


Tree=99
num_leaves=15
num_cat=0
split_feature=3 3 3 2 2 0 2 0 2 3 2 0 3 0
split_gain=2.05348 0.788441 1.30988 0.71193 1.38845 2.0019 1.27032 1.1028 1.0144 0.782093 2.75833 2.5122 0.868659 0.703405
threshold=2.9500000000000006 7.3500000000000005 7.0500000000000007 3.8500000000000001 3.9500000000000006 3.5000000000000004 4.1500000000000012 5.5000000000000009 3.4500000000000006 3.3500000000000001 4.3500000000000005 4.5000000000000009 3.6500000000000008 8.5000000000000018
decision_type=2 2 2 2 2 2 2 2 2 2 2 2 2 2
left_child=-1 2 3 8 5 -5 -6 -7 13 10 -8 -12 -11 -2
right_child=1 -3 -4 4 6 7 9 -9 -10 12 11 -13 -14 -15
leaf_value=-0.031969254086669327 -0.011483650064948349 0.054317815948291971 -0.049298480923871651 0.13896922476496154 -0.051838079736322873 0.066455041333962461 0.13122887506467915 -0.050847593057631979 -0.050811617980496042 -0.034438953988009516 0.11033534787172126 -0.051857212122421961 0.0038791430603223494 0.057375738334822401
leaf_weight=4.667357836791779 1.8593890223419292 0.72105859592556854 1.2334187729284156 0.46053847670555004 1.0414656421635289 0.40316746011376381 0.53552286606281896 0.39832296967506409 1.4711942435242233 1.5184482746990386 0.33364860340952851 0.83933534880634397 56.996926408610307 0.46327005466446269
leaf_count=1803 153 32 13 2 81 4 22 39 176 69 4 74 729 81
internal_value=0.00011713 0.00231057 0.00175546 0.00270494 0.00398099 0.0558937 0.00291162 0.00815823 -0.0183259 0.00385842 0.0372042 -0.00572246 0.00288481 0.00225082
internal_weight=72.9431 68.2757 67.5546 66.3212 62.5274 1.26203 61.2653 0.80149 3.79385 60.2239 1.70851 1.17298 58.5154 2.32266
internal_count=3282 1479 1447 1434 1024 45 979 43 410 898 100 78 798 234
is_linear=0
shrinkage=0.05


Tree=100
num_leaves=15
num_cat=0
split_feature=3 3 3 0 4 1 0 7 0 0 0 3 3 3
split_gain=0.978114 0.816693 0.882692 0.826881 0.76942 0.597764 0.621068 0.512479 0.884678 0.448129 1.43057 0.38737 1.06033 0.427373
threshold=1.7500000000000002 7.3500000000000005 7.2500000000000009 21.500000000000004 7.035000000000001 1.0000000180025095e-35 1.5000000000000002 1.0000000180025095e-35 4.5000000000000009 19.500000000000004 18.500000000000004 5.6500000000000012 5.1500000000000012 4.8500000000000005
decision_type=2 2 2 2 8 2 2 2 2 2 2 2 2 2
left_child=-1 2 3 4 -2 6 -6 9 -9 10 -8 12 13 -11
right_child=1 -3 -4 -5 5 -7 7 8 -10 11 -12 -13 -14 -15
leaf_value=-0.050639138390702582 0.056851541742175896 0.054170246792611468 -0.054473922979807514 -0.054020978607574821 0.042038565884183914 -0.055242713373002433 0.00036439097774934777 0.034513867356396104 -0.049563438919815211 -0.054909155846410485 -0.062315971614755751 0.0060510108103236891 0.10011479689619873 0.049076293108273959
leaf_weight=0.98269839608110388 0.59401592612266541 0.6787511557340612 0.76166334748268028 0.71060118521563609 0.8713948578806584 0.49148968898225476 62.909408512641676 0.42057089682202686 1.2217936860397456 0.23285867011872996 0.92367108818143506 1.4514535274356601 0.46138505358248949 0.17164549278095365
leaf_count=821 7 32 8 50 23 50 2100 10 60 32 43 12 6 4
internal_value=-0.00109334 -0.000416172 -0.000936385 -0.000357654 0.000189061 -0.000297644 9.56461e-05 -0.00044348 -0.0280332 0.000241511 -0.0005426 0.0218405 0.0483077 -0.0107844
internal_weight=72.8834 71.9007 71.222 70.4603 69.7497 69.1557 68.6642 67.7928 1.64236 66.1504 63.8331 2.31734 0.865889 0.404504
internal_count=3258 2437 2405 2397 2347 2340 2290 2267 70 2197 2143 54 42 36
is_linear=0
shrinkage=0.05


Tree=101
num_leaves=15
num_cat=0
split_feature=3 2 2 0 3 2 3 3 3 3 2 3 3 0
split_gain=1.5284 1.17879 0.820782 0.830296 2.02115 1.33818 3.17578 1.19508 1.35298 1.04968 0.765971 2.81405 0.760756 1.02218
threshold=2.8500000000000001 6.6500000000000012 7.7500000000000009 10.500000000000002 5.1500000000000012 6.7500000000000009 6.3500000000000005 5.9500000000000011 4.6500000000000012 6.6500000000000012 4.2500000000000009 4.1500000000000012 4.4500000000000011 7.5000000000000009
decision_type=2 2 2 2 2 2 2 2 2 2 2 2 2 2
left_child=1 -1 3 5 10 6 7 8 12 -6 11 -5 -2 -14
right_child=2 -3 -4 4 9 -7 -8 -9 -10 -11 -12 -13 13 -15
leaf_value=-0.04503162460146079 0.0077574314456289838 0.029525631226183194 0.051162139283221997 -0.050335053669255891 0.0076283203255064092 0.037693026833843339 -0.059506569207964835 0.059581730117344037 -0.0062372331870431119 -0.028860089166675512 -0.042040537151878755 0.15209058782200566 0.0072613721482481693 0.059422129028004061
leaf_weight=3.0272284176317039 19.335862847394313 0.64269930683076371 0.8104920363984992 0.57119548448827373 12.132509394781662 2.7934726281091562 2.003452591598033 0.97623981907963653 19.058825142681599 2.3533214926719657 4.5953702427214012 0.24547204002737999 1.9542800933122628 1.8083613459020851
leaf_count=1696 706 8 48 132 112 51 17 9 143 18 272 10 14 18
internal_value=-0.000537171 -0.0319747 0.00114371 0.000546029 -0.00803983 0.00411036 0.00203197 0.00489029 0.0036238 0.00170053 -0.0341108 0.0105096 0.0117602 0.0323303
internal_weight=72.3088 3.66993 68.6389 67.8284 19.8979 47.9305 45.137 43.1336 42.1573 14.4858 5.41204 0.816668 23.0985 3.76264
internal_count=3254 1704 1550 1502 544 958 907 890 881 130 414 142 738 32
is_linear=0
shrinkage=0.05


Tree=102
num_leaves=15
num_cat=0
split_feature=3 4 0 2 3 3 2 2 2 3 2 2 3 3
split_gain=1.08959 0.843477 0.624142 1.56014 1.37463 2.51682 3.9351 1.70009 6.03993 1.51981 1.6059 0.706422 2.13097 1.15206
threshold=1.7500000000000002 7.035000000000001 7.5000000000000009 6.4500000000000011 3.0500000000000003 3.2500000000000004 4.3500000000000005 3.1500000000000008 4.2500000000000009 3.9500000000000006 6.9500000000000011 4.7500000000000009 4.4500000000000011 4.7500000000000009
decision_type=2 10 2 2 2 2 2 2 2 2 2 2 2 2
left_child=-1 2 3 11 -4 6 7 -6 -9 10 -7 12 -2 -13
right_child=1 -3 4 -5 5 9 -8 8 -10 -11 -12 13 -14 -15
leaf_value=-0.050659011856133307 0.0088617252368285004 -0.054783058194419414 -0.050478855504923037 0.057764167232520792 0.35169314610514618 -0.051358228382533136 -0.050796596501315544 -0.050348486967557206 0.4319999609263408 0.0038914672588747281 0.072976894504504564 0.043582402410324579 -0.044304993206066852 0.0083246203791288789
leaf_weight=0.89698414830490847 11.379785241326323 0.58892948302673076 1.2416435842751514 1.6764232628047455 0.12409297481644799 2.1844402562128376 0.26349827984813601 0.17445468320511281 0.10334878275170922 36.157803762471303 0.29473923612385977 2.9891578776296219 2.2587741911411277 10.301827196031807
leaf_count=818 832 51 431 37 10 305 31 35 4 552 3 51 19 69
internal_value=0.00409718 0.00480145 0.00530892 0.0109642 0.00131885 0.00295524 0.0993711 0.197827 0.129095 0.0012948 -0.0365765 0.00805075 5.64249e-05 0.0162541
internal_weight=70.6359 69.7389 69.15 28.606 40.544 39.3024 0.665395 0.401896 0.277803 38.637 2.47918 26.9295 13.6386 13.291
internal_count=3248 2430 2379 1008 1371 940 80 49 39 860 308 971 851 120
is_linear=0
shrinkage=0.05


Tree=103
num_leaves=15
num_cat=0
split_feature=3 0 2 2 0 3 2 2 2 6 3 2 2 0
split_gain=1.23769 1.37568 1.64 0.894791 0.887189 1.20545 1.24934 1.14627 2.14745 1.32903 2.16694 0.909808 1.43908 1.96051
threshold=2.2500000000000004 7.5000000000000009 6.4500000000000011 7.7500000000000009 6.5000000000000009 4.4500000000000011 4.8500000000000005 4.8500000000000005 2.9500000000000006 1.0000000180025095e-35 4.4500000000000011 3.3500000000000001 2.5500000000000003 5.5000000000000009
decision_type=2 2 2 2 2 2 2 2 2 2 2 2 2 2
left_child=-1 2 4 -3 5 11 -7 8 -6 10 -10 12 13 -2
right_child=1 3 -4 -5 7 6 -8 -9 9 -11 -12 -13 -14 -15
leaf_value=-0.045712261480025905 -0.050460488974792987 -0.0083635522026323031 0.055863365799472424 0.051190818812261951 0.11974789875412897 -0.039703029604314544 -0.0017400501463079743 0.042076318653996476 -0.051092536543817374 -0.05544815836921644 0.14872982632608892 0.016785387316451818 -0.041398860562714079 0.15866456232695969
leaf_weight=1.6097516390727822 0.21285686083138999 39.35469189757714 1.6114801550284017 0.64098945073783298 0.29164963914081399 3.0250669196248037 7.6421603485941887 3.0791302169673145 0.30400871566962417 1.2320075361058116 0.24502664804458618 10.03074116411153 1.6299034537514669 0.23669470159802586
leaf_count=1224 62 1184 43 36 22 22 53 28 35 44 3 263 238 14
internal_value=-0.00236848 -0.00136509 0.00681801 -0.00740911 0.00398816 -0.00024999 -0.0125058 0.022726 -0.00602015 -0.0266149 0.0380853 0.0105455 -0.0195541 0.0596466
internal_weight=71.1462 69.5364 29.5407 39.9957 27.9292 22.7774 10.6672 5.15182 2.07269 1.78104 0.549035 12.1102 2.07946 0.449552
internal_count=3271 2047 827 1220 784 652 75 132 104 82 38 577 314 76
is_linear=0
shrinkage=0.05


Tree=104
num_leaves=15
num_cat=0
split_feature=2 0 2 2 3 0 4 2 3 2 0 2 0 6
split_gain=1.39076 1.02076 1.21488 1.09289 1.31574 2.83762 1.05895 0.725869 1.13661 0.695385 1.79138 1.63936 1.25519 0.633542
threshold=4.1500000000000012 3.5000000000000004 3.6500000000000008 3.1500000000000008 3.0500000000000003 7.5000000000000009 3.7450000000000006 2.5500000000000003 2.4500000000000006 4.3500000000000005 9.5000000000000018 4.2500000000000009 10.500000000000002 1.0000000180025095e-35
decision_type=2 2 2 2 2 2 8 2 2 2 2 2 2 2
left_child=1 2 6 4 7 -6 -1 8 -3 10 13 12 -12 -2
right_child=9 3 -4 -5 5 -7 -8 -9 -10 -11 11 -13 -14 -15
leaf_value=0.057161782519445495 -0.025130645491974898 -0.050064399068857068 0.035055555140605085 -0.050824808421685221 -0.050762262306116593 0.21948687929457544 -0.050871238162823365 -0.05057355761747289 0.070584364592617105 -0.001985406532002733 -0.05319413023744865 0.13643565014459955 0.081545999824099505 0.016015462122627989
leaf_weight=0.28179197013378143 1.47792363539338 0.37497845024336163 1.4435119553818365 3.5938460260513239 0.20519169280305494 0.18444444611668587 1.162966988049446 1.0743248233920892 0.40719286852981895 58.145782122330274 0.31998438655864425 0.52788887184578925 0.37588653492275625 2.5491462780628353
leaf_count=3 61 379 38 697 19 13 503 324 35 1061 9 30 31 62
internal_value=-0.002988 -0.0217001 0.00261377 -0.033725 -0.00636512 0.0771672 -0.0298 -0.0238967 0.0127445 -0.00041177 0.0170141 0.0699922 0.019588 0.000914953
internal_weight=72.1249 8.72825 2.88827 5.83998 2.24613 0.389636 1.44476 1.8565 0.782171 63.3966 5.25083 1.22376 0.695871 4.02707
internal_count=3265 2011 544 1467 770 32 506 738 414 1254 193 70 40 123
is_linear=0
shrinkage=0.05


Tree=105
num_leaves=15
num_cat=0
split_feature=6 0 0 3 0 2 3 3 2 0 3 2 3 2
split_gain=0.937712 1.20421 2.30501 1.71652 1.17161 1.12293 0.963805 2.33001 1.29653 1.09421 0.976625 0.93839 1.50707 1.63786
threshold=1.0000000180025095e-35 14.500000000000002 15.500000000000002 5.5500000000000007 13.500000000000002 7.0500000000000007 5.5500000000000007 5.3500000000000005 6.6500000000000012 10.500000000000002 5.1500000000000012 7.3500000000000005 7.0500000000000007 6.7500000000000009
decision_type=2 2 2 2 2 2 2 2 2 2 2 2 2 2
left_child=4 6 -3 5 11 -4 7 8 9 -2 -11 12 13 -1
right_child=1 2 3 -5 -6 -7 -8 -9 -10 10 -12 -13 -14 -15
leaf_value=-0.0077388270331406458 0.0016392308979573146 0.077499907935779877 -0.05507443997651712 0.029897634234741913 -0.032133771186826421 0.034371619608624844 -0.014034563293188723 0.064302306896336564 0.047511648755679196 -0.052875726955358818 0.019371465714584011 0.050384540553077707 -0.078957471438037899 0.044137454932255488
leaf_weight=19.618127206689692 22.761730965983599 1.494589902460574 1.3486030085477976 2.9540035668760538 4.4880131242098278 0.4742961861193179 9.5968217514455301 1.53071854636073 1.4104574201628555 1.7721464870846824 0.6355064958333968 0.76161740254610677 0.68700407445430656 1.6494482122361649
leaf_count=1318 1191 32 116 29 232 4 90 11 16 172 7 20 5 24
internal_value=-0.0014927 0.00302078 0.0233082 0.00635275 -0.0087893 -0.0318017 -0.000353417 0.00431727 0.000862761 -0.00175138 -0.0338059 -0.00417716 -0.00606994 -0.00371546
internal_weight=71.1831 43.9789 6.27149 4.7769 27.2042 1.8229 37.7074 28.1106 26.5798 25.1694 2.40765 22.7162 21.9546 21.2676
internal_count=3267 1668 181 149 1599 120 1487 1397 1386 1370 179 1367 1347 1342
is_linear=0
shrinkage=0.05


Tree=106
num_leaves=15
num_cat=0
split_feature=3 0 0 3 2 3 0 3 2 6 2 3 3 2
split_gain=1.16561 1.98535 1.22786 2.6169 2.17971 2.26007 1.22103 1.23577 1.71516 0.957589 1.35563 0.9458 1.00602 0.969492
threshold=5.6500000000000012 7.5000000000000009 10.500000000000002 5.3500000000000005 6.4500000000000011 5.5500000000000007 11.500000000000002 6.5500000000000007 6.8500000000000005 1.0000000180025095e-35 6.9500000000000011 2.4500000000000006 4.7500000000000009 4.7500000000000009
decision_type=2 2 2 2 2 2 2 2 2 2 2 2 2 2
left_child=2 -2 4 9 5 11 7 -3 -9 -4 -11 -1 13 -13
right_child=1 6 3 -5 -6 -7 -8 8 -10 10 -12 12 -14 -15
leaf_value=-0.039274320439595528 0.054948836853640284 0.0098944314035612369 -0.059683291329362911 0.03584819501442095 0.052709993013059023 -0.077460041673861668 0.017523275422376954 -0.0655737841928523 0.004180270201982807 -0.033950150150046522 0.028623666097211509 0.00188376593145633 -0.0109452713226539 0.026293795478944483
leaf_weight=1.5048098700353865 2.2752616596408215 3.7373508457094458 2.2827082306030189 1.7112670803908256 1.8864193409681309 0.97554765641689201 8.8502833480015379 1.7972023934125902 1.7291589071974156 4.143336764711421 1.0941223017871378 20.57865558099002 11.774099245667456 5.0698147097136816
leaf_count=1233 43 26 343 26 32 6 82 9 24 297 9 937 88 91
internal_value=0.000434954 0.0112276 -0.003455 -0.0199582 0.000190626 -0.00229224 0.00505423 -0.0101383 -0.0313697 -0.0326573 -0.0208783 -0.00040848 0.00115437 0.00670878
internal_weight=69.41 18.3893 51.0208 9.23143 41.7893 39.9029 16.114 7.26371 3.52636 7.52017 5.23746 38.9274 37.4226 25.6485
internal_count=3246 184 3062 675 2387 2355 141 59 33 649 306 2349 1116 1028
is_linear=0
shrinkage=0.05


Tree=107
num_leaves=15
num_cat=0
split_feature=6 0 3 2 0 2 2 3 2 3 0 2 2 0
split_gain=1.07434 1.11493 1.53844 1.40281 1.38119 1.275 1.81775 1.22264 1.19067 1.02806 0.862857 2.2263 0.836876 3.14039
threshold=1.0000000180025095e-35 6.5000000000000009 4.2500000000000009 4.7500000000000009 9.5000000000000018 5.6500000000000012 6.0500000000000007 5.4500000000000011 4.9500000000000011 5.2500000000000009 2.5000000000000004 5.7500000000000009 3.4500000000000006 4.5000000000000009
decision_type=2 2 2 2 2 2 2 2 2 2 2 2 2 2
left_child=1 8 -3 -4 7 -6 -7 -5 12 -10 11 -2 13 -1
right_child=10 2 3 4 5 6 -8 -9 9 -11 -12 -13 -14 -15
leaf_value=-0.034246040904199644 0.043133801911203681 -0.05087153366355384 0.033491043330168301 -0.0119355098886041 -0.052246158876639394 0.042666492185391272 -0.011903814809378875 -0.073643849255136715 0.055149354504202719 -0.00043764673698941858 0.0032529621307012518 -0.091987747101534539 -0.019236653804098482 0.11192816912442152
leaf_weight=0.92142456310102872 3.0334075895952988 2.5732704845722791 1.7195298271253694 1.5999344978481524 1.2178555437130834 2.0879494918044657 5.6702032024040818 1.6108913216739891 1.8450103754876184 1.514633761718869 41.385388728231192 0.33889872673898924 4.1180728013277985 0.61114193242974579
leaf_count=354 157 657 45 18 63 24 43 18 23 18 1513 6 185 163
internal_value=0.00056837 -0.00762522 -0.0153575 -0.00878585 -0.014751 -0.00468358 0.00278268 -0.042895 0.00651691 0.030089 0.0052347 0.0295548 -0.0074981 0.0240439
internal_weight=70.2476 25.4899 16.4796 13.9064 12.1868 8.97601 7.75815 3.21083 9.01028 3.35964 44.7577 3.37231 5.65064 1.53257
internal_count=3287 1611 868 211 166 130 67 36 743 41 1676 163 702 517
is_linear=0
shrinkage=0.05


Tree=108
num_leaves=15
num_cat=0
split_feature=3 4 0 1 0 3 3 2 0 2 0 2 0 3
split_gain=0.857462 0.716002 0.694058 0.622151 0.639171 2.76639 1.48741 1.54934 1.32479 1.05639 0.524562 0.555717 2.56303 6.27368
threshold=1.7500000000000002 7.035000000000001 21.500000000000004 1.0000000180025095e-35 19.500000000000004 6.4500000000000011 6.0500000000000007 6.7500000000000009 18.500000000000004 7.4500000000000011 1.5000000000000002 4.2500000000000009 14.500000000000002 4.1500000000000012
decision_type=2 10 2 2 2 2 2 2 2 2 2 2 2 2
left_child=-1 2 3 4 8 6 7 -6 9 10 -2 12 -12 -14
right_child=1 -3 -4 -5 5 -7 -8 -9 -10 -11 11 -13 13 -15
leaf_value=-0.050685012494785221 0.042679007472279852 -0.054421019035844002 -0.04522461617995141 0.056453349583775875 -0.051650276969609367 -0.069495975802824891 0.14010685110953822 0.075820105942885851 -0.058196810954475132 0.051630876234300883 -0.014198878124148629 0.0035382070136778495 -0.050415651380020743 0.46235543733251322
leaf_weight=0.76842013368150119 0.7872151704505076 0.54964910802664135 0.74209191446425293 0.54799629375338454 0.36279371805721827 0.51502947509288777 0.45630688965320576 0.6951172798871994 0.89811194775393133 1.0955342235974956 8.9296625823480973 54.196485311258584 0.15446445601992387 0.097178989090025425
leaf_count=828 21 51 53 7 49 3 2 5 45 58 1255 852 45 4
internal_value=0.00184509 0.00242151 0.00287119 0.00339045 0.00296401 0.0306048 0.064652 0.0321062 0.0021162 0.00294622 0.00211499 0.00161115 -0.00976412 0.147605
internal_weight=70.7961 70.0276 69.478 68.7359 68.1879 2.02925 1.51422 1.05791 66.1587 65.2605 64.165 63.3778 9.18131 0.251643
internal_count=3278 2450 2399 2346 2339 59 56 54 2280 2235 2177 2156 1304 49
is_linear=0
shrinkage=0.05


Tree=109
num_leaves=15
num_cat=0
split_feature=2 0 0 4 2 2 2 2 6 2 2 2 0 0
split_gain=1.31403 1.0622 1.3394 0.633233 0.631296 2.67908 1.29479 1.2357 0.654172 0.61329 0.773325 0.572795 0.570052 0.941143
threshold=4.1500000000000012 7.5000000000000009 4.5000000000000009 3.7450000000000006 3.4500000000000006 3.3500000000000001 2.9500000000000006 2.8500000000000001 1.0000000180025095e-35 3.8500000000000001 3.9500000000000006 3.8500000000000001 5.5000000000000009 6.5000000000000009
decision_type=2 2 2 8 2 2 2 2 2 2 2 2 2 2
left_child=1 2 3 -1 5 6 7 8 12 -6 -11 -5 -4 -14
right_child=-2 -3 4 11 9 -7 -8 -9 -10 10 -12 -13 13 -15
leaf_value=0.054054669872448217 0.0025041349548198108 -0.050437823326999677 -0.050464768486520706 -0.050828156699833676 -0.050444589589981985 0.21196125499099391 -0.050490689944977012 0.13976839995964871 -0.050248495372149052 0.06062065848746323 -0.050823027269814636 -0.0019274585792745679 0.12394031999292006 -0.052410026347104344
leaf_weight=0.20387068390846252 62.399253292533103 2.0059591049794108 0.11475391482235886 2.1253985904622814 0.5602936429204417 0.19039725215407077 0.52654643036657933 0.2615559782134369 0.26166814868338406 0.43063040968263522 0.24379104265244678 0.83374899555928994 0.28129790967795998 0.10348987975157797
leaf_count=3 1246 619 56 779 109 28 116 26 142 25 33 35 35 31
internal_value=3.88886e-05 -0.0188512 -0.00852743 -0.0311781 0.0155594 0.0349651 0.0132138 0.0460106 0.0137949 -0.0117832 0.0203358 -0.0370502 0.0473418 0.0765103
internal_weight=70.5427 8.1434 6.13744 3.16302 2.97442 1.73971 1.54931 1.02277 0.76121 1.23472 0.674421 2.95915 0.499542 0.384788
internal_count=3283 2037 1418 817 601 434 406 290 264 167 58 814 122 66
is_linear=0
shrinkage=0.05


Tree=110
num_leaves=15
num_cat=0
split_feature=3 3 3 2 3 2 2 3 3 2 3 2 2 2
split_gain=0.931355 0.654598 1.18848 0.430579 0.951396 0.695821 1.44362 1.06717 1.63341 1.24868 0.667765 0.656339 0.455675 1.04762
threshold=2.8500000000000001 7.3500000000000005 7.2500000000000009 5.9500000000000011 4.6500000000000012 7.3500000000000005 7.4500000000000011 6.3500000000000005 5.3500000000000005 7.0500000000000007 4.7500000000000009 4.8500000000000005 5.2500000000000009 5.0500000000000007
decision_type=2 2 2 2 2 2 2 2 2 2 2 2 2 2
left_child=-1 2 3 4 12 7 -7 8 9 -5 -8 -6 13 -2
right_child=1 -3 -4 5 11 6 10 -9 -10 -11 -12 -13 -14 -15
leaf_value=-0.023272002535020767 0.0087464878998461844 0.054068256898133472 -0.060268032497765502 -0.010341064998101696 -0.026823202774600638 -0.065292617260542418 -0.028850803675113963 -0.00022367099855193767 0.042788158637945578 0.050878313257723198 0.052047796744272158 -0.0017766930070432334 0.029460518546049808 -0.055492868471338996
leaf_weight=3.0876830392517141 21.051876777492005 0.66788322804495592 0.70468206610530515 3.7670057642390073 3.0514579780865487 0.86704753711819549 0.41155841853469588 7.457044953480362 5.6460107993334532 1.069394117221236 0.67091428861021996 18.312735171057284 2.4734221162507302 0.65438751562032749
leaf_count=1712 938 34 7 57 49 9 9 56 51 11 26 191 76 32
internal_value=0.00357526 0.00481611 0.00431875 0.00501432 0.00233398 0.011152 -0.0172176 0.014235 0.0245207 0.00319538 0.02129 -0.0053541 0.00912685 0.00680984
internal_weight=69.8931 66.8054 66.1375 65.4329 45.5439 19.889 1.94952 17.9395 10.4824 4.8364 1.08247 21.3642 24.1797 21.7063
internal_count=3258 1546 1512 1505 1286 219 44 175 119 68 35 240 1046 970
is_linear=0
shrinkage=0.05


Tree=111
num_leaves=15
num_cat=0
split_feature=0 2 2 2 0 0 2 2 0 4 0 2 2 6
split_gain=1.25643 3.08783 1.1104 1.0271 1.05857 2.03249 0.995533 0.667061 0.564837 0.562241 0.567423 1.3667 1.36661 1.00913
threshold=7.5000000000000009 5.3500000000000005 5.2500000000000009 4.7500000000000009 4.5000000000000009 6.5000000000000009 4.6500000000000012 7.7500000000000009 21.500000000000004 7.035000000000001 4.5000000000000009 3.6500000000000008 3.9500000000000006 1.0000000180025095e-35
decision_type=2 2 2 2 2 2 2 2 2 8 2 2 2 2
left_child=1 2 3 6 -5 -6 9 8 -2 -1 11 -11 -13 -12
right_child=7 -3 -4 4 5 -7 -8 -9 -10 10 13 12 -14 -15
leaf_value=0.055931925434710254 -0.0030560749486412304 0.038343529525337525 -0.053788432124772759 0.039535097522960125 -0.032447435585177202 0.042769895841978239 -0.056829886924515044 0.051100659265913929 -0.053455775336073534 -0.050707209931697576 0.034855406136368623 0.045530775790790394 -0.014230807963390379 -0.0067150922754928835
leaf_weight=0.42274628952145576 39.168629901949316 7.4784793497528872 0.88064500316977401 3.3485358960460863 2.0443091073539108 1.6018535934854301 0.84254017937928516 0.56169360922649403 0.56391697766957705 1.7520840143552101 2.27257049549371 1.2661601010477168 3.91305844852468 4.082345534930937
leaf_count=5 1433 107 6 26 31 17 14 35 51 766 340 40 65 334
internal_value=0.00275619 0.0105208 0.00124299 0.00349225 0.0192379 0.000597484 -0.00407645 -0.00300648 -0.00377139 -0.000834269 -0.00264048 -0.0125344 0.000379067 0.00815086
internal_weight=70.1996 29.9053 22.4268 21.5462 6.9947 3.64616 14.5515 40.2942 39.7325 13.709 13.2862 6.9313 5.17922 6.35492
internal_count=3270 1751 1644 1638 74 48 1564 1519 1484 1550 1545 871 105 674
is_linear=0
shrinkage=0.05


Tree=112
num_leaves=15
num_cat=0
split_feature=2 0 4 1 0 2 2 0 6 2 2 0 0 2
split_gain=0.638155 0.765884 0.619159 0.583534 0.520691 1.25265 0.878371 0.815006 1.7167 1.67581 1.62612 1.04131 1.79441 1.4091
threshold=7.7500000000000009 21.500000000000004 7.035000000000001 1.0000000180025095e-35 10.500000000000002 6.7500000000000009 7.3500000000000005 12.500000000000002 1.0000000180025095e-35 6.2500000000000009 6.6500000000000012 16.500000000000004 14.500000000000002 6.0500000000000007
decision_type=2 2 8 2 2 2 2 2 2 2 2 2 2 2
left_child=1 2 -1 4 5 -4 7 9 10 -6 -9 12 -10 -13
right_child=-2 -3 3 -5 6 -7 -8 8 11 -11 -12 13 -14 -15
leaf_value=0.055263481803320448 0.050977718267297349 -0.053702856297203817 0.00016853091226250473 -0.05407168871277801 -0.042928706884864193 0.034911694645927485 -0.04663392999767392 -0.054826284049257712 0.007478207866969365 0.011357230892738962 0.014073454261787381 -0.054376511859199152 0.071565997173345511 0.016228609355064354
leaf_weight=0.49246456380933523 0.5926946816034605 0.68577500380342726 45.243310012330767 0.51408519333926861 3.3529052368248875 2.7521916618570677 1.3429069351404894 2.0508417343953602 2.9844816734548658 2.4681501956656575 1.4703175295144317 1.0249758418067361 1.7226606945041565 2.2754043228924274
leaf_count=8 44 51 2310 107 212 52 16 233 77 16 11 82 46 15
internal_value=-0.00068099 -0.00112875 -0.00059615 -0.00100549 -0.000596418 0.0021608 -0.00767589 -0.00466045 0.00303998 -0.0199113 -0.0260561 0.0158344 0.0309323 -0.00569873
internal_weight=68.9732 68.3805 67.6947 67.2022 66.6881 47.9955 18.6926 17.3497 11.5287 5.82106 3.52116 8.00752 4.70714 3.30038
internal_count=3280 3236 3185 3177 3070 2362 708 692 464 228 244 220 123 97
is_linear=0
shrinkage=0.05


Tree=113
num_leaves=15
num_cat=0
split_feature=0 2 2 0 6 0 2 4 1 2 7 2 2 2
split_gain=1.38728 2.29113 0.970477 0.867076 2.60384 0.91198 1.68154 0.64105 0.528548 0.487655 0.48785 0.920153 0.787679 0.472891
threshold=15.500000000000002 6.5500000000000007 6.8500000000000005 14.500000000000002 1.0000000180025095e-35 13.500000000000002 6.8500000000000005 7.035000000000001 1.0000000180025095e-35 2.4500000000000006 1.0000000180025095e-35 4.4500000000000011 4.3500000000000005 7.0500000000000007
decision_type=2 2 2 2 2 2 2 10 2 2 2 2 2 2
left_child=3 -2 -3 5 -5 6 7 8 9 -1 -11 12 -12 -8
right_child=1 2 -4 4 -6 -7 13 -9 -10 10 11 -13 -14 -15
leaf_value=-0.050048827995995526 -0.045741365268022756 0.043392433747960805 -0.012308269705886892 -0.057805524137241576 0.069823594547716625 -0.029809163259962121 0.06478497081926024 -0.053832872859083281 0.055402961664442613 0.002656255613807688 -0.050547301369258862 -0.050785354092380067 0.092782317397426359 0.025023626811161021
leaf_weight=0.45671440626028825 3.8674090092827091 1.3644465483957904 1.8318954696878789 0.54597739904420373 1.4908511437824927 2.1149441871966692 1.0013324562460177 0.5218171029118811 0.45689887553453346 51.262593065679539 0.15571036259643634 1.0707398222875779 0.24936536600580439 2.9532803231850266
leaf_count=600 264 14 27 31 31 78 13 102 6 1927 51 19 2 78
internal_value=0.00114563 -0.0198537 0.0114691 0.00352734 0.0356123 0.00244255 0.003616 0.00131833 0.00185473 0.0013948 0.0018403 -0.0265019 0.0376867 0.0350914
internal_weight=69.344 7.06375 3.19634 62.2802 2.03683 60.2434 58.1285 54.1738 53.652 53.1951 52.7384 1.47582 0.405076 3.95461
internal_count=3243 305 41 2938 62 2876 2798 2707 2605 2599 1999 72 53 91
is_linear=0
shrinkage=0.05


Tree=114
num_leaves=15
num_cat=0
split_feature=3 0 2 2 2 3 0 3 2 0 0 3 0 2
split_gain=0.732061 1.72329 1.10246 1.49687 1.60677 1.71051 1.10094 0.807136 0.768123 0.669483 2.81739 0.850772 0.627584 0.906244
threshold=5.1500000000000012 10.500000000000002 6.4500000000000011 5.7500000000000009 5.5500000000000007 5.0500000000000007 6.5000000000000009 2.4500000000000006 5.6500000000000012 14.500000000000002 15.500000000000002 4.2500000000000009 11.500000000000002 6.1500000000000012
decision_type=2 2 2 2 2 2 2 2 2 2 2 2 2 2
left_child=1 2 3 4 5 7 8 -1 -2 -3 11 -11 -8 -14
right_child=6 9 -4 -5 -6 -7 12 -9 -10 10 -12 -13 13 -15
leaf_value=-0.039370422819155176 0.013460646504181249 -0.050609412393685965 0.049709354129391196 -0.04910087087860858 0.0686559292078531 -0.074002907458635109 -0.0059848531485464877 0.0022959436991083697 0.055000543019352338 0.091279750190910211 -0.050081303732316985 -0.0069515934662940336 0.024921599336995424 -0.0034554152786756076
leaf_weight=1.2116479725227787 3.2667524311691549 2.3843668055778826 1.0704206274822343 1.5950744166038919 0.84278555924538423 0.78874262422323127 12.547900538425894 28.533464866806753 1.6878419523127375 0.60463511658599634 1.8840251488145439 0.3468752009794116 5.4501553312875313 5.8158438839018345
leaf_count=1225 18 343 21 22 14 8 112 1052 32 38 228 9 74 59
internal_value=0.000108527 -0.00433128 -0.000229378 -0.00185063 0.000551401 -0.0013284 0.00616779 0.000598691 0.0276117 -0.0310822 -0.0146621 0.0554693 0.00170628 0.0102725
internal_weight=68.0305 39.262 34.0421 32.9717 31.3766 30.5339 28.7685 29.7451 4.95459 5.2199 2.83554 0.95151 23.8139 11.266
internal_count=3255 2960 2342 2321 2299 2285 295 2277 50 618 275 47 245 133
is_linear=0
shrinkage=0.05


Tree=115
num_leaves=15
num_cat=0
split_feature=3 2 3 0 2 3 2 3 4 2 0 0 0 3
split_gain=1.40859 1.04018 0.995635 0.752024 2.98401 1.55779 1.5096 0.976863 0.723038 0.61051 2.05468 0.5955 0.68112 0.585748
threshold=3.6500000000000008 7.4500000000000011 3.3500000000000001 4.5000000000000009 3.8500000000000001 2.9500000000000006 2.9500000000000006 2.8500000000000001 3.7450000000000006 3.9500000000000006 5.5000000000000009 6.5000000000000009 5.5000000000000009 3.1500000000000008
decision_type=2 2 2 2 2 2 2 2 8 2 2 2 2 2
left_child=2 9 3 4 8 -6 7 11 -1 10 -2 12 -5 -8
right_child=1 -3 -4 6 5 -7 13 -9 -10 -11 -12 -13 -14 -15
leaf_value=0.056166283081526019 0.073507816010645308 0.051664702672299279 -0.046246639179845062 -0.050303013929635244 -0.010318216177487287 0.1047484120650736 -0.05112842003787902 0.10047671528290346 -0.050489244525004764 0.0016954798641870322 -0.050657377653240826 -0.05075736138714898 0.065941688528391093 -0.0077348435903717349
leaf_weight=0.18162626773118973 1.0395763861015428 1.098966160789131 2.2419723750208504 0.18020369997248031 0.44009714393177979 0.88687844108790159 2.3982832746114586 0.32927533413749188 1.2701538505498304 55.520209638401866 0.49033788219094265 0.35467915041954257 0.41904474690090865 1.1508630929747594
leaf_count=2 20 62 222 122 46 9 730 22 720 760 72 250 83 135
internal_value=0.000520027 0.00348224 -0.0169618 -0.00833549 0.0123905 0.0665861 -0.0202536 0.0262232 -0.037146 0.00255409 0.0337128 0.000592447 0.030985 -0.0370574
internal_weight=68.0022 58.1491 9.85308 7.61111 2.77876 1.32698 4.83235 1.2832 1.45178 57.0501 1.52991 0.953928 0.599248 3.54915
internal_count=3255 914 2341 2119 777 55 1342 477 722 852 92 455 205 865
is_linear=0
shrinkage=0.05


Tree=116
num_leaves=15
num_cat=0
split_feature=0 0 3 0 6 3 0 3 7 3 3 0 3 3
split_gain=1.01263 0.77606 1.36872 2.43515 1.83362 1.23265 0.778408 0.778105 0.74497 0.724364 2.33531 0.560247 0.770888 1.78657
threshold=18.500000000000004 14.500000000000002 5.5500000000000007 15.500000000000002 1.0000000180025095e-35 4.2500000000000009 3.5000000000000004 2.2500000000000004 1.0000000180025095e-35 5.4500000000000011 4.8500000000000005 4.5000000000000009 5.2500000000000009 5.1500000000000012
decision_type=2 2 2 2 2 2 2 2 2 2 2 2 2 2
left_child=1 6 3 5 -4 -3 -1 -8 11 10 -2 12 13 -9
right_child=9 2 4 -5 -6 -7 7 8 -10 -11 -12 -13 -14 -15
leaf_value=0.0128163718124026 -0.062717936201061225 0.095635992211031265 -0.0022828706937743641 -0.055494154681439145 0.073256982891366021 -0.01587010527857478 -0.050756449291063405 -0.029054909646818991 -0.038276767820171746 -0.048550965455100042 0.066216853738921486 0.00023268895130173898 -0.06843917779478513 0.080745958486157815
leaf_weight=9.207080731954191 0.73048342092079044 0.57786765403579854 1.4409947767853737 1.3076983011560512 1.8153978008776903 0.43397901766002178 0.83801406336715345 1.9743105556117369 1.3899357299669635 1.8116296911612151 0.67636731476522982 46.003026686783414 0.68693423550575961 0.45603886246681202
leaf_count=626 113 35 15 110 19 11 771 118 52 25 20 1327 5 2
internal_value=-0.000260409 0.00107248 0.0189222 -0.0104296 0.0398296 0.0478112 -0.000571121 -0.00297159 -0.00217879 -0.0276478 -0.000730353 -0.00115734 -0.0216706 -0.00845151
internal_weight=69.3498 66.1313 5.57594 2.31954 3.25639 1.01185 60.5553 51.3483 50.5102 3.21848 1.40685 49.1203 3.11728 2.43035
internal_count=3249 3091 190 156 34 46 2901 2275 1504 158 133 1452 125 120
is_linear=0
shrinkage=0.05


Tree=117
num_leaves=15
num_cat=0
split_feature=3 3 3 0 2 0 3 0 2 0 3 7 2 0
split_gain=0.714715 0.563118 1.00318 0.627392 0.754708 0.921178 0.840666 2.13824 1.25786 1.80844 1.06963 0.622791 1.20969 0.525796
threshold=1.7500000000000002 7.3500000000000005 7.2500000000000009 21.500000000000004 5.9500000000000011 16.500000000000004 6.3500000000000005 10.500000000000002 6.8500000000000005 13.500000000000002 5.3500000000000005 1.0000000180025095e-35 4.4500000000000011 1.5000000000000002
decision_type=2 2 2 2 2 2 2 2 2 2 2 2 2 2
left_child=-1 2 3 4 5 11 7 -6 9 -8 -9 13 -13 -2
right_child=1 -3 -4 -5 6 -7 8 10 -10 -11 -12 12 -14 -15
leaf_value=-0.050738540721082998 0.040651369469552279 0.054411182783858751 -0.055170450149932986 -0.047970424943557063 0.052919909018563152 -0.051859400791264366 -0.035757493520184466 -0.014913407338395227 0.034109576396301057 0.022863397289424405 0.02361576262064459 0.050220161458151662 -0.058592393514825397 0.0020369608878535589
leaf_weight=0.61270459654042397 0.8991712445858856 0.53896666597574849 0.73064849898219009 0.58159383496967976 3.6429840233176964 0.81345716209034336 3.3051689099520436 3.322902336367406 1.9745668563991783 2.1856713891029358 3.9338637543842196 0.34019647410605003 1.0249756596749646 45.044362767395796
leaf_count=830 32 32 8 53 58 136 24 48 31 12 27 41 25 1911
internal_value=0.00302314 0.00350515 0.00310048 0.00373528 0.00418757 0.00089667 0.0128107 0.021664 -0.000115338 -0.012423 0.0059731 0.00180379 -0.0314767 0.00279269
internal_weight=68.9512 68.3385 67.7996 67.0689 66.4873 48.1222 18.3652 10.8998 7.46541 5.49084 7.25677 47.3087 1.36517 45.9435
internal_count=3268 2438 2406 2398 2345 2145 200 133 67 36 75 2009 66 1943
is_linear=0
shrinkage=0.05


Tree=118
num_leaves=15
num_cat=0
split_feature=2 2 0 0 0 2 0 2 2 7 2 2 4 2
split_gain=1.17922 1.20902 1.52781 1.12472 2.01218 8.42013 1.12206 1.07392 1.05145 1.05186 0.723819 0.606663 0.460131 0.447223
threshold=4.1500000000000012 3.1500000000000008 5.5000000000000009 9.5000000000000018 8.5000000000000018 3.0500000000000003 3.5000000000000004 2.9500000000000006 7.4500000000000011 1.0000000180025095e-35 7.2500000000000009 2.4500000000000006 3.7450000000000006 3.9500000000000006
decision_type=2 2 2 2 2 2 2 2 2 2 2 2 8 2
left_child=1 2 12 4 7 -6 13 11 9 10 -2 -4 -1 -3
right_child=8 6 3 -5 5 -7 -8 -9 -10 -11 -12 -13 -14 -15
leaf_value=0.053439938106479228 0.0018030738738600137 0.0090930167932852229 -0.050072585817561334 -0.050526209676223725 -0.050849735637383743 0.62610122758780185 -0.051250006733631975 -0.050728103678163099 0.048990557032271335 -0.049205926919802155 -0.028524299904312846 0.073749098042548575 -0.05037989454082558 -0.054000072282470994
leaf_weight=0.1196647584438324 53.460003977816086 1.4995847005338871 0.11302984881331191 0.30636939109535877 0.12204413546714921 0.073658818379044533 3.3614189662621357 0.3009440943133086 1.1047383570112277 1.0768771809234738 2.0426081502810112 0.79256034095305949 0.98686424436163933 0.3455957687110639
leaf_count=2 1103 99 131 153 40 3 702 55 62 36 25 88 743 10
internal_value=-0.00181725 -0.0197795 0.00661909 0.0362616 0.0552236 0.203942 -0.0340528 0.0311011 0.000680626 -0.000262646 0.000686965 0.0582945 -0.0391524 -0.0027241
internal_weight=65.706 8.02174 2.81514 1.70861 1.40224 0.195703 5.2066 1.20653 57.6842 56.5795 55.5026 0.90559 1.10653 1.84518
internal_count=3252 2026 1215 470 317 43 811 274 1226 1164 1128 219 745 109
is_linear=0
shrinkage=0.05


Tree=119
num_leaves=15
num_cat=0
split_feature=3 3 4 0 3 0 2 0 0 3 0 2 0 3
split_gain=0.678244 0.905384 0.597293 0.589101 0.816552 0.559427 0.653632 1.3394 0.968443 0.739814 0.63666 0.752448 1.46198 1.34235
threshold=7.3500000000000005 7.2500000000000009 7.035000000000001 1.5000000000000002 3.6500000000000008 21.500000000000004 5.9500000000000011 5.5000000000000009 16.500000000000004 2.4500000000000006 19.500000000000004 7.3500000000000005 13.500000000000002 6.3500000000000005
decision_type=2 2 10 2 2 2 2 2 2 2 2 2 2 2
left_child=1 2 3 4 -1 6 8 -8 9 -5 11 12 13 -9
right_child=-2 -3 -4 5 -6 -7 7 10 -10 -11 -12 -13 -14 -15
leaf_value=-0.030464730351760838 0.054409848836079425 -0.056856092257667072 -0.053766295831654848 -0.043803267349402666 0.076371505284354449 -0.048017549189607642 0.056504919076252581 0.012343446533608634 -0.052788733580670114 -0.00068851386852198423 0.031989992338404702 -0.032072530252782672 0.032000083152656338 -0.023881872946092588
leaf_weight=0.26181379874469612 0.56836409098468621 0.70375840459018846 0.50984883354976673 1.0172696342924599 0.56439842097461224 0.60021606803638761 1.3423915067687655 5.4229525539558399 0.94401954743079741 45.391111130069476 1.8986776131787326 1.5218360563740123 3.6784022488282053 4.8393888399004936
leaf_count=64 33 7 105 1210 6 53 30 58 154 1418 16 33 40 35
internal_value=1.46525e-05 -0.000435392 0.000148594 0.000555936 0.0425168 3.58265e-05 0.000472462 0.00838632 -0.00265342 -0.00163359 0.00466573 0.00131054 0.00495479 -0.00473924
internal_weight=69.2644 68.6961 67.9923 67.4825 0.826212 66.6563 66.056 18.7036 47.3524 46.4084 17.3613 15.4626 13.9407 10.2623
internal_count=3262 3229 3222 3117 70 3047 2994 212 2782 2628 182 166 133 93
is_linear=0
shrinkage=0.05


Tree=120
num_leaves=15
num_cat=0
split_feature=2 2 0 0 2 2 0 0 2 0 2 0 2 4
split_gain=1.39691 0.816913 1.78927 0.766226 0.991782 0.904087 2.42898 0.749005 1.06018 0.830811 0.729532 1.48699 0.700324 0.94484
threshold=4.1500000000000012 6.4500000000000011 8.5000000000000018 3.5000000000000004 3.1500000000000008 3.0500000000000003 8.5000000000000018 17.500000000000004 6.3500000000000005 14.500000000000002 5.7500000000000009 15.500000000000002 3.6500000000000008 3.7450000000000006
decision_type=2 2 2 2 2 2 2 2 2 2 2 2 2 8
left_child=3 7 -3 12 5 -5 -7 9 -9 -2 11 -11 13 -1
right_child=1 2 -4 4 -6 6 -8 8 -10 10 -12 -13 -14 -15
leaf_value=0.054634658415712523 -0.0024978747219829185 0.051526885242335799 0.0036316283960132543 -0.023341676979841738 -0.050864127728229083 -0.050690583285225001 0.17762906724331223 -0.054783804383263003 0.03383460345940327 0.040326435184353887 0.048740784394557257 -0.053207362894293113 0.022232880810315232 -0.050860339578399485
leaf_weight=0.27121191844344139 43.447618818259798 2.3628508197143665 11.159918235265648 1.7658958003157752 3.0303507451317273 0.25217339355731372 0.21649088483536616 1.3881469072657626 0.44591006299015123 1.0240650620544323 1.5348948885803109 0.72629179729847226 1.5744341453537343 0.97616734038456188
leaf_count=4 830 66 133 718 713 57 15 131 6 28 21 55 39 518
internal_value=-0.00141433 0.00113153 0.0120004 -0.0209614 -0.032229 -0.00695739 0.0547775 -0.00189476 -0.0332382 -0.000664669 0.0235796 0.00151559 6.15118e-05 -0.027923
internal_weight=70.1764 62.0897 13.5228 8.08672 5.26491 2.23456 0.468664 48.5669 1.83406 46.7329 3.28525 1.75036 2.82181 1.24738
internal_count=3334 1270 199 2064 1503 790 72 1071 137 934 104 83 561 522
is_linear=0
shrinkage=0.05


Tree=121
num_leaves=15
num_cat=0
split_feature=3 0 0 3 2 2 2 3 3 2 2 0 3 0
split_gain=2.18968 1.24028 1.00713 1.16777 0.799782 1.18395 0.759101 0.730448 2.32936 1.6636 1.59857 1.88779 1.4693 0.878603
threshold=5.7500000000000009 7.5000000000000009 7.5000000000000009 5.5500000000000007 6.1500000000000012 5.7500000000000009 5.5500000000000007 3.0500000000000003 3.2500000000000004 4.3500000000000005 4.2500000000000009 9.5000000000000018 3.9500000000000006 19.500000000000004
decision_type=2 2 2 2 2 2 2 2 2 2 2 2 2 2
left_child=2 -2 3 4 5 6 -1 -4 9 10 11 -9 -10 -14
right_child=1 -3 7 -5 -6 -7 -8 8 12 -11 -12 -13 13 -15
leaf_value=0.0029701124033947308 0.054098100328040223 0.011634055579746562 -0.050731350564459855 -0.055678297782768262 0.052393136494590743 -0.057223114508275774 0.054653465720982321 0.16126338014897801 -0.053612036644604982 -0.050820198178906567 0.24872102455707321 -0.050891040361209221 -0.010763514805942608 0.042113168630498153
leaf_weight=23.748792110098307 1.9947947137989093 12.462291943840681 1.1373438346199716 0.84206115454435249 0.83155928552150626 0.80195083003491063 0.73236669693142076 0.23228735243901866 1.9951567288371759 0.19705221161711961 0.16560209076851606 0.19113241106970236 20.960694283130582 0.81619636621326108
leaf_count=1661 45 125 587 6 20 9 10 18 298 25 4 32 376 40
internal_value=0.000257243 0.0174933 -0.00447537 0.0022761 0.00414483 0.00255795 0.00451625 -0.0115582 -0.00974405 0.0749382 0.11701 0.0654965 -0.0125443 -0.0087817
internal_weight=67.1093 14.4571 52.6522 26.9567 26.1147 25.2831 24.4812 25.6955 24.5581 0.786074 0.589022 0.42342 23.772 21.7769
internal_count=3256 170 3086 1706 1700 1680 1671 1380 793 79 54 50 714 416
is_linear=0
shrinkage=0.05


Tree=122
num_leaves=15
num_cat=0
split_feature=3 0 6 3 3 3 3 0 0 3 3 3 3 3
split_gain=0.808872 1.37058 0.695966 1.36106 1.20641 1.09861 1.29776 2.21216 1.53136 0.936951 1.67718 0.810894 1.79692 0.881309
threshold=3.6500000000000008 9.5000000000000018 1.0000000180025095e-35 4.2500000000000009 4.3500000000000005 5.3500000000000005 5.5500000000000007 12.500000000000002 9.5000000000000018 4.5500000000000007 4.4500000000000011 4.8500000000000005 4.5500000000000007 4.4500000000000011
decision_type=2 2 2 2 2 2 2 2 2 2 2 2 2 2
left_child=1 -1 3 -2 -4 11 -7 8 -8 10 -5 12 13 -6
right_child=2 -3 4 9 5 6 7 -9 -10 -11 -12 -13 -14 -15
leaf_value=-0.0044941555992103078 -0.047563607638095584 -0.053473327146209837 0.022812301831723086 0.0005106627699760541 -0.0018732520480471396 0.051695899195884243 0.0077390014532710263 0.029459452078686554 -0.03956450796897347 -0.0060295407018360796 0.081043323005796086 -0.020323328950897793 0.027457119341862152 -0.048628377083186285
leaf_weight=8.0668323835416214 1.7214237218140649 1.7356145664234635 8.6306842846679483 2.2350607796106519 2.6842989209108072 1.7618988649919618 3.919599957065655 5.5302272401750088 3.0362596320919693 16.125299132778309 0.90963097568601359 6.9851281277369699 3.8958754646591842 1.6138336262665687
leaf_count=1789 154 551 191 44 25 17 51 51 25 215 16 69 49 22
internal_value=0.000134881 -0.0131664 0.00234295 -0.00496605 0.00637435 0.00155326 0.0115249 0.00585637 -0.0129092 -0.00116073 0.0238055 -0.00780664 0.00286344 -0.0194285
internal_weight=68.8517 9.80245 59.0492 20.9914 38.0578 29.4271 14.248 12.4861 6.95586 19.27 3.14469 15.1791 8.19401 4.29813
internal_count=3269 2340 929 429 500 309 144 127 76 275 60 165 96 47
is_linear=0
shrinkage=0.05


Tree=123
num_leaves=15
num_cat=0
split_feature=7 3 0 2 3 2 3 3 2 3 2 2 2 3
split_gain=0.650878 1.13958 0.617237 2.577 1.81383 1.63078 0.927122 1.7341 1.70966 1.33214 0.84205 1.35121 0.822466 1.96632
threshold=1.0000000180025095e-35 6.1500000000000012 7.5000000000000009 5.6500000000000012 5.5500000000000007 5.5500000000000007 3.0500000000000003 3.2500000000000004 4.3500000000000005 3.7500000000000004 4.2500000000000009 3.1500000000000008 4.7500000000000009 4.1500000000000012
decision_type=2 2 2 2 2 2 2 2 2 2 2 2 2 2
left_child=2 -2 3 4 5 -1 -4 8 10 -9 11 -8 13 -11
right_child=1 -3 6 -5 -6 -7 7 9 -10 12 -12 -13 -14 -15
leaf_value=0.00064999208112063924 -0.056549585013462855 0.057526891612732889 -0.050696320547682749 0.044032199601500406 -0.11882566577731966 0.1020684042866896 0.14180576246311774 -0.054166215934704498 -0.050700139546076189 -0.050964605918173936 0.1989188648073168 -0.050319568651504443 -0.0046799296304699802 0.026649187593042328
leaf_weight=22.42751673271415 1.0837671993067477 0.27433995530009259 0.97561094327829678 4.051237695850431 0.31257050484418769 0.40350203099660475 0.25425184168852766 1.2256902294757299 0.21213424316374585 0.95932307012844731 0.19777930621057749 0.14297971624182537 29.603582379466388 5.4639742614817806
leaf_count=1588 102 4 565 86 2 4 12 229 30 111 4 33 398 105
internal_value=0.000758612 -0.0335059 0.00146124 0.00724425 0.000804591 0.0024424 -0.00256763 -0.00133391 0.0711725 -0.00290489 0.114623 0.0726521 -0.0011609 0.0150575
internal_weight=67.5883 1.35811 66.2302 27.1948 23.1436 22.831 39.0353 38.0597 0.807145 37.2526 0.595011 0.397232 36.0269 6.4233
internal_count=3273 106 3167 1680 1594 1592 1487 922 79 843 49 45 614 216
is_linear=0
shrinkage=0.05


Tree=124
num_leaves=15
num_cat=0
split_feature=6 0 3 0 0 0 3 3 3 3 3 3 0 3
split_gain=0.890089 0.746873 1.153 1.65077 1.08895 1.33368 1.4507 0.838384 1.48533 1.19171 0.909776 2.61952 2.15548 1.29385
threshold=1.0000000180025095e-35 11.500000000000002 5.9500000000000011 19.500000000000004 9.5000000000000018 7.5000000000000009 6.6500000000000012 5.7500000000000009 5.4500000000000011 5.3500000000000005 3.4500000000000006 3.2500000000000004 3.5000000000000004 4.4500000000000011
decision_type=2 2 2 2 2 2 2 2 2 2 2 2 2 2
left_child=1 4 3 -3 5 7 -7 8 9 10 11 -1 -13 -12
right_child=-2 2 -4 -5 -6 6 -8 -9 -10 -11 13 12 -14 -15
leaf_value=-0.005548639966056531 0.004871285134594559 -0.055623800734021324 0.0050823042409547372 0.049306616373914619 0.018220238810208168 -0.021208297933535448 -0.10556972397302662 0.052750320323015333 -0.079353292314236434 0.10582970071978981 -0.04482409077516946 -0.0080984460704110542 0.17460634135623063 0.0024410006297476369
leaf_weight=2.1285442755906847 42.666272368602222 2.8693415554298549 2.1582631384953856 0.43113926760270249 4.8259674448636352 3.3123514454055107 0.60225844429805864 0.69833889277651984 0.6130244582891472 0.26312084868550378 2.0741144752828404 0.25731289293616999 0.43321534316055477 4.7958552725613117
leaf_count=680 1671 254 21 58 204 214 8 20 5 2 80 13 26 38
internal_value=0.000456278 -0.00694163 -0.0233344 -0.0419168 -0.00246835 -0.00904639 -0.0341872 -0.000308761 -0.00381587 0.000837022 -0.00201422 0.0219036 0.106525 -0.0118288
internal_weight=68.1291 25.4628 5.45874 3.30048 20.0041 15.1781 3.91461 11.2635 10.5652 9.95216 9.68904 2.81907 0.690528 6.86997
internal_count=3294 1623 333 312 1290 1086 222 864 844 839 837 719 39 118
is_linear=0
shrinkage=0.05


Tree=125
num_leaves=15
num_cat=0
split_feature=3 3 0 3 3 0 2 0 2 0 0 3 2 2
split_gain=1.23612 0.817061 0.793657 0.690084 0.600972 1.41097 0.90085 0.849577 1.44301 3.03941 1.29898 2.27567 1.52122 1.76672
threshold=3.0500000000000003 2.5500000000000003 6.5000000000000009 1.7500000000000002 5.1500000000000012 15.500000000000002 6.6500000000000012 10.500000000000002 4.2500000000000009 14.500000000000002 8.5000000000000018 3.2500000000000004 5.7500000000000009 5.4500000000000011
decision_type=2 2 2 2 2 2 2 2 2 2 2 2 2 2
left_child=1 2 3 -1 5 6 7 10 9 -9 12 -12 13 -2
right_child=4 -3 -4 -5 -6 -7 -8 8 -10 -11 11 -13 -14 -15
leaf_value=-0.050112834053328892 -0.0073321106407403247 -0.051088083470826377 -0.051051308995256256 0.031715635078499435 0.0070592508104815365 -0.04876635400047008 0.038085943893402523 -0.050936532793996438 -0.052464230767579861 0.19524107824814721 0.11076795265972245 0.0097378422528986586 -0.071762520516004985 0.055224836165175643
leaf_weight=0.32875600052648168 18.762569136684775 1.8577690673118921 0.67749905961682078 1.1912739211111327 29.175968065392226 1.5866029619064637 1.4470909391529847 0.33608059858670403 1.8144783381139857 0.19999151234515011 0.60539790941402216 7.0264588674763218 0.85273237898945708 1.2008801698684681
leaf_count=604 448 426 517 340 299 166 27 74 128 11 29 202 8 9
internal_value=7.87351e-05 -0.0266787 -0.0060432 0.0140176 0.00180088 -0.00273379 -0.00046882 -0.00228034 -0.0311703 0.0409045 0.000106727 0.0177521 -0.0063626 -0.00356906
internal_weight=67.0635 4.0553 2.19753 1.52003 63.0083 33.8323 32.2457 30.7986 2.35055 0.536072 28.448 7.63186 20.8162 19.9634
internal_count=3288 1887 1461 944 1401 1102 936 909 213 85 696 231 465 457
is_linear=0
shrinkage=0.05


Tree=126
num_leaves=15
num_cat=0
split_feature=0 2 3 3 2 3 0 3 2 3 0 0 2 2
split_gain=1.32793 1.3145 1.98639 1.6464 1.34177 1.10465 1.78479 0.841975 1.19734 1.52248 0.788362 0.764522 1.4348 1.25714
threshold=7.5000000000000009 4.7500000000000009 4.4500000000000011 4.7500000000000009 4.4500000000000011 3.9500000000000006 4.5000000000000009 3.7500000000000004 3.1500000000000008 3.0500000000000003 18.500000000000004 3.5000000000000004 3.9500000000000006 4.2500000000000009
decision_type=2 2 2 2 2 2 2 2 2 2 2 2 2 2
left_child=1 2 4 5 11 6 -3 8 9 -2 -9 13 -13 -1
right_child=7 3 -4 -5 -6 -7 -8 10 -10 -11 -12 12 -14 -15
leaf_value=-0.0038661432514298568 -0.050381954762698855 0.076883222452820046 -0.045426632645263948 0.0064007207119590312 0.059700613143587371 0.075652611159516006 -0.02553258657236095 -0.0047047156976908755 -0.052792722961131994 0.10381505612492917 -0.031173120888440375 0.0095517547354524654 -0.039092126373214915 0.054929330939665559
leaf_weight=2.9166716728068423 0.32783751704846453 0.74730391777120464 2.5501104742288581 10.465504909632726 0.96856132347602475 1.65868853777647 0.98754237301182002 33.589187257282902 2.1917014735518023 0.3128378891851753 3.0704242747742674 3.2415871889097616 2.8475736561231315 1.320882112951949
leaf_count=553 229 16 22 106 29 15 43 545 674 13 102 813 125 14
internal_value=-0.00306373 0.00532826 -0.00556829 0.0162141 0.00343044 0.046478 0.0185841 -0.00895088 -0.0352163 0.0249115 -0.00692158 -0.00184724 -0.0131964 0.0144609
internal_weight=67.1964 27.7044 13.8454 13.859 11.2953 3.39353 1.73485 39.492 2.83238 0.640675 36.6596 10.3267 6.08916 4.23755
internal_count=3299 1736 1556 180 1534 74 59 1563 916 242 647 1505 938 567
is_linear=0
shrinkage=0.05


Tree=127
num_leaves=15
num_cat=0
split_feature=0 2 2 2 2 0 2 0 0 2 2 2 0 2
split_gain=0.834103 1.34047 1.25475 1.39758 1.41308 1.00414 0.988691 0.974355 1.26151 0.971165 1.15243 0.909138 1.3285 1.38052
threshold=5.5000000000000009 3.3500000000000001 3.1500000000000008 4.1500000000000012 4.2500000000000009 9.5000000000000018 5.8500000000000005 11.500000000000002 9.5000000000000018 5.2500000000000009 5.3500000000000005 3.9500000000000006 4.5000000000000009 3.5500000000000003
decision_type=2 2 2 2 2 2 2 2 2 2 2 2 2 2
left_child=1 -1 5 -4 7 -2 11 8 -5 -6 -11 12 -3 -14
right_child=2 6 3 4 9 -7 -8 -9 -10 10 -12 -13 13 -15
leaf_value=-0.035550682121192057 0.057051953178006612 0.015413510928579524 -0.050391211893794245 0.0577793314797879 -0.015740590077418584 -0.050905856871674954 0.053916598835814317 0.13037278430476648 -0.052611374505025267 0.044715650578332801 -0.0018761346744025121 0.0042858719264715845 0.2122614456903644 0.052218101809862118
leaf_weight=1.5115592293732358 1.3608638222212892 1.7883280805253918 1.6251006390957616 0.88774487492628285 13.835508867079623 0.25589110658620473 1.3955260801594693 0.26964010845404107 0.36529195902403444 1.3956870699767048 27.046906152478186 12.179734705016015 0.18989809311460693 0.46391724148998037
leaf_count=856 299 101 523 41 535 144 32 22 15 30 414 173 24 30
internal_value=0.000149305 0.00945881 -0.00331959 -0.00486014 -0.00317084 0.039965 0.0137063 0.0441515 0.0255976 -0.00487519 0.000410139 0.00986864 0.0377117 0.0987021
internal_weight=64.5716 17.529 47.0426 45.4259 43.8008 1.61675 16.0174 1.52268 1.25304 42.2781 28.4426 14.6219 2.44214 0.653815
internal_count=3239 1216 2023 1580 1057 443 360 78 56 979 444 328 155 54
is_linear=0
shrinkage=0.05


Tree=128
num_leaves=15
num_cat=0
split_feature=3 4 3 2 0 2 6 3 2 3 3 0 0 3
split_gain=0.670661 0.62947 0.636752 0.606399 1.37733 0.993854 1.36017 0.799363 0.617454 0.501083 0.804825 1.16718 1.08252 1.87417
threshold=7.3500000000000005 7.035000000000001 7.2500000000000009 6.6500000000000012 10.500000000000002 6.8500000000000005 1.0000000180025095e-35 2.4500000000000006 6.7500000000000009 6.3500000000000005 5.6500000000000012 15.500000000000002 14.500000000000002 5.5500000000000007
decision_type=2 8 2 2 2 2 2 2 2 2 2 2 2 2
left_child=1 -1 3 7 8 -6 -7 -3 -5 10 11 12 13 -9
right_child=-2 2 -4 4 5 6 -8 9 -10 -11 -12 -13 -14 -15
leaf_value=0.054296780665254944 0.053918092659112606 -0.050113376351692565 -0.049696442341226194 0.001248834149491776 0.024199330276504758 -0.057968282928768794 0.0057013505831724461 -0.0037623023604343355 0.05157927627776409 -0.021707241646177759 0.010950028819292298 -0.053732922495275719 0.039047995208457018 -0.064712879103115503
leaf_weight=0.47345336060971022 0.51873343461193044 0.95903703471412782 0.73957848362624545 0.85869605466723298 1.8154471761081366 1.4668666999787092 1.9591572945937514 40.467125082272105 2.098750788718462 3.7662994675338259 8.8309289608150703 1.2236375495267555 1.3991990786162194 1.3017981871962536
leaf_count=9 33 1357 7 10 16 17 24 1389 55 24 67 213 41 9
internal_value=-0.00271672 -0.00315286 -0.00355951 -0.00304366 0.00968361 -0.00571009 -0.0215591 -0.00484441 0.0369658 -0.0040826 -0.0028354 -0.00557776 -0.00421276 -0.00566193
internal_weight=67.8787 67.36 66.8865 66.1469 8.19892 5.24147 3.42602 57.948 2.95745 56.989 53.2227 44.3918 43.1681 41.7689
internal_count=3271 3238 3229 3222 122 57 41 3100 65 1743 1719 1652 1439 1398
is_linear=0
shrinkage=0.05


Tree=129
num_leaves=15
num_cat=0
split_feature=3 2 3 2 2 3 0 3 2 2 3 3 2 3
split_gain=0.87615 0.876353 0.566097 1.36378 1.68658 0.498628 0.638472 1.17219 0.920056 0.864354 0.657634 0.548875 0.998928 0.794924
threshold=2.4500000000000006 7.4500000000000011 7.0500000000000007 7.3500000000000005 6.9500000000000011 6.6500000000000012 15.500000000000002 5.3500000000000005 6.4500000000000011 5.7500000000000009 6.5500000000000007 5.0500000000000007 6.1500000000000012 4.0500000000000007
decision_type=2 2 2 2 2 2 2 2 2 2 2 2 2 2
left_child=-1 2 3 4 5 6 8 -8 9 -2 -10 13 -13 -11
right_child=1 -3 -4 -5 -6 -7 7 -9 10 11 -12 12 -14 -15
leaf_value=-0.040694291333451163 0.0062101023470630696 0.051395062289300998 -0.028320898760499348 -0.060603738116941142 0.0450421216780479 -0.022996161813060561 -0.056063355107210222 0.00027924586214773066 0.051500362175572273 -0.0019586198591078911 0.0064358040713796243 0.012276882878451035 -0.031564054320086438 -0.063550105574770963
leaf_weight=1.1426771392580111 41.948521558137145 0.94011893961578508 1.4315824732184399 0.81949358060955901 2.4428777075372627 1.8362496085464943 1.2280386739439553 3.7180166661273688 1.7629888551309696 1.0122454838128754 1.496990792453289 3.5339963100850582 2.0547798983752728 1.08581817895174
leaf_count=1370 1424 65 17 9 33 14 205 46 24 22 8 21 20 9
internal_value=0.00270985 0.00346923 0.0027693 0.00347645 0.0043218 0.00265493 0.00346926 -0.0137099 0.00507561 0.00338564 0.0308066 -0.012028 -0.00384176 -0.0338343
internal_weight=66.4544 65.3117 64.3716 62.94 62.1205 59.6776 57.8414 4.94606 52.8953 49.6354 3.25998 7.68684 5.58878 2.09806
internal_count=3287 1917 1852 1835 1826 1793 1779 251 1528 1496 32 72 41 31
is_linear=0
shrinkage=0.05


Tree=130
num_leaves=15
num_cat=0
split_feature=3 0 0 3 3 3 0 3 3 0 3 3 3 3
split_gain=0.608365 0.47911 0.366159 1.27852 0.820613 1.93796 1.24921 0.559919 1.26676 1.00571 0.548033 0.987262 0.479955 0.751114
threshold=2.0500000000000003 1.5000000000000002 11.500000000000002 3.7500000000000004 6.3500000000000005 6.0500000000000007 10.500000000000002 5.1500000000000012 4.2500000000000009 15.500000000000002 3.3500000000000001 3.6500000000000008 4.6500000000000012 4.5500000000000007
decision_type=2 2 2 2 2 2 2 2 2 2 2 2 2 2
left_child=-1 -2 4 -4 5 6 10 8 9 -5 -3 -12 13 -13
right_child=1 2 3 7 -6 -7 -8 -9 -10 -11 11 12 -14 -15
leaf_value=-0.050536564814724121 0.035175258696407051 0.011788575316229375 -0.055809595380797272 0.04769628785470284 -0.023279904873704883 0.058153892858117041 -0.059959116299053462 0.013253797105909945 -0.033977771032485303 -0.052798555062478471 -0.041045556168888761 -0.00077469802460180745 -0.0086560042836483064 0.031465147495724474
leaf_weight=0.63529788234154594 0.88466090938891184 5.8400919779669485 0.82947562132904096 1.1651959830196568 4.9799355154391369 1.3052340722642828 0.96450900725903821 11.66823069588281 2.1295419213129207 0.31660158786689852 1.7790833653416473 13.93800764041953 17.015517697203904 2.0756250866688779
leaf_count=1060 30 819 269 45 68 16 94 136 99 45 156 264 150 17
internal_value=-0.00184565 -0.00136896 -0.00187405 0.00464695 -0.00406719 -0.00183788 -0.00371959 0.00792893 -0.00927569 0.0262245 -0.00238513 -0.00476318 -0.00280886 0.00340411
internal_weight=65.527 64.8917 64.0071 16.109 47.898 42.9181 41.6128 15.2796 3.61134 1.4818 40.6483 34.8082 33.0292 16.0136
internal_count=3268 2208 2178 594 1584 1516 1500 325 189 90 1406 587 431 281
is_linear=0
shrinkage=0.05


Tree=131
num_leaves=15
num_cat=0
split_feature=3 4 2 0 3 0 3 6 6 2 3 0 0 2
split_gain=0.634078 0.535278 0.447129 1.4567 0.814646 0.376959 0.711474 0.953327 0.321268 1.9426 2.30444 1.85352 1.00395 4.71148
threshold=2.0500000000000003 7.035000000000001 6.6500000000000012 10.500000000000002 7.1500000000000012 19.500000000000004 6.1500000000000012 1.0000000180025095e-35 1.0000000180025095e-35 6.0500000000000007 5.9500000000000011 10.500000000000002 9.5000000000000018 5.6500000000000012
decision_type=2 8 2 2 2 2 2 2 2 2 2 2 2 2
left_child=-1 -2 8 4 -4 6 -5 -8 9 10 11 12 -3 -14
right_child=1 2 3 5 -6 -7 7 -9 -10 -11 -12 -13 13 -15
leaf_value=-0.050523475028348912 0.054051602667796309 -0.0062176617653966091 0.055224137709720678 -0.029208202987311107 -0.0050418034004269486 0.021275631804009151 0.04016896246394358 -0.024763099625632824 0.00057317536999825414 -0.05683042856181119 0.075824427678917977 -0.056027833306725207 -0.01928281621035885 0.1388794059858299
leaf_weight=0.63140043859311745 0.45192015450447798 13.024399509187797 2.1048387079499649 2.4550306862220168 0.76438134000636626 1.1582909403368828 1.20188501290977 1.067225874401629 36.690900395522476 1.8016891822335299 0.89533627778291602 1.698430450647719 1.4988067390804638 0.68654082715511311
leaf_count=1067 9 583 53 25 22 16 12 22 1051 26 5 295 98 3
internal_value=-0.000657333 -0.000176635 -0.000553387 0.00996052 0.0391688 -0.00428615 -0.0105535 0.00962961 -0.00218785 -0.00735508 -0.00234825 -0.00648772 -0.000955712 0.0304049
internal_weight=66.1311 65.4997 65.0478 8.75165 2.86922 5.88243 4.72414 2.26911 56.2961 19.6052 17.8035 16.9082 15.2097 2.18535
internal_count=3287 2220 2211 150 75 75 59 34 2061 1010 984 979 684 101
is_linear=0
shrinkage=0.05


Tree=132
num_leaves=15
num_cat=0
split_feature=0 6 2 2 3 2 0 0 2 0 3 3 2 2
split_gain=1.45702 2.23401 3.14194 0.966514 0.660607 0.427616 0.887686 0.803982 0.554185 1.66094 1.56418 1.53938 1.9625 0.834679
threshold=2.5000000000000004 1.0000000180025095e-35 4.7500000000000009 3.6500000000000008 2.2500000000000004 2.9500000000000006 5.5000000000000009 7.5000000000000009 4.9500000000000011 7.5000000000000009 4.3500000000000005 3.2500000000000004 4.5500000000000007 3.4500000000000006
decision_type=2 2 2 2 2 2 2 2 2 2 2 2 2 2
left_child=1 2 -1 -3 -2 6 -6 -8 9 10 11 -7 13 -13
right_child=4 3 -4 -5 5 8 7 -9 -10 -11 -12 12 -14 -15
leaf_value=-0.0648220429260387 -0.05050291454003604 -0.013359228296661542 0.070515745221420123 0.071673549074632789 -0.050298013670116028 -0.051788045061052147 0.071593878674353253 -0.050449337975483378 0.0022327679769106948 0.0072490168625842961 -0.045693242965631993 0.049324767283217497 0.085479920318022221 -0.013597568970274183
leaf_weight=1.135303985181962 0.67084837895526916 0.3947261476714633 0.68916715029627074 2.1784925707615912 0.27811352000571676 1.4862368291360342 0.80305070010945201 0.16220232255000155 39.878417219922994 9.6914868831518088 4.0805821307003498 0.60321639105677594 0.67411494255065907 4.173929683980532
leaf_count=156 989 130 7 25 119 206 56 88 583 665 40 48 6 136
internal_value=0.000804244 0.0286222 -0.0137002 0.0586297 -0.00115304 -0.000617613 0.0284083 0.0510856 -0.00121327 -0.00784898 -0.0211292 -0.00668077 0.00561732 -0.00565228
internal_weight=66.8999 4.39769 1.82447 2.57322 62.5022 61.8314 1.24337 0.965253 60.588 20.7096 11.0181 6.9375 5.45126 4.77715
internal_count=3254 318 163 155 2936 1947 263 144 1684 1101 436 396 190 184
is_linear=0
shrinkage=0.05


Tree=133
num_leaves=15
num_cat=0
split_feature=3 4 3 3 3 3 2 2 2 2 2 3 3 2
split_gain=0.599097 0.542333 0.513881 0.543909 0.998069 0.727433 0.370549 1.38981 0.89869 0.896227 0.713389 1.05031 1.08894 0.69842
threshold=7.3500000000000005 7.035000000000001 7.2500000000000009 7.1500000000000012 7.0500000000000007 6.8500000000000005 3.8500000000000001 3.9500000000000006 4.1500000000000012 3.1500000000000008 4.3500000000000005 3.2500000000000004 2.9500000000000006 5.2500000000000009
decision_type=2 8 2 2 2 2 2 2 2 2 2 2 2 2
left_child=1 -1 3 4 5 6 9 -8 -9 -3 11 12 -10 -12
right_child=-2 2 -4 -5 -6 -7 7 8 10 -11 13 -13 -14 -15
leaf_value=0.053668826499966509 0.053929035874908007 0.0043684678375413592 -0.043953170996186175 0.059640451182374779 -0.094696091997157839 0.055491742909047237 0.050428021657974491 -0.052078046428082551 -0.050461928438701176 -0.03711474592112339 -0.011847190746183612 0.0054950759089617395 0.09579720081221961 0.00028957998581226845
leaf_weight=0.41885901056230068 0.46472787251695891 2.639445115462876 0.77222344465553661 0.34555167704820533 0.29705183953046699 0.53015903849154611 1.2291462020220922 0.92930579917447076 0.15808809574809757 2.5695200747286435 19.186031464516418 4.5398368514725007 0.65265319449827075 31.016112317447551
leaf_count=9 32 1231 7 5 3 11 81 144 78 565 546 89 18 459
internal_value=-0.00264002 -0.00304271 -0.00340892 -0.00292042 -0.00325954 -0.00283147 -0.0033229 -0.00217012 -0.00331475 -0.0160947 -0.00249902 0.0148567 0.0672778 -0.0043488
internal_weight=65.7487 65.284 64.8651 64.0929 63.7473 63.4503 62.9201 57.7112 56.482 5.20897 55.5527 5.35058 0.810741 50.2021
internal_count=3278 3246 3237 3230 3225 3222 3211 1415 1334 1796 1190 185 96 1005
is_linear=0
shrinkage=0.05


Tree=134
num_leaves=15
num_cat=0
split_feature=2 3 3 0 0 3 2 0 6 3 0 3 2 0
split_gain=0.785888 0.60402 0.72519 0.688903 0.570192 0.998359 0.949905 0.586342 0.723266 0.493305 0.479001 0.467832 1.08994 1.41252
threshold=7.4500000000000011 2.9500000000000006 2.5500000000000003 6.5000000000000009 3.5000000000000004 4.5500000000000007 3.8500000000000001 4.5000000000000009 1.0000000180025095e-35 1.7500000000000002 1.5000000000000002 4.0500000000000007 4.3500000000000005 5.5000000000000009
decision_type=2 2 2 2 2 2 2 2 2 2 2 2 2 2
left_child=1 2 3 9 5 6 10 8 -6 -1 -3 12 13 -9
right_child=-2 4 -4 -5 7 -7 -8 11 -10 -11 -12 -13 -14 -15
leaf_value=-0.050086311150529639 0.048955078074399638 0.032889513324023678 -0.051269471458009912 -0.051079757507663005 -0.0025422542383739207 -0.0092763469030764465 0.041978424993520544 0.062967036149160757 -0.055120112640555954 0.028818727010591013 -0.03350038691211376 0.0022845642343714634 -0.033876054662604342 -0.011591330874840993
leaf_weight=0.23756058387516477 0.82873970991931756 0.42072345688938984 1.2340973575628593 0.52901823210413557 1.6590919274021863 2.8311076760292053 3.3900300748646259 0.85470536933280472 1.079773155390285 1.1919601381523532 0.76697753649204969 44.648505067976657 3.0351586101460271 2.4740392663516104
leaf_count=596 61 5 334 491 38 26 28 49 28 339 58 564 210 389
internal_value=0.000575435 -4.76015e-05 -0.0212493 -0.00233331 0.00105916 0.0140628 0.028497 -0.000733211 -0.0232706 0.0157061 -0.00998286 0.000476826 -0.0122061 0.00755265
internal_weight=65.1815 64.3527 3.19264 1.95854 61.1601 7.40884 4.57773 53.7513 2.73887 1.42952 1.1877 51.0124 6.3639 3.32874
internal_count=3216 3155 1760 1426 1395 117 91 1278 66 935 63 1212 648 438
is_linear=0
shrinkage=0.05


Tree=135
num_leaves=15
num_cat=0
split_feature=3 3 0 2 3 2 2 2 0 3 3 0 0 2
split_gain=0.550714 0.585771 0.97734 0.975462 2.96575 6.29541 0.879171 1.12339 0.770558 1.095 1.08345 2.03586 0.875303 1.35503
threshold=7.3500000000000005 4.5500000000000007 15.500000000000002 4.8500000000000005 4.8500000000000005 5.0500000000000007 6.3500000000000005 5.9500000000000011 12.500000000000002 6.0500000000000007 5.2500000000000009 14.500000000000002 5.5000000000000009 5.2500000000000009
decision_type=2 2 2 2 2 2 2 2 2 2 2 2 2 2
left_child=1 2 6 -3 5 -5 7 -1 12 10 11 -10 13 -6
right_child=-2 3 -4 4 8 -7 -8 -9 9 -11 -12 -13 -14 -15
leaf_value=0.0046074424487769624 0.05375760611849939 -0.028090811485160461 -0.052478168757072931 0.16318001081320277 0.029356373445634354 -0.024855941486458741 0.038474878904924605 -0.057499006352747663 0.10381587534047276 0.027216340221493107 -0.019232329828428162 -0.030167978909621959 -0.017868151027775354 -0.018338314196288286
leaf_weight=21.699643244122864 0.43910716869868238 4.5407664562808341 0.756094242198741 0.80347782233729848 2.8547746706754031 0.99803386809071526 1.839869784656911 0.75339090026682143 0.55515751452185014 3.5083184270188212 4.5423045440111309 0.5794414752162993 16.500436098081991 3.113144479226321
leaf_count=2544 32 73 199 8 20 26 28 16 14 29 65 17 147 38
internal_value=-0.00204321 -0.00243187 0.00350397 -0.0063451 -0.00339362 0.0590085 0.00524636 0.00252352 -0.00694513 0.00525606 -0.00831536 0.0353901 -0.0119331 0.0044766
internal_weight=63.484 63.0449 25.049 37.9959 33.4551 1.80151 24.2929 22.453 31.6536 9.18522 5.6769 1.1346 22.4684 5.96792
internal_count=3256 3224 2787 437 364 34 2588 2560 330 125 96 31 205 58
is_linear=0
shrinkage=0.05


Tree=136
num_leaves=15
num_cat=0
split_feature=6 0 3 0 0 3 3 3 3 3 3 3 7 3
split_gain=0.912909 1.61612 0.840284 0.744125 1.65437 1.16129 2.07224 1.12011 1.0321 1.36083 0.657906 1.1053 0.668559 0.778707
threshold=1.0000000180025095e-35 2.5000000000000004 7.0500000000000007 13.500000000000002 9.5000000000000018 3.4500000000000006 3.2500000000000004 4.2500000000000009 4.4500000000000011 4.7500000000000009 6.8500000000000005 6.6500000000000012 1.0000000180025095e-35 4.5500000000000007
decision_type=2 2 2 2 2 2 2 2 2 2 2 2 2 2
left_child=2 -2 3 4 5 6 -1 -6 -7 -10 11 12 13 -3
right_child=1 10 -4 -5 7 8 -8 -9 9 -11 -12 -13 -14 -15
leaf_value=-0.0076905939314375719 0.040480595202756757 -0.0064914540391697853 -0.050972161373100747 -0.027270186181363454 -0.050655315348869995 -0.045192021224590095 0.092846779326275927 0.026040009758463836 0.024173609410233169 -0.023571533490625119 0.053603348226930671 -0.060952956193722985 -0.046010065696663979 0.008255428244822614
leaf_weight=2.199959694844448 2.7801093415764617 14.962256078040808 1.1150438152253617 3.6330005086056181 0.52183947415323828 2.9568521786713955 0.66821548994630564 5.426744224736467 2.06937400624156 5.3526413515210152 0.58625836693681677 0.72420714888721605 0.72921827629033842 22.284804049413651
leaf_count=792 159 1215 16 236 221 130 44 73 21 56 29 7 52 210
internal_value=-0.000796293 0.00363982 -0.00859014 -0.00652003 -0.00259281 -0.0124291 0.0157322 0.0193119 -0.0202114 -0.0102594 0.0010328 0.000236427 0.00140331 0.00233156
internal_weight=66.0105 42.0669 23.9437 22.8286 19.1956 13.247 2.86818 5.94858 10.3789 7.42202 39.2867 38.7005 37.9763 37.2471
internal_count=3261 1672 1589 1573 1337 1043 836 294 207 77 1513 1484 1477 1425
is_linear=0
shrinkage=0.05


Tree=137
num_leaves=15
num_cat=0
split_feature=3 3 0 0 0 3 3 3 3 3 0 3 0 0
split_gain=0.529706 0.596219 0.510173 0.573598 0.982926 0.479787 0.844358 0.628044 0.49816 0.906766 0.595283 0.766902 0.757196 1.29747
threshold=7.3500000000000005 7.2500000000000009 21.500000000000004 19.500000000000004 18.500000000000004 7.1500000000000012 7.0500000000000007 6.8500000000000005 4.8500000000000005 5.0500000000000007 11.500000000000002 6.3500000000000005 13.500000000000002 14.500000000000002
decision_type=2 2 2 2 2 2 2 2 2 2 2 2 2 2
left_child=1 2 3 4 5 6 7 8 -1 -10 11 -11 -12 -14
right_child=-2 -3 -4 -5 -6 -7 -8 -9 9 10 12 -13 13 -15
leaf_value=0.0032290906080293582 0.053651905278674077 -0.046142470965064172 -0.048416175136556064 0.025779776315107229 -0.057064883223662502 0.060242805811899093 -0.083137727122771107 0.055251009556085265 -0.031235095691896766 -0.0026907694436379805 0.023978174918158592 -0.029223942235249857 -0.046424709209326787 0.010828125046670531
leaf_weight=31.74067328775709 0.43855915754102071 0.73887025471776624 0.56160765561798953 2.0032076337229219 0.78316484671085973 0.32135122269391914 0.31137848272919555 0.49936469597741862 3.1411428861320045 12.5054712172132 3.9494344415143114 3.4815103393048039 1.3846212318167088 3.4683175482787192
leaf_count=2806 34 7 55 66 45 4 3 11 41 100 25 30 18 47
internal_value=-0.00111405 -0.00148419 -0.000969831 -0.000550797 -0.00140725 -0.000690358 -0.00101411 -0.000589122 -0.00105643 -0.00592656 -0.00271963 -0.00846894 0.00772235 -0.00550703
internal_weight=65.3287 64.8901 64.1512 63.5896 61.5864 60.8033 60.4819 60.1705 59.6712 27.9305 24.7894 15.987 8.80237 4.85294
internal_count=3292 3258 3251 3196 3130 3085 3081 3078 3067 261 220 130 90 65
is_linear=0
shrinkage=0.05


Tree=138
num_leaves=15
num_cat=0
split_feature=4 3 3 2 0 3 0 2 0 3 2 3 2 0
split_gain=0.500021 0.456987 0.819633 0.536288 1.01127 1.18646 0.887669 0.68002 0.522622 0.452551 0.882003 1.53064 1.03985 0.831147
threshold=7.035000000000001 7.3500000000000005 7.2500000000000009 5.9500000000000011 9.5000000000000018 6.3500000000000005 16.500000000000004 6.0500000000000007 10.500000000000002 4.3500000000000005 5.2500000000000009 3.9500000000000006 4.8500000000000005 3.5000000000000004
decision_type=10 2 2 2 2 2 2 2 2 2 2 2 2 2
left_child=1 2 3 6 5 -5 9 -6 -9 10 12 13 -1 -12
right_child=-2 -3 -4 4 7 -7 -8 8 -10 -11 11 -13 -14 -15
leaf_value=0.0042484664674602305 -0.053292583432026211 0.053618509597018305 -0.054915387152841701 0.049240826591411546 0.033010853319452811 -0.0048215001263171488 -0.053076467793119454 -0.023723562815780298 0.002294283754530758 -0.0056154674343035912 0.059716889146320985 0.089062340340346366 -0.052904895886132508 -0.052653782815004428
leaf_weight=15.434297926854928 0.43906866192992211 0.39858660870231588 0.67444846592843433 2.6877925405278829 1.5101863003219467 1.6304945466108618 0.84977993836218857 2.3596122637391082 10.604134206572779 26.594877367606387 0.25813627243041881 0.7934575229883194 0.8391099873697393 0.45391380353248678
leaf_count=2270 98 32 6 60 20 30 187 20 117 282 2 9 88 65
internal_value=-0.000113834 0.000244893 -8.39662e-05 0.000493719 0.00759307 0.028828 -0.00245635 0.00125764 -0.00244139 -0.00148695 0.00468876 0.041303 0.00130145 -0.0119166
internal_weight=65.5279 65.0888 64.6902 64.0158 18.7922 4.31829 45.2236 14.4739 12.9637 44.3738 17.7789 1.50551 16.2734 0.71205
internal_count=3286 3188 3156 3150 247 90 2903 157 137 2716 2434 76 2358 67
is_linear=0
shrinkage=0.05


Tree=139
num_leaves=15
num_cat=0
split_feature=3 0 0 2 3 2 0 3 3 2 0 0 0 2
split_gain=0.842355 0.937583 0.816277 1.35388 0.856094 1.29178 2.32583 1.04219 0.775716 1.55123 0.654117 1.09242 1.49387 1.49535
threshold=5.3500000000000005 5.5000000000000009 15.500000000000002 7.2500000000000009 4.4500000000000011 4.7500000000000009 9.5000000000000018 2.9500000000000006 4.8500000000000005 4.8500000000000005 3.5000000000000004 8.5000000000000018 6.5000000000000009 5.5500000000000007
decision_type=2 2 2 2 2 2 2 2 2 2 2 2 2 2
left_child=2 -2 3 4 7 6 -6 -1 9 -7 -9 12 -12 -14
right_child=1 -3 -4 -5 5 8 -8 10 -10 -11 11 -13 13 -15
leaf_value=-0.025522453478215842 0.04554730786208662 0.0045210545561492682 -0.03799269361798735 0.060448988668709402 -0.064056497525646197 -0.018971633603742807 0.013778139862924203 0.02332929508782957 -0.01309486415675671 0.046093717468249508 0.0047632104161141981 0.016191309728368703 -0.05398867705461316 0.044681073102373785
leaf_weight=3.0269321444066035 1.4895527192857141 21.395163346081972 1.767581988358869 0.81657840684056182 2.7640916816890266 1.7935991459526115 1.47032427880913 4.2609131481731337 8.8455799093935621 1.8722784817218778 5.4735556632513163 6.7379109766334286 2.5496362384874378 0.45206907019019116
leaf_count=1723 26 215 239 22 26 25 35 82 87 24 205 406 143 5
internal_value=-0.000520963 0.00719143 -0.00474022 -0.00327314 -0.00459895 -0.013159 -0.0370298 0.00177166 -0.00508006 0.0142593 0.00601409 0.00116443 -0.0107821 -0.0391286
internal_weight=64.7158 22.8847 41.8311 40.0635 39.2469 16.7459 4.23442 22.501 12.5115 3.66588 19.4741 15.2132 8.47526 3.00171
internal_count=3263 241 3022 2783 2761 197 61 2564 136 49 841 759 353 148
is_linear=0
shrinkage=0.05


Tree=140
num_leaves=15
num_cat=0
split_feature=0 2 2 2 2 0 2 0 2 6 0 0 2 2
split_gain=0.733667 1.40719 0.759643 0.661855 0.804343 0.86578 0.470204 0.588167 0.518956 0.752011 0.821225 0.490071 0.837631 0.728519
threshold=10.500000000000002 5.1500000000000012 2.8500000000000001 6.7500000000000009 6.3500000000000005 9.5000000000000018 6.7500000000000009 11.500000000000002 6.9500000000000011 1.0000000180025095e-35 14.500000000000002 18.500000000000004 6.4500000000000011 6.5500000000000007
decision_type=2 2 2 2 2 2 2 2 2 2 2 2 2 2
left_child=2 -2 -1 4 -4 -6 7 -3 -8 -10 -11 13 -13 -9
right_child=1 6 3 -5 5 -7 8 11 9 10 -12 12 -14 -15
leaf_value=-0.04077292019743195 -0.050952112163901657 -0.032787967659336656 0.0047822565364955471 0.031034524664758274 0.0026305736900974755 -0.047883956196883105 -0.048516954342887976 0.0050791939302554101 -0.02848294036828037 -0.01966027398797815 0.047049984079238633 0.0042113965764111567 -0.067625272865062355 0.048682773813275744
leaf_weight=0.96133813977939908 1.7767350210924657 1.1051530286786135 39.900139237710391 2.1781545055564484 1.8530209567397824 1.5643023997545242 1.0201676473952819 6.7197391480731294 2.1801596754230559 0.89115743059664942 0.95649479096755385 1.4016120850283185 0.57114431640366081 1.1171992339077403
leaf_count=900 467 16 1475 69 26 8 12 131 26 16 20 68 7 9
internal_value=-9.17873e-05 -0.00874182 0.00321122 0.00414062 0.0027883 -0.0204928 -0.00404362 0.00179228 -0.0166621 -0.00859392 0.0148744 0.00568806 -0.0165865 0.0112951
internal_weight=64.1965 17.7396 46.457 45.4956 43.3175 3.41732 15.9628 10.9148 5.04798 4.02781 1.84765 9.80969 1.97276 7.83694
internal_count=3250 772 2478 1578 1509 34 305 231 74 62 36 215 75 140
is_linear=0
shrinkage=0.05


Tree=141
num_leaves=15
num_cat=0
split_feature=3 0 0 0 2 6 2 0 2 2 3 2 3 0
split_gain=0.459198 0.432862 0.840223 0.838568 0.631412 1.88384 0.593858 0.585941 1.55198 1.33482 1.27569 1.13288 1.0994 1.75326
threshold=7.3500000000000005 21.500000000000004 19.500000000000004 18.500000000000004 6.7500000000000009 1.0000000180025095e-35 7.4500000000000011 10.500000000000002 7.3500000000000005 6.6500000000000012 6.3500000000000005 6.1500000000000012 5.7500000000000009 12.500000000000002
decision_type=2 2 2 2 2 2 2 2 2 2 2 2 2 2
left_child=1 2 3 6 5 -4 7 9 12 10 11 -1 -9 -14
right_child=-2 -3 4 -5 -6 -7 -8 8 -10 -11 -12 -13 13 -15
leaf_value=-0.0017385161998050272 0.053633428184293841 -0.047926701538907844 -0.058043345332430253 -0.05564870882328482 0.071256590778947373 0.064249249819032669 0.051461968480395338 -0.021042441056353799 -0.087953785124764081 0.035102867159336124 -0.044678334003035398 0.046586180760680641 -0.020302034445129666 0.031660882085160477
leaf_weight=41.079314807982882 0.36953747854567964 0.51482955750543524 0.56263166117423569 0.74439658965275057 0.6396794021129607 0.71521911601303145 0.51014797110110421 7.4846026188606594 0.63399066217243749 2.5639028036966911 1.684710107743739 1.2496901098638762 3.0836310982704163 3.4277457930147648
leaf_count=2392 31 55 29 42 5 28 31 544 5 49 14 21 16 21
internal_value=-0.00194521 -0.0022617 -0.00189653 -0.00289735 0.0307044 0.0104044 -0.0022611 -0.00270887 -0.0114378 3.28813e-05 -0.00201003 -0.000311814 -0.00797178 0.0070525
internal_weight=65.264 64.8945 64.3797 62.4621 1.91753 1.27785 61.7177 61.2076 14.63 46.5776 44.0137 42.329 13.996 6.51138
internal_count=3283 3252 3197 3135 62 57 3093 3062 586 2476 2427 2413 581 37
is_linear=0
shrinkage=0.05


Tree=142
num_leaves=15
num_cat=0
split_feature=4 3 3 3 0 3 1 2 3 0 3 0 2 2
split_gain=0.468352 0.411116 0.468322 0.418429 0.371605 0.913636 0.348906 0.339487 0.902172 0.664642 1.41007 4.75399 1.01044 0.697106
threshold=7.035000000000001 7.3500000000000005 7.2500000000000009 7.1500000000000012 1.5000000000000002 3.6500000000000008 1.0000000180025095e-35 4.1500000000000012 3.4500000000000006 4.5000000000000009 3.3500000000000001 5.5000000000000009 3.1500000000000008 3.8500000000000001
decision_type=10 2 2 2 2 2 2 2 2 2 2 2 2 2
left_child=1 2 3 4 5 -1 7 8 9 13 12 -12 -11 -6
right_child=-2 -3 -4 -5 6 -7 -8 -9 -10 10 11 -13 -14 -15
leaf_value=-0.052565541213642313 -0.053225067732059594 0.053350234717715418 -0.037990470308670726 0.05902201995929738 -0.050416066475780966 0.070041956570224911 0.053512989047825837 0.0011634140530918941 -0.03583458026168073 0.022230273453836536 0.35922493817641865 -0.050391527234247641 -0.050289461674033843 0.024749700075885273
leaf_weight=0.21153255866374721 0.4058908591105127 0.36800621717702497 0.78654957376420398 0.30743975099176069 0.93549491793964878 0.53936375677585602 0.30433321371674438 53.596649435348809 2.336749340116512 1.9919657851132804 0.12164640426635731 0.16958003703621216 0.63295044291589864 0.46020186276291497
leaf_count=59 108 31 7 5 612 7 6 1160 249 588 4 38 354 21
internal_value=0.000311664 0.000657891 0.000347109 0.000836565 0.000544748 0.0355026 0.000111224 -0.000158539 -0.0108153 0.00274364 0.0163244 0.120707 0.00474347 -0.0256317
internal_weight=63.1684 62.7625 62.3945 61.6079 61.3005 0.750896 60.5496 60.2452 6.64859 4.31184 2.91614 0.291226 2.62492 1.3957
internal_count=3249 3141 3110 3103 3098 66 3032 3026 1866 1617 984 42 942 633
is_linear=0
shrinkage=0.05


Tree=143
num_leaves=15
num_cat=0
split_feature=2 0 3 2 2 2 0 2 3 2 3 6 7 2
split_gain=0.768402 0.757756 0.664326 2.41514 0.558585 0.586142 1.24575 0.780968 0.720087 0.985863 0.663675 0.491526 0.397615 0.563814
threshold=4.1500000000000012 7.5000000000000009 6.6500000000000012 6.7500000000000009 3.9500000000000006 3.8500000000000001 4.5000000000000009 3.4500000000000006 3.3500000000000001 2.9500000000000006 2.8500000000000001 1.0000000180025095e-35 1.0000000180025095e-35 5.1500000000000012
decision_type=2 2 2 2 2 2 2 2 2 2 2 2 2 2
left_child=1 4 12 -4 5 6 -1 8 9 10 11 -8 -2 -14
right_child=2 -3 3 -5 -6 -7 7 -9 -10 -11 -12 -13 13 -15
leaf_value=-0.045241708272175607 0.0027594267995068775 -0.050584299691594753 -0.10768368445254183 -0.00093439558659229305 -0.052948328169142606 0.034688958487641593 0.036703692031607275 -0.050478382306504116 0.090139882831278453 -0.050447290466444188 0.094590681670362428 -0.050350069763615661 0.014237370507865298 -0.057294683083889512
leaf_weight=1.5874047394609072 52.585785785544431 1.3509205657610435 0.64537026360630934 2.9600588948233053 0.63082469333312463 0.85260695579927404 0.54730096334242284 0.41076368954963971 0.35175810381770123 0.46151971269864578 0.34079188713803887 0.23041132457728963 0.47540428678621427 0.65501520958787296
leaf_count=772 1144 622 4 65 56 34 122 103 16 134 13 145 23 15
internal_value=-0.00114659 -0.0170845 0.000734182 -0.0200425 -0.00872452 -0.00289135 -0.0110444 0.012129 0.0254415 0.0110378 0.036408 0.0109124 0.00212871 -0.0272115
internal_weight=64.0859 6.7643 57.3216 3.60543 5.41338 4.78256 3.92995 2.34255 1.93178 1.58002 1.1185 0.777712 53.7162 1.13042
internal_count=3268 2017 1251 69 1395 1339 1305 533 430 414 280 267 1182 38
is_linear=0
shrinkage=0.05


Tree=144
num_leaves=15
num_cat=0
split_feature=4 3 3 3 3 3 3 2 2 3 1 3 2 2
split_gain=0.440808 0.419361 1.03799 0.409663 0.743382 0.563275 0.721637 0.545517 0.870444 1.43875 0.408274 0.640785 0.360295 1.09819
threshold=7.035000000000001 7.3500000000000005 7.2500000000000009 7.1500000000000012 7.0500000000000007 6.8500000000000005 6.6500000000000012 6.4500000000000011 7.3500000000000005 4.6500000000000012 1.0000000180025095e-35 2.4500000000000006 2.9500000000000006 3.3500000000000001
decision_type=10 2 2 2 2 2 2 2 2 2 2 2 2 2
left_child=1 2 3 4 5 6 7 10 -9 -10 11 -1 -13 -14
right_child=-2 -3 -4 -5 -6 -7 -8 8 9 -11 -12 12 13 -15
leaf_value=-0.050100314047282463 -0.053023315773745298 0.053108441261313338 -0.066354198602537148 0.058571843744332136 -0.076955129034022296 0.055096044767419916 -0.032101296907803036 0.020786130972439112 0.041945225254040923 -0.058106693094448492 0.053409711904758066 0.024927419288282453 -0.050662315459396104 -0.00072220132324192325
leaf_weight=0.67864507563353882 0.40272396472573646 0.36209212557878245 0.59908725786954065 0.29487076681107183 0.31632886826991935 0.45861415890976687 1.7570845060981799 6.3724956925143479 0.57035616878420092 0.97106673708185554 0.33657913655042548 1.286865258050965 1.1268531588721078 47.657328197426978
leaf_count=1283 107 34 6 5 3 11 15 80 14 24 6 213 204 1252
internal_value=-0.000879545 -0.000545095 -0.000856303 -0.000221647 -0.000503393 -0.000108334 -0.000525033 0.000415339 0.0126306 -0.0210856 -0.00147697 -0.00184098 -0.00118689 -0.00187576
internal_weight=63.191 62.7883 62.4262 61.8271 61.5322 61.2159 60.7573 59.0002 7.91392 1.54142 51.0863 50.7497 50.071 48.7842
internal_count=3257 3150 3116 3110 3105 3102 3091 3076 118 38 2958 2952 1669 1456
is_linear=0
shrinkage=0.05


Tree=145
num_leaves=15
num_cat=0
split_feature=0 2 3 2 3 0 3 0 2 0 2 2 3 3
split_gain=0.513238 1.14247 1.40834 0.736432 0.90989 1.40127 2.0437 2.18817 0.960544 0.725833 1.56274 2.04381 1.06055 0.84429
threshold=7.5000000000000009 4.7500000000000009 4.5500000000000007 6.4500000000000011 5.4500000000000011 6.5000000000000009 5.1500000000000012 4.5000000000000009 5.4500000000000011 8.5000000000000018 4.5500000000000007 5.1500000000000012 4.5500000000000007 3.0500000000000003
decision_type=2 2 2 2 2 2 2 2 2 2 2 2 2 2
left_child=1 2 -1 4 5 6 7 -3 -9 12 13 -12 -2 -11
right_child=9 3 -4 -5 -6 -7 -8 8 -10 10 11 -13 -14 -15
leaf_value=0.00012654584607282044 -0.051638103984864209 0.020297849535372919 -0.059643156752509953 0.054477365826099647 -0.013447712526508147 0.054558115130085377 0.053325096212652634 -0.068124749116514824 -0.0022725353767495643 -0.050302224231958625 -0.040098210047416039 0.00014320762160133352 -0.0046055352841830452 0.030854278292546552
leaf_weight=11.964765931115837 1.7959732345479995 3.2879203507909533 1.0740327388048161 1.1348937141010527 2.6731774806976309 2.2042206364567392 1.9542879648506639 1.4472089899936693 0.89696386293508101 0.34415173775050689 3.6258590317156658 24.310168595111463 3.603524477686733 4.6568227386451326
leaf_count=1559 200 32 12 44 26 29 12 32 12 343 229 396 37 326
internal_value=0.000446918 0.00577805 -0.00479681 0.0159175 0.0124064 0.0194655 0.0092694 -0.00601755 -0.0429274 -0.00325733 -0.000471741 -0.00507979 -0.0202494 0.0252693
internal_weight=64.974 26.6375 13.0388 13.5987 12.4638 9.7906 7.58638 5.63209 2.34417 38.3365 32.937 27.936 5.3995 5.00097
internal_count=3289 1758 1571 187 143 117 88 76 44 1531 1294 625 237 669
is_linear=0
shrinkage=0.05


Tree=146
num_leaves=15
num_cat=0
split_feature=2 0 0 0 0 2 2 6 2 2 2 2 0 2
split_gain=0.744385 1.68875 1.39366 0.707324 0.908304 0.824067 1.4851 0.573501 0.815283 2.33045 0.722263 0.90748 0.555735 0.922985
threshold=6.2500000000000009 8.5000000000000018 17.500000000000004 14.500000000000002 13.500000000000002 5.7500000000000009 4.2500000000000009 1.0000000180025095e-35 6.6500000000000012 6.9500000000000011 6.9500000000000011 6.5500000000000007 12.500000000000002 5.1500000000000012
decision_type=2 2 2 2 2 2 2 2 2 2 2 2 2 2
left_child=2 -2 3 4 12 6 -5 8 -3 -10 11 -9 -1 -14
right_child=1 7 -4 5 -6 -7 -8 10 9 -11 -12 -13 13 -15
leaf_value=-0.0018388299746725384 0.050451137941250258 -0.035379462227744247 -0.055158579353538364 0.099403459834364938 -0.057833592065515117 0.058988412328641909 -0.020033049009439891 0.028529183869297276 0.057121954497853414 -0.021752789653411039 0.040859638415280709 -0.016356942242180952 -0.05102183156719084 0.039723978921689003
leaf_weight=42.891727342794184 2.3379266079282379 1.7809413525101243 1.1740040662625677 0.32182118749187738 0.70470228789781586 1.066603116225451 1.3607797312433829 2.043730883859098 1.417836371110752 2.7584924502298236 1.8484886705409733 2.5077208294533193 0.33516131357464418 1.7090172028983941
leaf_count=2590 75 18 163 41 78 18 69 17 15 35 43 16 55 27
internal_value=0.00159971 0.0114829 -0.00133055 -2.46094e-05 -0.00150825 0.024606 0.00281087 0.0041103 -0.00705425 0.00502467 0.0145026 0.0037982 -0.000624938 0.0248454
internal_weight=64.259 14.6951 49.5638 48.3898 45.6406 2.7492 1.6826 12.3572 5.95727 4.17633 6.39994 4.55145 44.9359 2.04418
internal_count=3260 219 3041 2878 2750 128 110 144 68 50 76 33 2672 82
is_linear=0
shrinkage=0.05


Tree=147
num_leaves=15
num_cat=0
split_feature=3 3 3 2 2 3 6 3 3 3 3 2 3 2
split_gain=0.687161 0.597139 0.364578 0.44694 1.13296 0.901357 1.20717 1.08928 0.767296 0.573853 1.07026 0.669059 2.01889 1.1251
threshold=2.9500000000000006 2.5500000000000003 4.3500000000000005 4.8500000000000005 5.0500000000000007 5.1500000000000012 1.0000000180025095e-35 4.9500000000000011 4.8500000000000005 5.4500000000000011 5.6500000000000012 7.2500000000000009 6.0500000000000007 7.3500000000000005
decision_type=2 2 2 2 2 2 2 2 2 2 2 2 2 2
left_child=1 -1 -2 -4 -5 6 8 -8 -6 -7 -11 -12 -13 -14
right_child=2 -3 3 4 5 9 7 -9 -10 10 11 12 13 -15
leaf_value=-0.0051695243266911672 0.0076933937621567906 -0.051338657172031336 -0.011412943576826257 0.028381638839046472 -0.02065211931818537 0.014650623319947154 -0.014543843866805975 -0.078508647046787949 0.048398974700855982 -0.026907133136013613 0.0061482960711679475 -0.11278588695658541 -0.036202847035789396 0.052684338749880648
leaf_weight=1.787894215260166 17.113325690312195 1.151343114528572 8.2303480359259975 3.535737906699068 0.86635856184875482 6.6689852352719781 1.483357882301789 1.2072830793913452 0.75109834049362689 3.6272501046769348 16.221633827779446 0.48890335904434223 0.77004007901996352 0.66209895501378924
leaf_count=1441 917 335 126 51 24 77 24 16 12 35 129 7 7 47
internal_value=0.000364512 -0.0232547 0.00149102 -0.000893526 0.00149269 -0.00141055 -0.0227236 -0.0432447 0.0114131 0.00181809 -0.00211302 0.00284405 -0.0250576 0.00489101
internal_weight=64.5657 2.93924 61.6264 44.5131 36.2827 32.747 4.3081 2.69064 1.61746 28.4389 21.7699 18.1427 1.92104 1.43214
internal_count=3248 1776 1472 555 429 378 76 40 36 302 225 190 61 54
is_linear=0
shrinkage=0.05


Tree=148
num_leaves=15
num_cat=0
split_feature=3 0 2 2 0 0 6 3 3 2 3 2 3 3
split_gain=0.844004 0.62452 0.603779 1.20571 0.750663 1.39328 1.8094 1.38118 1.06009 0.98568 2.33711 0.937912 1.6675 0.757526
threshold=2.8500000000000001 18.500000000000004 7.4500000000000011 7.2500000000000009 12.500000000000002 10.500000000000002 1.0000000180025095e-35 5.5500000000000007 6.2500000000000009 6.7500000000000009 6.3500000000000005 4.2500000000000009 4.1500000000000012 5.9500000000000011
decision_type=2 2 2 2 2 2 2 2 2 2 2 2 2 2
left_child=-1 2 3 4 5 9 -7 11 -8 10 13 12 -6 -2
right_child=1 -3 -4 -5 7 6 8 -9 -10 -11 -12 -13 -14 -15
leaf_value=-0.031202485929891013 0.0050458816443660383 -0.022219031235369474 0.051284358562863355 -0.039605824075987214 -0.05056239287584649 0.01257035071217754 -0.070162513545659166 0.035265514569124926 -0.0093868744344117287 0.054867683031589745 -0.048811823030416229 -0.018760106989243557 0.14780377685121379 0.05809805021926541
leaf_weight=1.9827971747508844 38.200122044538148 2.5570154014421851 0.64119152165949245 1.6512528145685781 0.18874392434372511 2.1099795609479761 1.9297888121800499 4.6870552934706211 1.1421617418527601 0.94579770928248663 2.0487128198146811 2.6738807703368366 0.24149541556835175 0.68493505381047626
leaf_count=1723 887 128 60 22 60 66 67 33 6 25 17 161 5 8
internal_value=0.00089038 0.00195623 0.00303798 0.00249049 0.00375773 0.00137781 -0.0230796 0.0181333 -0.0475659 0.00440403 0.00323804 -0.00773543 0.0607815 0.00598036
internal_weight=61.6849 59.7021 57.1451 56.5039 54.8527 47.0615 5.18193 7.79118 3.07195 41.8796 40.9338 3.10412 0.430239 38.8851
internal_count=3268 1545 1417 1357 1335 1076 139 259 73 937 912 226 65 895
is_linear=0
shrinkage=0.05


Tree=149
num_leaves=15
num_cat=0
split_feature=2 2 3 3 0 2 0 3 3 0 2 3 3 2
split_gain=0.824652 1.08322 1.00228 1.47419 1.17237 1.2585 0.974494 0.903898 1.03544 0.80729 1.10688 1.17785 0.720356 0.718876
threshold=5.7500000000000009 6.6500000000000012 5.5500000000000007 4.7500000000000009 5.5000000000000009 6.3500000000000005 15.500000000000002 5.6500000000000012 6.2500000000000009 11.500000000000002 6.8500000000000005 7.0500000000000007 6.1500000000000012 5.9500000000000011
decision_type=2 2 2 2 2 2 2 2 2 2 2 2 2 2
left_child=6 2 3 4 -2 -6 -1 -3 -9 10 -10 -12 13 -4
right_child=1 7 12 -5 5 -7 -8 8 9 -11 11 -13 -14 -15
leaf_value=0.0052809121369644645 0.053321878542988435 0.024091475354151529 -0.016065511141744614 -0.0824238531035595 -0.065887734682643501 0.031950759341558076 -0.051981578832763366 -0.061961383362954939 -0.049969683178938067 0.038134537423785829 0.057174151718961778 -0.021968172080544641 -0.02339093616013721 0.021761871881593786
leaf_weight=41.231925384912756 0.48939274996519433 3.8091047285124642 2.3482514848001284 1.2920182803645728 1.0597187320090595 0.47645499295322213 0.75661643057537631 0.76088774669915427 1.1718768691644075 1.1041849595494566 0.81771221151575435 1.1059854080667717 4.4720234386622906 2.7001894786953926
leaf_count=2727 7 65 18 17 52 18 207 14 9 29 16 24 32 24
internal_value=0.000164656 -0.00777222 -0.0170249 -0.0406914 -0.0140721 -0.0355424 0.00424907 0.00577281 -0.00829345 0.00142979 -0.0116627 0.0116731 -0.00877788 0.0041667
internal_weight=63.5963 21.6078 12.838 3.31758 2.02557 1.53617 41.9885 8.76975 4.96065 4.19976 3.09557 1.9237 9.52046 5.04844
internal_count=3259 325 168 94 77 70 2934 157 92 78 49 40 74 42
is_linear=0
shrinkage=0.05


Tree=150
num_leaves=15
num_cat=0
split_feature=3 3 0 3 0 3 0 0 2 6 3 2 0 6
split_gain=0.59075 0.678671 0.664791 0.405358 0.361563 0.306039 0.908877 0.983175 1.25063 1.22628 1.20844 2.0817 0.377113 1.0859
threshold=2.9500000000000006 2.5500000000000003 6.5000000000000009 1.7500000000000002 1.5000000000000002 3.3500000000000001 3.5000000000000004 8.5000000000000018 4.3500000000000005 1.0000000180025095e-35 3.2500000000000004 4.7500000000000009 14.500000000000002 1.0000000180025095e-35
decision_type=2 2 2 2 2 2 2 2 2 2 2 2 2 2
left_child=1 2 3 -1 -2 6 -6 10 9 -9 -8 -12 -7 -14
right_child=4 -3 -4 -5 5 12 7 8 -10 -11 11 -13 13 -15
leaf_value=-0.050088786207913016 0.035954335673289393 -0.051358341020822242 -0.051164472908859816 0.027689649084847657 0.061580257791655074 -0.0022413715018384929 -0.05254953331198034 -0.050883343051159519 -0.050521703880026449 0.10158308015216305 -0.050488002485405886 0.15715281418802424 -0.014229001964763816 0.022444139742868754
leaf_weight=0.19706749751639963 0.7204971443861713 1.187198628002079 0.51136174042767368 1.1171746781910767 0.79767381085548494 49.141287506790832 1.1230976485530848 0.1665369013790039 0.29541472773416899 0.63374112173914909 0.27212059777230013 0.21693481504917145 3.1800716254074342 5.5262885111442301
leaf_count=608 13 345 522 359 34 879 98 45 64 43 34 1 132 134
internal_value=-0.000308724 -0.0219307 -0.00279373 0.016027 0.000740717 0.000327188 0.0146724 0.000854332 0.0373997 0.069855 -0.0239836 0.0416171 -0.000542119 0.00904896
internal_weight=65.0865 3.0128 1.8256 1.31424 62.0737 61.3532 3.50552 2.70785 1.09569 0.800278 1.61215 0.489055 57.8476 8.70636
internal_count=3311 1834 1489 967 1477 1464 319 285 152 88 133 35 1145 266
is_linear=0
shrinkage=0.05


Tree=151
num_leaves=15
num_cat=0
split_feature=4 0 4 3 2 0 0 2 0 0 2 2 3 2
split_gain=0.456066 0.40204 0.307823 0.329793 0.449942 1.03485 0.571571 0.400593 0.318054 0.853687 0.626827 1.03923 0.511094 1.01283
threshold=7.035000000000001 20.500000000000004 1.0000000180025095e-35 2.2500000000000004 2.9500000000000006 5.5000000000000009 7.5000000000000009 7.3500000000000005 19.500000000000004 18.500000000000004 7.4500000000000011 7.3500000000000005 7.0500000000000007 7.1500000000000012
decision_type=10 2 10 2 2 2 2 2 2 2 2 2 2 2
left_child=1 2 3 7 5 -5 -7 -1 9 10 11 12 13 -6
right_child=-2 -3 -4 4 8 6 -8 -9 -10 -11 -12 -13 -14 -15
leaf_value=-0.050495587713065004 -0.052822361311444091 -0.042124684702307125 0.052872216559175969 -0.050325450917973996 0.0016823275555598689 0.073802944985030858 -0.050278892114092137 0.056646530113536986 0.02226851842293914 -0.053639768182860405 0.051204769972809996 -0.057525872302616458 -0.029600106526866489 0.066000738885130833
leaf_weight=0.55347114431788114 0.38858131025335652 0.52357896613830135 0.29446780681610008 0.28485001513035857 55.602660987686249 0.78600803925655782 0.10523567358177388 0.1035662442445755 1.7755572050009494 0.71168517692421929 0.62633032165467639 0.75085591431707044 1.2768892887979735 0.61888884613290329
leaf_count=1159 105 59 8 136 1485 52 87 1 46 36 61 12 12 10
internal_value=0.00118201 0.00150983 0.00186967 0.00163202 0.00200224 0.0326363 0.0591517 -0.0336072 0.0014151 0.000793722 0.00145171 0.000916737 0.00167992 0.00239035
internal_weight=64.4026 64.014 63.4905 63.196 62.539 1.17609 0.891244 0.657037 61.3629 59.5873 58.8756 58.2493 57.4984 56.2215
internal_count=3269 3164 3105 3097 1937 275 139 1160 1662 1616 1580 1519 1507 1495
is_linear=0
shrinkage=0.05


Tree=152
num_leaves=15
num_cat=0
split_feature=3 3 3 3 3 0 0 0 6 3 0 3 3 0
split_gain=1.23613 0.638164 0.723247 0.809696 1.16094 1.13556 1.70014 0.593445 0.591909 1.2223 1.68256 0.906699 0.993223 0.86016
threshold=7.1500000000000012 7.0500000000000007 5.0500000000000007 4.3500000000000005 4.5500000000000007 8.5000000000000018 6.5000000000000009 15.500000000000002 1.0000000180025095e-35 3.4500000000000006 6.5000000000000009 3.2500000000000004 3.0500000000000003 9.5000000000000018
decision_type=2 2 2 2 2 2 2 2 2 2 2 2 2 2
left_child=1 2 3 7 -5 6 -6 8 9 10 11 12 -1 -11
right_child=-2 -3 -4 4 5 -7 -8 -9 -10 13 -12 -13 -14 -15
leaf_value=0.036515638923167192 0.05610675926123615 -0.071899486446529853 0.0049909692137936187 -0.037254573982825251 -0.014040284974820148 -0.029038393242184702 0.041956680666900989 -0.052071918897602598 0.0082996938507381695 -0.049514208642767031 -0.051002459093295177 0.075936278083085923 -0.050941082030726864 0.011715589870221619
leaf_weight=1.0802239771001092 0.95728098088875313 0.31710924953222175 28.687364969286136 4.1799738753470583 3.4170007114298624 3.2134176772087812 2.2467457298189402 0.52006211922707635 12.548235061927699 2.2067812796449293 0.81096052524662798 0.79556359397247423 0.46412045293254767 0.77501963870599855
leaf_count=566 42 3 276 71 32 103 22 183 1263 120 425 31 37 76
internal_value=-0.000272028 -0.001153 -0.000784889 -0.0059214 -0.0155275 -0.00529698 0.00817309 0.000611016 0.00207767 -0.0106534 0.0110615 0.0325715 0.0102323 -0.0335996
internal_weight=62.2199 61.2626 60.9455 32.2581 13.0571 8.87716 5.66375 19.201 18.6809 6.13267 3.15087 2.33991 1.54434 2.9818
internal_count=3250 3208 3205 2929 228 157 54 2701 2518 1255 1059 634 603 196
is_linear=0
shrinkage=0.05


Tree=153
num_leaves=15
num_cat=0
split_feature=0 0 3 0 3 3 4 3 6 0 0 3 3 3
split_gain=0.361006 0.478967 2.41748 0.810978 0.638159 0.763922 0.346933 0.351824 0.325752 0.234448 0.31087 0.979419 0.485625 0.641062
threshold=22.500000000000004 19.500000000000004 6.4500000000000011 18.500000000000004 6.0500000000000007 5.4500000000000011 7.035000000000001 2.2500000000000004 1.0000000180025095e-35 1.5000000000000002 4.5000000000000009 5.2500000000000009 5.0500000000000007 4.4500000000000011
decision_type=2 2 2 2 2 2 8 2 2 2 2 2 2 2
left_child=1 3 4 6 5 8 -1 -8 -3 -9 11 12 13 -11
right_child=-2 2 -4 -5 -6 -7 7 9 -10 10 -12 -13 -14 -15
leaf_value=0.052711272927152636 -0.045888982853418935 0.10537383493925637 -0.070200361786803792 -0.05293046998653627 0.10146240985039885 -0.037627447094679849 -0.034719008645076051 0.029997114492609295 0.031598357920369309 0.0063240082338486617 0.0030766061945048458 -0.048595451394888217 0.04296645501026071 -0.022776201190052206
leaf_weight=0.33073318190872669 0.39940201040008005 0.26484022439399157 0.48316450417041767 0.68853649693482921 0.5493510328233242 0.26789973024278879 0.66816566141642297 0.72643932947539624 0.34393506347259972 5.3768007790204102 48.587890038645128 1.2187067619524885 0.59167400747537691 2.9205347546376288
leaf_count=9 52 30 3 46 4 6 1226 20 30 276 1577 13 4 21
internal_value=0.001497 0.00179733 0.0264587 0.00102685 0.0592087 0.0327312 0.00164173 0.00136065 0.0636935 0.00176634 0.00141695 -0.00656105 -0.000798021 -0.00391882
internal_weight=63.4181 63.0187 1.90919 61.1095 1.42603 0.876675 60.4209 60.0902 0.608775 59.422 58.6956 10.1077 8.88901 8.29734
internal_count=3317 3265 73 3192 70 66 3146 3137 60 1911 1891 314 301 297
is_linear=0
shrinkage=0.05


Tree=154
num_leaves=15
num_cat=0
split_feature=0 3 0 3 3 3 3 3 0 3 0 0 4 0
split_gain=0.594253 1.04876 0.781058 0.742642 1.14862 0.952232 0.511764 0.714609 0.698525 0.653935 0.845469 0.435294 0.415204 0.406922
threshold=10.500000000000002 6.0500000000000007 11.500000000000002 6.3500000000000005 6.7500000000000009 5.9500000000000011 3.7500000000000004 4.2500000000000009 15.500000000000002 5.3500000000000005 15.500000000000002 17.500000000000004 7.035000000000001 13.500000000000002
decision_type=2 2 2 2 2 2 2 2 2 2 2 2 10 2
left_child=3 2 -2 5 -5 12 -4 8 -8 -9 -11 -12 -1 -3
right_child=1 13 6 4 -6 -7 7 9 -10 10 11 -13 -14 -15
leaf_value=0.0027323655987533165 -0.063375613815575466 -0.0060485106323497732 -0.056408407518131948 -0.043289740753228625 0.017942126559081503 0.056830378279533661 0.034992771818242369 -0.034630052407624179 -0.052669919423181367 -0.023967471210894983 0.035390521767210699 -0.0069656110428024057 -0.052809157936780073 0.018886886759886555
leaf_weight=40.8215042832162 0.8756962414772741 3.1344276233576229 0.67810815066331898 2.1250907266512509 1.1974327984498812 0.81568549713119765 1.290094259136821 3.3193139623908774 0.27582992886891577 3.0744758248329163 1.2899396391585471 1.1450168060837311 0.33928191794257045 3.4227867466397583
leaf_count=2311 111 25 312 20 35 13 45 134 49 20 14 25 107 38
internal_value=-0.00155063 -0.00910018 -0.017918 0.00153354 -0.0212219 0.00333467 -0.0143229 -0.0115774 0.0195514 -0.0170986 -0.00653634 0.0154729 0.00227455 0.00696747
internal_weight=63.8047 18.5057 11.9485 45.299 3.32252 41.9765 11.0728 10.3947 1.56592 8.82875 5.50943 2.43496 41.1608 6.55721
internal_count=3259 773 710 2486 55 2431 599 287 94 193 59 39 2418 63
is_linear=0
shrinkage=0.05


Tree=155
num_leaves=15
num_cat=0
split_feature=2 7 3 0 2 0 0 0 0 2 2 3 2 3
split_gain=0.691433 0.575044 0.419577 0.399042 0.445702 1.10289 0.313253 0.364165 0.917512 0.657789 1.5193 2.07497 0.581493 0.329495
threshold=2.8500000000000001 1.0000000180025095e-35 5.6500000000000012 1.5000000000000002 2.9500000000000006 6.5000000000000009 21.500000000000004 19.500000000000004 18.500000000000004 6.7500000000000009 6.4500000000000011 6.0500000000000007 7.4500000000000011 4.8500000000000005
decision_type=2 2 2 2 2 2 2 2 2 2 2 2 2 2
left_child=-1 3 -3 -2 5 -5 7 8 12 10 11 -9 13 -6
right_child=1 2 -4 4 6 -7 -8 9 -10 -11 -12 -13 -14 -15
leaf_value=-0.045649540760186236 0.039466200020514319 -0.056704898524218762 0.0098948036240912654 -0.050810370833952269 0.0037898065811627323 0.10308673501428325 -0.040867162723611246 -0.052876308766243212 -0.061387845700043089 0.063431572644879072 -0.068798811795926604 0.10813351174854707 0.051207374517429696 -0.0038186134263446733
leaf_weight=0.82970797215966641 0.6645949023659331 0.74782030314963666 0.34585961513221264 0.1825356585031831 27.645787553650734 0.32138746649434324 0.46254832229169451 0.33741238620859693 0.60774572748778055 0.63602951914072026 0.48505052551627159 0.49169638752937317 0.55706259119324286 29.322882995242253
leaf_count=986 18 66 6 42 1675 21 56 43 41 5 5 2 54 265
internal_value=-0.000304196 0.000294823 -0.0356438 0.00093171 0.000512221 0.0473407 0.00012247 0.000438025 -0.000274937 0.0216908 0.00148904 0.0426093 0.000370706 -0.000126395
internal_weight=63.6381 62.8084 1.09368 61.7147 61.0501 0.503923 60.5462 60.0837 58.1335 1.95019 1.31416 0.829109 57.5257 56.9687
internal_count=3285 2299 72 2227 2209 63 2146 2090 2035 55 50 45 1994 1940
is_linear=0
shrinkage=0.05


Tree=156
num_leaves=15
num_cat=0
split_feature=3 3 3 0 0 6 0 3 3 0 3 7 3 0
split_gain=0.325719 0.28673 1.5094 0.41057 1.05276 0.697496 0.868725 1.22919 0.84165 0.552831 0.904799 0.662423 0.647645 0.444108
threshold=1.7500000000000002 6.6500000000000012 6.7500000000000009 13.500000000000002 14.500000000000002 1.0000000180025095e-35 16.500000000000004 6.0500000000000007 5.5500000000000007 6.5000000000000009 6.1500000000000012 1.0000000180025095e-35 5.7500000000000009 3.5000000000000004
decision_type=2 2 2 2 2 2 2 2 2 2 2 2 2 2
left_child=-1 3 -3 9 -5 -6 8 -8 -7 10 12 -11 13 -2
right_child=1 2 -4 4 5 6 7 -9 -10 11 -12 -13 -14 -15
leaf_value=-0.050674645773601847 0.0085799567847421997 -0.072358697515785914 0.0072775140146994557 -0.044362540775669201 -0.020673021841203551 0.015082628684570202 -0.031677685952250567 0.032753106036474453 0.08678093842536598 0.01081461576746829 -0.076794774556012607 -0.053190611791185255 0.055178211265353098 -0.0068673051068027088
leaf_weight=0.28461184612387924 7.6416511826246376 0.7767530411947513 2.5430056335171685 1.5012120678584304 2.3465525558131048 1.1776971679064443 1.713986652728636 1.3029708345420656 0.62734733521938313 28.809781888863657 0.38432769803330202 0.40999792968796001 0.53023557923734088 11.896684743027434
leaf_count=841 292 7 64 73 176 40 106 10 4 1029 9 37 8 571
internal_value=0.00269143 0.00293775 -0.0113557 0.00375107 -0.00628877 0.0016845 0.0125644 -0.00385116 0.0400015 0.0055034 -0.000801355 0.00991653 0.000653974 -0.000825717
internal_weight=61.9468 61.6622 3.31976 58.3424 8.66977 7.16855 4.822 3.01696 1.80504 49.6727 20.4529 29.2198 20.0686 19.5383
internal_count=3267 2426 71 2355 409 336 160 116 44 1946 880 1066 871 863
is_linear=0
shrinkage=0.05


Tree=157
num_leaves=15
num_cat=0
split_feature=4 3 0 0 6 2 2 0 2 2 2 2 3 0
split_gain=0.365605 0.366213 0.397224 0.480937 0.854366 0.775534 2.26223 0.648474 1.67753 0.58424 1.62155 0.541832 1.27248 0.505916
threshold=7.035000000000001 7.3500000000000005 21.500000000000004 14.500000000000002 1.0000000180025095e-35 6.8500000000000005 6.6500000000000012 16.500000000000004 6.0500000000000007 5.5500000000000007 4.3500000000000005 6.0500000000000007 5.9500000000000011 13.500000000000002
decision_type=8 2 2 2 2 2 2 2 2 2 2 2 2 2
left_child=-1 2 3 13 5 6 11 9 -9 10 -6 12 -5 -2
right_child=1 -3 -4 4 7 -7 -8 8 -10 -11 -12 -13 -14 -15
leaf_value=0.052573730271591873 -0.0022118619989446617 0.053233597841227547 -0.052682165878459003 -0.051970018441209034 0.094027005450147361 -0.057235131952187351 0.084111969157347741 -0.055845367898905589 0.029877574538385951 0.063756752512810266 -0.05286520824700891 -0.059753003713968911 0.079286887511846538 -0.029255839243123583
leaf_weight=0.31425774842500687 53.982737473394081 0.30429511168040235 0.38051421773707161 0.4672279130463719 0.32473747606127323 0.70609255251474667 0.61530343815684307 0.77448828506749157 2.1690764254890382 1.3302309435093773 0.44578246586024761 0.7503026608901564 0.30530515313148499 1.7865611921442894
leaf_count=9 2826 35 54 130 18 7 5 74 18 15 16 14 2 84
internal_value=-0.00122537 -0.00148813 -0.00174815 -0.0014437 0.0101118 -0.0118017 0.00320204 0.0224677 0.00732281 0.0436886 0.00904287 -0.0294897 -9.72747e-05 -0.00307821
internal_weight=64.6569 64.3427 64.0384 63.6578 7.88855 2.84423 2.13814 5.04432 2.94356 2.10075 0.77052 1.52284 0.772533 55.7693
internal_count=3307 3298 3263 3209 299 158 151 141 92 49 34 146 132 2910
is_linear=0
shrinkage=0.05


Tree=158
num_leaves=15
num_cat=0
split_feature=2 3 2 3 3 2 0 3 0 0 3 2 2 3
split_gain=0.594874 1.27818 1.15507 6.15774 1.54872 1.21044 0.899181 1.34911 0.90096 0.885218 1.0772 0.914732 1.14221 0.754798
threshold=4.9500000000000011 4.8500000000000005 4.8500000000000005 4.7500000000000009 4.6500000000000012 4.7500000000000009 4.5000000000000009 4.4500000000000011 3.5000000000000004 5.5000000000000009 3.7500000000000004 5.6500000000000012 5.2500000000000009 4.4500000000000011
decision_type=2 2 2 2 2 2 2 2 2 2 2 2 2 2
left_child=1 2 4 -4 5 6 7 8 -1 11 -11 12 -2 -8
right_child=9 -3 3 -5 -6 -7 13 -9 -10 10 -12 -13 -14 -15
leaf_value=0.00033406707853386231 0.03631441225218994 -0.056734078921267889 -0.053896871132654581 0.21506766490169033 -0.042758274105090088 0.066075950791140411 -0.001107416908152956 -0.07984441180232156 -0.053938770100248085 -0.05540229426480793 0.0027883646587237979 0.053914458289982529 -0.017008660278750292 0.030243391907439306
leaf_weight=4.1392497074266599 2.0208307021821375 1.1586079673725169 0.53553233147249457 0.35311312228441238 2.4390734267653889 0.65910161714418691 11.161878026818156 0.79228281974792469 0.93795858201337967 0.8159399982978347 31.439546805078862 1.6625070425216106 1.9964346061460672 2.3186986036598674
leaf_count=579 17 17 38 3 47 49 1558 4 255 168 411 42 16 40
internal_value=0.000599458 -0.00547436 -0.00292946 0.0529792 -0.00514269 -0.000557428 -0.00282709 -0.0191616 -0.00969224 0.00452143 0.00131636 0.0227231 0.00981479 0.00428501
internal_weight=62.4308 24.4955 23.3369 0.888645 22.4482 20.0092 19.3501 5.86949 5.07721 37.9353 32.2555 5.67977 4.01727 13.4806
internal_count=3244 2590 2573 41 2532 2485 2436 838 834 654 579 75 33 1598
is_linear=0
shrinkage=0.05


Tree=159
num_leaves=15
num_cat=0
split_feature=2 3 2 0 3 2 0 0 0 0 2 2 2 3
split_gain=0.592524 0.468393 1.85906 1.5884 0.878957 0.648157 1.37753 0.852942 0.642456 1.97613 1.0571 2.2945 1.63606 1.01651
threshold=5.9500000000000011 4.5500000000000007 4.8500000000000005 10.500000000000002 4.6500000000000012 5.2500000000000009 4.5000000000000009 4.5000000000000009 8.5000000000000018 7.5000000000000009 5.3500000000000005 5.2500000000000009 4.5500000000000007 3.2500000000000004
decision_type=2 2 2 2 2 2 2 2 2 2 2 2 2 2
left_child=1 3 4 8 -3 7 -7 -4 9 -1 11 12 13 -10
right_child=-2 2 5 -5 -6 6 -8 -9 10 -11 -12 -13 -14 -15
leaf_value=0.0051267126740651018 0.00602744522105519 -0.015441898964302559 0.041275716617998413 -0.051137374255315109 -0.061634780855261931 -0.053234669255081885 -0.0030811016335453409 -0.00067309488300098131 0.084642854683401297 -0.053847203873618646 -0.0562990339699364 0.18978328730852773 -0.053007574101115687 0.018925391315525786
leaf_weight=13.136331653338861 18.30849612300517 1.9357227339642147 1.6184395588934446 1.3888699033414003 2.2004642612591852 1.5843146461993445 10.079308807587948 4.8225408667349257 0.7140891122398888 1.5927045862918028 0.42951663531130169 0.20372708712238807 0.68581161904148746 3.3436040725791827
leaf_count=1580 272 25 13 490 46 12 108 71 220 205 13 4 55 138
internal_value=-0.00152458 -0.00468601 -0.00977285 0.000577414 -0.0400167 -0.00286334 -0.00989365 0.00986748 0.00414977 -0.00125035 0.0189429 0.0254753 0.0184185 0.0304906
internal_weight=62.0439 43.7354 22.2408 21.4947 4.13619 18.1046 11.6636 6.44098 20.1058 14.729 5.37675 4.94723 4.7435 4.05769
internal_count=3252 2980 275 2705 71 204 120 84 2215 1785 430 417 413 358
is_linear=0
shrinkage=0.05


Tree=160
num_leaves=15
num_cat=0
split_feature=2 0 2 3 3 2 3 2 3 0 2 3 2 2
split_gain=0.675572 0.619045 0.953654 1.74224 0.915756 0.932283 0.843708 1.90593 0.73997 0.603312 0.583595 0.896523 0.557872 1.17276
threshold=7.4500000000000011 13.500000000000002 4.2500000000000009 4.1500000000000012 6.6500000000000012 6.4500000000000011 5.5500000000000007 7.0500000000000007 5.9500000000000011 9.5000000000000018 5.7500000000000009 5.0500000000000007 4.2500000000000009 3.9500000000000006
decision_type=2 2 2 2 2 2 2 2 2 2 2 2 2 2
left_child=1 4 3 -3 5 8 7 -4 10 -7 12 -12 13 -1
right_child=-2 2 6 -5 -6 9 -8 -9 -10 -11 11 -13 -14 -15
leaf_value=0.0039687442676964151 0.049782111271308424 -0.050806064468135362 -0.059803432144687634 0.15557313850848031 -0.026513612664934013 0.052998624218922687 -0.0037019809309866169 0.037391196527542601 0.02817566159320839 0.011263256167223429 -0.04851068602937917 -0.00076970512225919884 0.0060707364753940602 -0.036221196341547877
leaf_weight=5.8938074126199336 0.71319966419832681 0.18604073859023529 2.1803924637279111 0.22708592703565955 2.518919648602604 1.5139777986332768 5.4567484185099602 0.65617929748259474 2.6431228518486014 2.0228994811186567 1.4483657892560575 3.0630304738879204 30.385122908439371 2.6229616477066884
leaf_count=1765 66 104 259 4 29 32 51 8 21 17 31 23 606 216
internal_value=0.0014018 0.00083446 -0.0115069 0.0626357 0.00289634 0.00439012 -0.0152002 -0.0373196 0.00249036 0.0291283 0.00092657 -0.0160968 0.00290074 -0.0084088
internal_weight=61.5319 60.8187 8.70645 0.413127 52.1122 49.5933 8.29332 2.83657 46.0564 3.53688 43.4133 4.5114 38.9019 8.51677
internal_count=3232 3166 426 108 2740 2711 318 267 2662 49 2641 54 2587 1981
is_linear=0
shrinkage=0.05


Tree=161
num_leaves=15
num_cat=0
split_feature=0 6 0 0 3 3 2 2 3 0 2 3 0 3
split_gain=0.442332 0.715356 0.675884 0.993198 1.55834 0.802755 0.918372 1.29721 0.424692 0.407202 0.877589 0.910862 1.63546 1.68576
threshold=18.500000000000004 1.0000000180025095e-35 14.500000000000002 15.500000000000002 5.5500000000000007 5.5500000000000007 4.2500000000000009 6.3500000000000005 2.0500000000000003 7.5000000000000009 6.4500000000000011 5.4500000000000011 6.5000000000000009 4.7500000000000009
decision_type=2 2 2 2 2 2 2 2 2 2 2 2 2 2
left_child=2 -2 8 5 -5 6 -4 -8 -1 10 11 12 -10 -14
right_child=1 -3 3 4 -6 -7 7 -9 9 -11 -12 -13 13 -15
leaf_value=-0.050505087537435878 -0.055079808850983174 -0.00066845146400890294 0.10526299247214198 -0.054310639884324878 0.023667033366113241 0.10542989323980634 -0.052191555874889307 0.071606378837367188 0.0012172362911706312 -0.0027215064833434159 0.053726988854980423 -0.025314404162927708 0.013440047367137824 0.084902492955740871
leaf_weight=0.39734983345988339 0.87784298212864009 1.9368726257744129 0.29492632862820645 0.84344338778464623 2.6655807052738965 0.49266818212345231 0.47495092012104578 0.38163250620709732 18.123686513572476 28.404679905404919 0.92832083889515971 2.3607095833867779 2.4199870477023064 1.2522740829735992
leaf_count=1033 83 83 16 110 27 11 30 3 722 960 44 23 123 8
internal_value=0.00172677 -0.0176381 0.00264997 0.0199496 0.004924 0.0520173 0.0291649 0.00296398 0.00099562 0.00137819 0.00602044 0.00418712 0.00738242 0.0378094
internal_weight=61.8549 2.81472 59.0402 5.1532 3.50902 1.64418 1.15151 0.856583 53.887 53.4897 25.085 24.1567 21.7959 3.67226
internal_count=3276 166 3110 197 137 60 49 33 2913 1880 920 876 853 131
is_linear=0
shrinkage=0.05


Tree=162
num_leaves=15
num_cat=0
split_feature=3 0 0 3 0 3 6 3 3 3 3 3 3 3
split_gain=0.461553 1.0646 1.07952 0.960659 0.697336 0.910131 0.902008 1.1124 0.594699 0.659262 0.892419 0.613392 0.592303 0.766577
threshold=4.4500000000000011 3.5000000000000004 8.5000000000000018 4.0500000000000007 5.5000000000000009 3.2500000000000004 1.0000000180025095e-35 3.8500000000000001 4.3500000000000005 3.9500000000000006 3.6500000000000008 3.2500000000000004 5.5500000000000007 6.0500000000000007
decision_type=2 2 2 2 2 2 2 2 2 2 2 2 2 2
left_child=1 8 3 4 5 -3 -7 -8 9 10 11 -1 -2 -14
right_child=12 2 -4 -5 -6 6 7 -9 -10 -11 -12 -13 13 -15
leaf_value=0.021732983229960725 0.0070503851400419842 -0.034982221701256165 0.00029819372822789805 -0.045648441155456104 -0.027788369939620056 0.066296326987055884 -0.049078096396368939 0.056887439013286981 0.060169500207572481 -0.024718415502020575 0.054913620455865834 -0.030732884250338183 -0.016262156897550586 0.0039641199866417417
leaf_weight=1.3458577763958635 21.16446611189167 0.90090977553336626 7.7869764871502403 3.4979598589707166 3.4401674883119995 0.79777285386808183 0.5915823940304108 0.42602477967739105 0.5747055448591708 1.2542187478393314 1.092459342209622 0.95054795558098693 8.5055022593587655 10.427684584225061
leaf_count=537 303 452 957 56 632 34 36 3 6 11 13 34 73 135
internal_value=-0.00192066 -0.00762477 -0.0135526 -0.0247242 -0.0128355 0.00610219 0.0264909 -0.00471526 0.01219 0.00625124 0.0177131 1.58614e-05 0.00130273 -0.00512229
internal_weight=62.7568 22.6592 17.4414 9.65442 6.15646 2.71629 1.81538 1.01761 5.21779 4.64308 3.38887 2.29641 40.0977 18.9332
internal_count=3282 2771 2170 1213 1157 525 73 39 601 595 584 571 511 208
is_linear=0
shrinkage=0.05


Tree=163
num_leaves=15
num_cat=0
split_feature=0 0 3 0 3 3 0 3 3 0 3 3 3 3
split_gain=0.513952 0.911788 0.65096 0.806986 0.612546 0.586409 1.1209 1.08424 0.918495 0.720051 1.54957 0.99407 0.656772 0.571844
threshold=7.5000000000000009 14.500000000000002 3.9500000000000006 15.500000000000002 3.1500000000000008 6.5500000000000007 13.500000000000002 5.7500000000000009 6.2500000000000009 12.500000000000002 5.7500000000000009 5.7500000000000009 5.1500000000000012 6.4500000000000011
decision_type=2 2 2 2 2 2 2 2 2 2 2 2 2 2
left_child=13 4 -3 -4 -2 6 8 -8 9 10 -6 12 -11 -1
right_child=1 2 3 -5 5 -7 7 -9 -10 11 -12 -13 -14 -15
leaf_value=0.0033246521367464332 -0.050892513686912721 -0.051943726951754213 0.044723918541104982 0.0048938826947073121 -0.0027282868672954814 -0.026801278361802273 -0.020136959017788319 -0.11561275701793501 0.03571387527634174 -0.051458747532569141 -0.047879654799078873 0.077438225680860617 0.022423529094193345 0.052784006358358643
leaf_weight=25.334619031302285 0.84079866897082212 0.39180832336569338 1.6630556124728171 5.4040474332286976 16.975754920393246 3.4665013159392393 1.0480660605535366 0.41514013707637776 1.5016706828027953 0.42310425927280393 2.1397693101316682 0.60104520246386517 1.0405698418617246 0.5982131328782988
leaf_count=1704 550 180 30 149 454 42 49 2 11 46 14 4 6 26
internal_value=-0.00089823 -0.00477162 0.0107889 0.0142668 -0.00885086 -0.00757065 -0.00480972 -0.0472253 -0.0020735 -0.00475261 -0.00778248 0.0232984 0.00106638 0.00446557
internal_weight=61.8442 35.9113 7.45891 7.0671 28.4524 27.6116 24.1451 1.46321 22.6819 21.1802 19.1155 2.06472 1.46367 25.9328
internal_count=3267 1537 359 179 1178 628 586 51 535 524 468 56 52 1730
is_linear=0
shrinkage=0.05


Tree=164
num_leaves=15
num_cat=0
split_feature=2 0 3 0 2 0 2 0 2 3 2 3 3 0
split_gain=0.324138 0.372651 0.325289 0.812472 0.802041 0.651962 0.839692 1.06074 0.505494 2.44573 1.61538 1.24016 2.13955 0.833859
threshold=7.7500000000000009 21.500000000000004 4.8500000000000005 15.500000000000002 6.3500000000000005 10.500000000000002 4.2500000000000009 14.500000000000002 4.8500000000000005 4.5500000000000007 5.2500000000000009 4.2500000000000009 3.9500000000000006 7.5000000000000009
decision_type=2 2 2 2 2 2 2 2 2 2 2 2 2 2
left_child=1 2 3 4 5 8 7 -7 13 10 -10 12 -12 -1
right_child=-2 -3 -4 -5 -6 6 -8 -9 9 -11 11 -13 -14 -15
leaf_value=-0.0050909964978041516 0.050697091820526632 -0.052249243572556649 -0.0030696987174282935 -0.055314011869666238 0.037464803674689351 -0.0509862051690953 -0.051294969518719084 0.079191944463575567 -0.054165062720342119 0.086525639460731399 -0.0031779636114749156 -0.016200921957073195 0.13009360635484962 0.016108970016699458
leaf_weight=13.778558099140371 0.31874342192895611 0.33750541815243096 31.77709110401338 0.56184857694097345 1.8259970729413897 0.28539800423459283 1.1556313481705727 0.34644227041280828 0.98477015987737049 1.0679660625755785 0.66596293685142904 1.0990158468484876 0.54975821077823639 6.9921254498185581
leaf_count=1581 46 52 318 171 32 164 179 17 58 9 39 12 4 584
internal_value=0.000406039 0.000145084 0.000434546 0.0042333 0.00539694 0.00322222 -0.0259551 0.0203913 0.0052969 0.0207591 -0.000527832 0.0222913 0.0570884 0.00204564
internal_weight=61.7468 61.4281 61.0906 29.3135 28.7516 26.9256 1.78747 0.63184 25.1382 4.36747 3.29951 2.31474 1.21572 20.7707
internal_count=3266 3220 3168 2850 2679 2647 360 181 2287 122 113 55 43 2165
is_linear=0
shrinkage=0.05


Tree=165
num_leaves=15
num_cat=0
split_feature=3 0 3 0 3 0 0 3 0 3 0 0 0 0
split_gain=0.612701 0.645262 0.447668 0.466885 0.401655 1.0288 0.741425 0.362138 0.76098 0.791838 1.29232 0.538626 1.36441 0.338123
threshold=4.6500000000000012 15.500000000000002 4.0500000000000007 4.5000000000000009 5.0500000000000007 8.5000000000000018 6.5000000000000009 4.3500000000000005 6.5000000000000009 4.4500000000000011 8.5000000000000018 6.5000000000000009 8.5000000000000018 14.500000000000002
decision_type=2 2 2 2 2 2 2 2 2 2 2 2 2 2
left_child=1 2 -1 -4 5 6 -2 11 -9 -10 -11 -5 -13 -6
right_child=4 -3 3 7 13 -7 -8 8 9 10 -12 12 -14 -15
leaf_value=0.00033598382375818681 -0.015830113719605875 -0.052168556847042497 -0.0063228496867392073 0.053575490912787349 -0.0044041121158580878 -0.042378771217434628 0.025824951118453388 -0.02934170123598602 -0.013588957781957131 0.074241776078068686 0.0072403243537662344 -0.049346475497027198 0.031569015698216837 0.0090364106780349267
leaf_weight=12.979455424254416 3.1338650330435476 0.47078020758271932 2.4204293293878427 1.4380034720525126 22.091342668281872 2.2976296035922132 1.6206976920366285 1.0409042430110274 1.3619015722069887 1.1469117626547816 1.9320139854680745 0.63177704880945418 2.970765013305936 5.9368349976139134
leaf_count=2417 30 198 19 20 214 78 16 13 23 10 32 21 61 96
internal_value=8.88924e-05 0.00584381 0.00689739 0.0134774 -0.00424086 -0.0149068 -0.00163107 0.0180321 0.00913734 0.0181566 0.0321986 0.0277053 0.0173789 -0.00155719
internal_weight=61.4733 26.3929 25.9222 12.9427 35.0804 7.05219 4.75456 10.5223 5.48173 4.44083 3.07893 5.04055 3.60254 28.0282
internal_count=3248 2814 2616 199 434 124 46 180 78 65 42 102 82 310
is_linear=0
shrinkage=0.05


Tree=166
num_leaves=15
num_cat=0
split_feature=4 0 2 0 2 6 0 2 0 2 2 0 6 2
split_gain=0.397686 0.326558 0.590143 0.770183 1.01915 0.799557 1.6092 1.84534 1.46607 1.82423 0.724168 0.51403 0.467701 0.951519
threshold=7.035000000000001 14.500000000000002 5.5500000000000007 5.5000000000000009 5.8500000000000005 1.0000000180025095e-35 9.5000000000000018 6.0500000000000007 8.5000000000000018 6.0500000000000007 6.5500000000000007 21.500000000000004 1.0000000180025095e-35 6.6500000000000012
decision_type=10 2 2 2 2 2 2 2 2 2 2 2 2 2
left_child=1 2 -1 4 -4 6 -5 -8 -7 -10 -11 12 13 -3
right_child=-2 11 3 5 -6 8 7 -9 9 10 -12 -13 -14 -15
leaf_value=0.0048778927844228921 -0.052711625402643396 -0.028765352785643718 -0.013272049688131567 -0.03038747950133442 0.052985527961760925 0.01312540522354907 0.057654992919731633 -0.0044632155420132515 -0.060796797227350152 0.013280209358947668 -0.026971484533090409 -0.040826636455647748 0.024065738214636614 0.03471119147087575
leaf_weight=34.54460960378492 0.33056421686342119 1.4420151367157807 1.116824798285964 2.4510436714335819 1.2082634608959777 2.6890952020767145 1.9172979571158064 3.1761521038133651 2.9206070521613583 1.9092492110794408 2.694224999868311 0.43604979701922264 4.8381942018022528 0.99964695726521302
leaf_count=2533 103 139 10 43 38 43 30 30 25 17 33 57 149 13
internal_value=0.00198542 0.00227545 0.000915432 -0.00590045 0.0211596 -0.00944354 0.00290078 0.0189196 -0.0185623 -0.0298874 -0.0102775 0.0119041 0.0150626 -0.00277726
internal_weight=62.6738 62.3433 54.6274 20.0828 2.32509 17.7577 7.54449 5.09345 10.2132 7.52408 4.60347 7.71591 7.27986 2.44166
internal_count=3263 3160 2802 269 48 221 103 60 118 75 50 358 301 152
is_linear=0
shrinkage=0.05


Tree=167
num_leaves=15
num_cat=0
split_feature=2 3 3 2 3 2 2 3 3 3 2 3 3 2
split_gain=0.571105 0.435526 0.686057 0.590659 0.657289 1.06427 0.302054 0.241753 0.212279 0.393297 0.235242 0.213083 0.76035 0.430437
threshold=7.4500000000000011 2.9500000000000006 2.5500000000000003 7.3500000000000005 6.6500000000000012 7.0500000000000007 6.9500000000000011 1.7500000000000002 5.9500000000000011 5.8500000000000005 6.1500000000000012 4.8500000000000005 5.0500000000000007 5.9500000000000011
decision_type=2 2 2 2 2 2 2 2 2 2 2 2 2 2
left_child=1 2 7 4 5 8 -6 -1 9 11 -10 -3 -13 -14
right_child=-2 3 -4 -5 6 -7 -8 -9 10 -11 -12 12 13 -15
leaf_value=-0.050064592599617014 0.049751619165930183 0.004652580548723393 -0.051279473876399466 -0.03970905904298918 -0.034813357176928898 0.053776889093786896 -0.0049584609619429867 0.0092063948821687561 0.023866396513211739 -0.032710151321106946 0.0047136229075527229 -0.023956768172334695 -0.001050196516264298 0.022827511070496981
leaf_weight=0.19743387126436518 0.59784883545944367 26.735857496089011 1.0227244146772134 0.85632244986481865 1.6234337631613009 1.0301726651377965 1.7719225864857433 1.3375368045781213 2.2084361854940635 0.8411189503967752 5.8500795774161816 3.3316455132444416 13.000838988460599 2.207941345870494
leaf_count=817 60 1093 347 13 13 18 22 625 16 7 44 51 124 22
internal_value=0.0011166 0.000647745 -0.0195548 0.0015168 0.00211922 0.00343246 -0.0192331 0.00158273 0.00247514 0.00116682 0.00996244 0.00179616 -0.00232287 0.00241626
internal_weight=62.6133 62.0155 2.5577 59.4578 58.6014 55.2061 3.39536 1.53497 54.1759 46.1174 8.05852 45.2763 18.5404 15.2088
internal_count=3272 3212 1789 1423 1410 1375 35 1442 1357 1297 60 1290 197 146
is_linear=0
shrinkage=0.05


Tree=168
num_leaves=15
num_cat=0
split_feature=3 0 2 2 3 6 0 2 3 2 5 0 0 3
split_gain=1.7636 1.32643 0.59299 0.764125 0.729282 0.417034 1.44936 1.13177 0.501352 0.749579 0.438091 0.359987 0.897179 1.01203
threshold=3.6500000000000008 6.5000000000000009 4.7500000000000009 3.9500000000000006 3.2500000000000004 1.0000000180025095e-35 4.5000000000000009 3.8500000000000001 3.3500000000000001 2.5500000000000003 3.1000000000000019 18.500000000000004 14.500000000000002 6.4500000000000011
decision_type=2 2 2 2 2 2 2 2 2 2 10 2 2 2
left_child=1 2 3 5 -4 6 -1 10 9 -8 -7 12 -2 -14
right_child=11 -3 4 -5 -6 7 8 -9 -10 -11 -12 -13 13 -15
leaf_value=-0.04237023963827205 -0.00087460181303826911 -0.052615432466346125 -0.026999910981739907 -0.056701338438608542 0.062514240616269298 -0.050917299644045247 0.065462242087584679 0.069810442275968249 0.10279126076070751 -0.050232790463942745 0.050535454512437142 -0.018371707143331573 0.010980489164338615 0.070806221932826152
leaf_weight=0.71424150204256698 47.547572560491972 2.7939612446498359 0.38443570159142826 0.97640837682411064 0.5575153362005949 1.2662373132916398 0.4089443726988975 0.26837952592177328 0.32108357665129006 0.2128776926692808 0.11617101641604666 2.4647457496757843 3.8179233373084562 0.86752576916478563
leaf_count=386 709 1042 33 92 6 594 64 11 18 102 6 103 104 14
internal_value=-0.00290924 -0.0248052 -0.00993796 -0.0178351 0.0259811 -0.00636287 0.0113562 -0.0241502 0.0520535 0.0258546 -0.0423917 0.000301331 0.00118246 0.0220574
internal_weight=62.718 8.02026 5.22629 4.28434 0.941951 3.30793 1.65715 1.65079 0.942906 0.621822 1.38241 54.6978 52.233 4.68545
internal_count=3284 2354 1312 1273 39 1181 570 611 184 166 600 930 827 118
is_linear=0
shrinkage=0.05


Tree=169
num_leaves=15
num_cat=0
split_feature=2 2 0 0 3 2 3 2 2 0 0 2 4 3
split_gain=0.335861 0.621754 0.741031 1.25419 0.394426 0.470406 1.20261 1.07308 0.385326 0.419942 0.316606 0.37694 0.291026 0.392141
threshold=5.9500000000000011 5.5500000000000007 12.500000000000002 6.5000000000000009 5.3500000000000005 5.0500000000000007 5.1500000000000012 5.4500000000000011 4.9500000000000011 6.5000000000000009 18.500000000000004 6.4500000000000011 7.035000000000001 2.4500000000000006
decision_type=2 2 2 2 2 2 2 2 2 2 2 2 8 2
left_child=1 4 3 -3 5 8 7 -7 12 -10 -2 -12 -1 -14
right_child=10 2 -4 -5 -6 6 -8 -9 9 -11 11 -13 13 -15
leaf_value=0.052677429227183908 0.0047499884252275755 0.0068896359413938082 0.003451744910640769 -0.044851980469122102 0.015673559103814984 -0.059162870735215235 0.00086913684210016158 0.013197942765225654 -0.021933687086002122 0.037982318330589813 0.0064737340446375385 -0.031976387782500552 -0.050042189497611911 -0.002621042770367293
leaf_weight=0.23300508409738541 16.19353847143066 1.6972408589208479 2.6360203347940114 3.7785719446546864 2.6182726603001347 2.103319237598043 4.1931622826959938 0.67734189621842222 0.39186085673281823 1.1527034410828489 1.1876841345510905 1.3757368094520641 0.44381746556247037 24.595935681158153
leaf_count=5 231 19 60 40 26 113 40 31 6 47 26 23 1299 1313
internal_value=-0.00344667 -0.00581107 -0.0183293 -0.0288145 -0.00302207 -0.00447068 -0.0160392 -0.0415365 -0.0014623 0.0227814 0.00216542 -0.0141617 -0.00294398 -0.00346156
internal_weight=63.2782 44.5213 8.11183 5.47581 36.4094 33.7911 6.97382 2.78066 26.8173 1.54456 18.757 2.56342 25.2728 25.0398
internal_count=3279 2999 119 59 2880 2854 184 144 2670 53 280 49 2617 2612
is_linear=0
shrinkage=0.05


Tree=170
num_leaves=15
num_cat=0
split_feature=2 2 0 0 2 2 0 0 2 2 6 3 6 3
split_gain=0.67536 0.514173 1.15878 0.716945 0.48436 1.50502 1.50227 1.0269 2.01526 2.62312 1.78665 4.14137 1.75932 1.1146
threshold=7.4500000000000011 2.9500000000000006 5.5000000000000009 7.5000000000000009 4.8500000000000005 4.5500000000000007 8.5000000000000018 9.5000000000000018 4.3500000000000005 4.2500000000000009 1.0000000180025095e-35 4.4500000000000011 1.0000000180025095e-35 3.2500000000000004
decision_type=2 2 2 2 2 2 2 2 2 2 2 2 2 2
left_child=1 2 -1 -4 5 6 -3 8 9 12 11 -9 -8 -12
right_child=-2 4 3 -5 -6 -7 7 10 -10 -11 13 -13 -14 -15
leaf_value=-0.033669987258393118 0.051190081296865857 -0.011090525929726114 0.082057414377567917 -0.050279486564435018 0.0012119397106966638 -0.030959689075811366 -0.050940622577822406 0.020027961148878833 0.13581203078643592 -0.060619731442455672 0.054629308889601741 0.32591597506196202 0.12787120707056529 -0.031946553036497016
leaf_weight=0.47282361511315574 0.61416010546963562 10.703967848989125 0.74100395088316873 0.11874483148130821 37.484399232107535 5.4263243166060411 0.18462614495365304 0.68946095528372131 0.51460020756348956 0.57689208706142381 0.45573080729082027 0.13180547469528392 0.53960206577903591 2.0176907895802287
leaf_count=699 65 792 157 194 653 186 43 191 16 15 84 6 45 110
internal_value=-0.000975927 -0.00150939 0.0292025 0.0637796 -0.00220629 -0.00823859 -0.000442394 0.0218606 0.0520523 0.0189249 0.00522174 0.0691201 0.082287 -0.0159948
internal_weight=60.6718 60.0577 1.33257 0.859749 58.7251 21.2407 15.8144 5.11041 1.81572 1.30112 3.29469 0.821266 0.724228 2.47342
internal_count=3256 3191 1050 351 2141 1488 1302 510 119 103 391 197 88 194
is_linear=0
shrinkage=0.05


Tree=171
num_leaves=15
num_cat=0
split_feature=0 2 0 2 2 2 2 2 2 0 6 2 2 2
split_gain=0.358923 0.873939 0.744734 1.97682 0.732379 1.96927 1.13722 1.12449 0.599737 0.428963 1.14078 1.66704 1.34534 1.05784
threshold=7.5000000000000009 6.4500000000000011 6.5000000000000009 5.9500000000000011 2.9500000000000006 2.8500000000000001 4.4500000000000011 5.1500000000000012 5.8500000000000005 9.5000000000000018 1.0000000180025095e-35 6.0500000000000007 5.0500000000000007 3.1500000000000008
decision_type=2 2 2 2 2 2 2 2 2 2 2 2 2 2
left_child=1 2 3 8 5 -4 -6 -8 -1 10 -2 12 13 -12
right_child=9 -3 4 -5 6 -7 7 -9 -10 -11 11 -13 -14 -15
leaf_value=0.0011790205912392509 -0.036315348076205317 0.053652348335205248 -0.051787860117024159 -0.088751799975006845 -0.052113841915431697 0.19138697954639072 0.055164334166380585 0.00025161754712736613 0.052958219799807617 0.0017106806216351023 0.09815761907022863 0.056745155921964496 -0.035663402641286264 0.0021645114029186147
leaf_weight=18.480237168681938 3.0093280457003839 0.92568853689590369 0.1404840193426925 0.60918817156925698 0.52806739228253707 0.20436799147864804 1.7718289172335064 1.9675575210712848 0.57668040040880342 25.268090524205036 0.31459221212571753 1.1079892072593791 2.8001996859966312 3.2720318317224155
leaf_count=1445 207 44 61 11 100 8 30 22 8 1082 45 21 25 143
internal_value=0.00140044 0.00597056 0.00415255 -8.83754e-05 0.0222351 0.0923237 0.0165713 0.0262708 0.00274591 -0.00181953 -0.0103116 0.000129469 -0.00969225 0.0105843
internal_weight=60.9763 25.2041 24.2784 19.6661 4.61231 0.344852 4.26745 3.73939 19.0569 35.7722 10.5041 7.49481 6.38682 3.58662
internal_count=3252 1729 1685 1464 221 69 152 52 1453 1523 441 234 213 188
is_linear=0
shrinkage=0.05


Tree=172
num_leaves=15
num_cat=0
split_feature=2 0 0 0 6 2 2 0 6 2 0 2 0 0
split_gain=0.42537 1.27105 1.17954 0.540354 0.851272 1.55152 1.12817 0.716086 0.521178 0.900368 0.808627 0.871984 0.559132 0.476544
threshold=6.0500000000000007 7.5000000000000009 16.500000000000004 14.500000000000002 1.0000000180025095e-35 5.5500000000000007 4.3500000000000005 13.500000000000002 1.0000000180025095e-35 6.4500000000000011 10.500000000000002 6.8500000000000005 10.500000000000002 12.500000000000002
decision_type=2 2 2 2 2 2 2 2 2 2 2 2 2 2
left_child=2 -2 3 7 -5 6 -6 13 10 -10 -3 -12 -11 -1
right_child=1 8 -4 4 5 -7 -8 -9 9 12 11 -13 -14 -15
leaf_value=-0.00094836423244376372 0.051515299000301711 -0.028623263800996793 -0.054931003087406061 -0.052755811286991708 0.065258402378138444 0.11354100881347373 -0.05279411883125993 -0.055948374511584555 0.036077069123066095 0.027875896601987707 0.032727719620295984 -0.016986680529606821 -0.0082165446839631319 0.025720742393885988
leaf_weight=40.466367837361759 1.5670715261367139 2.5319080257322613 0.98226567951496591 0.26485132049856352 0.38049769803910749 0.51272919937036932 0.43231968116015196 0.57651347934006381 2.6809143031132407 1.4366643307730553 1.8028912954323462 1.7268710609059779 4.2397719982545823 1.747371492016099
leaf_count=2585 58 29 189 48 18 5 18 79 25 28 29 23 54 81
internal_value=0.00173538 0.00874879 -0.000736172 0.000463308 0.0290808 0.0454322 0.00246886 -0.000600327 0.00410089 0.0121966 -0.00706089 0.00840587 0.000918187 0.000155562
internal_weight=61.349 15.9861 45.3629 44.3807 1.5904 1.32555 0.812817 42.7903 14.419 8.35735 6.06167 3.52976 5.67644 42.2137
internal_count=3269 246 3023 2834 89 41 36 2745 188 107 81 52 82 2666
is_linear=0
shrinkage=0.05


Tree=173
num_leaves=15
num_cat=0
split_feature=0 0 3 3 3 3 6 3 0 0 4 3 3 3
split_gain=0.35935 0.752767 0.848767 0.746944 0.766301 0.586274 0.535908 0.717619 0.540545 0.355442 0.350526 0.251133 0.625082 0.418392
threshold=15.500000000000002 12.500000000000002 6.1500000000000012 5.9500000000000011 3.9500000000000006 4.8500000000000005 1.0000000180025095e-35 5.2500000000000009 14.500000000000002 19.500000000000004 7.035000000000001 6.6500000000000012 6.7500000000000009 6.4500000000000011
decision_type=2 2 2 2 2 2 2 2 2 2 10 2 2 2
left_child=1 10 3 4 -3 -2 7 -6 -8 -7 11 13 -13 -1
right_child=5 2 -4 -5 6 9 8 -9 -10 -11 -12 12 -14 -15
leaf_value=0.0016143461280644035 -0.054806076740193277 -0.051032114670376806 0.062900106382687115 -0.053799847226624065 0.029011907988893262 -0.01542172311154812 0.01736725727792961 -0.069364496582621157 0.060797424623833307 0.011005776156649426 -0.052490124338119108 -0.052959191902882286 0.00068369665919582653 0.032315712289941206
leaf_weight=46.020612494794477 0.64727421438510546 0.36878658064961101 0.97564562316983927 0.39933329774066795 0.43202658306108821 3.0398480379080866 1.8916713795624673 0.32469756063073874 1.1532334890216589 2.1881727742729709 0.30267611300223407 0.72650802764110212 2.1507759647793137 1.1371260313317169
leaf_count=2569 217 139 19 3 33 51 27 7 13 37 107 7 47 10
internal_value=0.00184459 0.00308126 0.0205652 0.0115267 0.017782 -0.00991809 0.0244575 -0.0131997 0.0338161 -0.00436057 0.00115516 0.00147967 -0.012861 0.00235466
internal_weight=61.7584 55.8831 5.54539 4.56975 4.17042 5.8753 3.80163 0.756724 3.0449 5.22802 50.3377 50.035 2.87728 47.1577
internal_count=3286 2981 241 222 219 305 80 40 40 88 2740 2633 54 2579
is_linear=0
shrinkage=0.05


Tree=174
num_leaves=15
num_cat=0
split_feature=0 2 0 3 3 6 4 3 2 0 0 0 2 2
split_gain=0.262596 0.279849 0.796367 0.675824 0.567127 0.610839 0.324101 0.257912 0.298787 0.962351 0.638702 1.10094 0.599212 1.14856
threshold=21.500000000000004 6.6500000000000012 10.500000000000002 7.1500000000000012 5.6500000000000012 1.0000000180025095e-35 7.035000000000001 2.4500000000000006 3.1500000000000008 5.5000000000000009 9.5000000000000018 8.5000000000000018 3.8500000000000001 3.9500000000000006
decision_type=2 2 2 2 2 2 10 2 2 2 2 2 2 2
left_child=1 6 3 -3 -4 -6 7 -1 9 -9 11 -11 -10 -14
right_child=-2 2 4 -5 5 -7 -8 8 12 10 -12 -13 13 -15
leaf_value=-0.035350316986181671 -0.04019688024849212 0.051284667556732361 0.016336964497168361 -0.0081910516130961741 0.0017521060448314639 -0.044177499106874615 -0.052289927637779988 -0.050530426112077413 -0.026219683104693376 0.026910979914443352 -0.051359624337102228 0.14446840664573529 0.048578879583214676 -0.0016306048939441907
leaf_weight=0.5475484751877947 0.41360804655778238 1.5969191112089896 2.4318710227962583 0.68145321903284628 1.8695937520824373 1.1813036971725523 0.31238520163606054 0.41310733399586697 2.3597763634243156 1.2306337938061913 0.19056775459466724 0.23761653254041437 1.167263194474798 47.033336944987241
leaf_count=1302 57 56 28 24 17 25 103 139 398 88 68 11 53 923
internal_value=-0.0004907 -0.000222588 0.00864998 0.0334957 -0.00167469 -0.0160318 -0.0015099 -0.00121161 -0.000856458 0.0177534 0.0347586 0.0459361 -0.00161907 -0.000414693
internal_weight=61.667 61.2534 7.76114 2.27837 5.48277 3.0509 53.4922 53.1799 52.6323 2.07193 1.65882 1.46825 50.5604 48.2006
internal_count=3292 3235 150 80 70 42 3085 2982 1680 306 167 99 1374 976
is_linear=0
shrinkage=0.05


Tree=175
num_leaves=15
num_cat=0
split_feature=2 3 3 2 0 0 0 0 0 2 0 0 0 2
split_gain=1.29052 1.13963 0.984239 0.759187 2.83259 0.747473 0.69098 0.857472 1.03247 0.565028 1.0294 0.828753 0.656362 0.95308
threshold=4.9500000000000011 4.3500000000000005 2.8500000000000001 5.1500000000000012 8.5000000000000018 10.500000000000002 2.5000000000000004 6.5000000000000009 8.5000000000000018 6.5500000000000007 16.500000000000004 19.500000000000004 10.500000000000002 6.7500000000000009
decision_type=2 2 2 2 2 2 2 2 2 2 2 2 2 2
left_child=1 2 -1 4 -2 -4 -3 -8 -9 10 -5 -12 -11 -14
right_child=3 6 5 9 -6 -7 7 8 -10 12 11 -13 13 -15
leaf_value=-0.04442676638161995 0.064278770617159364 0.0025285449089815968 0.0053766450348779532 0.0025461719304556291 -0.052612412256396228 -0.051022462552604946 -0.056048399401101436 0.0064080008557545268 -0.038220974525827109 0.031327643955318001 -0.059017028530207988 -0.00258054567631796 0.033576289883885134 -0.0087115788284648759
leaf_weight=1.2023759778676346 1.8370368086470983 2.0454375520348531 12.818718469236043 21.199994214461189 0.72195647624175752 0.61569448079535583 2.2559477277100086 2.2546038422733545 3.0478198834025534 3.3015339057310467 1.2999989054187602 1.3019889222268828 1.8962653061025774 4.4809416000498459
leaf_count=1624 29 13 628 266 73 197 28 23 93 88 55 53 18 72
internal_value=-0.000948326 -0.00986872 -0.001087 0.0050516 0.0313008 0.00279189 -0.0232526 -0.0302294 -0.0192446 0.00304532 -0.00109668 -0.0307772 0.0132313 0.00386274
internal_weight=60.2803 24.2406 14.6368 36.0397 2.55899 13.4344 9.60381 7.55837 5.30242 33.4807 23.802 2.60199 9.67874 6.37721
internal_count=3260 2606 2449 654 102 825 157 144 116 552 374 108 178 90
is_linear=0
shrinkage=0.05


Tree=176
num_leaves=15
num_cat=0
split_feature=0 3 3 3 2 2 0 2 0 2 3 3 3 2
split_gain=0.280665 0.640926 0.362326 0.864702 0.756124 0.708463 1.23372 0.57505 0.40472 0.677777 1.75032 0.985645 0.659162 0.98644
threshold=1.5000000000000002 3.6500000000000008 3.4500000000000006 4.1500000000000012 4.2500000000000009 6.3500000000000005 5.5000000000000009 3.8500000000000001 9.5000000000000018 5.9500000000000011 6.3500000000000005 5.5500000000000007 4.4500000000000011 4.6500000000000012
decision_type=2 2 2 2 2 2 2 2 2 2 2 2 2 2
left_child=1 -1 -2 5 -5 6 7 -4 9 11 -11 -6 -10 -14
right_child=2 -3 3 4 8 -7 -8 -9 12 10 -12 -13 13 -15
leaf_value=-0.035837242588488971 0.0085445447836374339 0.062565839216809735 -0.051373319071688101 0.031824678088817025 -0.0068940409228421748 0.017687055165135555 -0.054814689085218471 0.0090215453653888205 -0.026988476402343205 0.054507229361586709 -0.018212441716187574 -0.041413834817629232 0.0554511642439856 0.0021090745070897711
leaf_weight=0.25263983598415407 6.5869763311748093 0.47960995510220528 0.50245886336779166 1.6251309816725541 18.268432637676604 0.92853673512581725 2.4499906662167632 1.8282069945707915 1.815503749516213 1.4636191288009279 1.9038170378189532 2.3318215794861308 0.90594888181658717 20.00707509071799
leaf_count=95 2094 8 45 25 149 18 330 26 48 42 41 17 28 285
internal_value=-0.00215503 0.0286149 -0.00252673 -0.00387645 -0.00170224 -0.0222785 -0.0300409 -0.00399874 -0.00286905 -0.00740198 0.0133944 -0.0108015 0.00191102 0.00441985
internal_weight=61.3498 0.73225 60.6175 54.0305 48.3213 5.70919 4.78066 2.33067 46.6962 23.9677 3.36744 20.6003 22.7285 20.913
internal_count=3251 103 3148 1054 635 419 401 71 610 249 83 166 361 313
is_linear=0
shrinkage=0.05


Tree=177
num_leaves=15
num_cat=0
split_feature=6 3 3 3 0 0 3 3 0 3 0 0 3 3
split_gain=0.442782 0.655531 1.59399 1.27332 0.675377 0.791404 0.584575 1.73225 0.938564 0.756774 0.575599 1.2776 0.682839 0.520232
threshold=1.0000000180025095e-35 5.5500000000000007 5.1500000000000012 4.9500000000000011 7.5000000000000009 9.5000000000000018 3.6500000000000008 3.2500000000000004 6.5000000000000009 2.8500000000000001 12.500000000000002 9.5000000000000018 5.7500000000000009 5.8500000000000005
decision_type=2 2 2 2 2 2 2 2 2 2 2 2 2 2
left_child=-1 2 3 6 -4 -6 7 8 -2 -10 11 12 -3 -12
right_child=1 10 4 -5 5 -7 -8 -9 9 -11 13 -13 -14 -15
leaf_value=-0.0033840619062261244 -0.014679714378925839 -0.019035493883392221 0.063894533937611228 -0.036614908446913882 -0.0039369966864761493 0.04630801860166428 0.011954442691139794 -0.051890862988060775 -0.050193581937086243 0.053940743907693649 0.027414294054377144 -0.040704789011803182 0.026928442087803317 -0.0056378504705384431
leaf_weight=23.148838520650315 1.515049484471102 1.4996101115830227 1.4936344122979779 1.7743102251552034 1.4575988594442608 1.6951110730879007 16.268360501795541 1.5207488947344243 0.20015685290491081 1.3594443981710354 1.9888575933873651 2.7205753837479278 1.7520874745096078 2.9659047622117214
leaf_count=1630 604 12 13 24 8 26 290 161 311 91 15 24 39 37
internal_value=0.00207293 0.00537882 0.00952324 0.00404815 0.0361992 0.0230781 0.00750625 -0.00824098 0.0133486 0.0405763 -0.00496964 -0.0154221 0.0057309 0.00762939
internal_weight=61.3603 38.2115 27.2844 22.6381 4.64634 3.15271 20.8638 4.5954 3.07465 1.5596 10.927 5.97227 3.2517 4.95476
internal_count=3285 1655 1528 1481 47 34 1457 1167 1006 402 127 75 51 52
is_linear=0
shrinkage=0.05


Tree=178
num_leaves=15
num_cat=0
split_feature=0 3 2 2 0 0 3 2 3 2 0 2 0 0
split_gain=0.318871 0.44293 0.429454 0.69029 0.590203 0.854338 0.799586 0.690809 0.527057 0.679623 0.759146 0.505604 0.845802 1.32633
threshold=1.5000000000000002 3.6500000000000008 3.8500000000000001 3.4500000000000006 7.5000000000000009 4.5000000000000009 3.3500000000000001 2.9500000000000006 2.9500000000000006 3.9500000000000006 3.5000000000000004 4.2500000000000009 5.5000000000000009 9.5000000000000018
decision_type=2 2 2 2 2 2 2 2 2 2 2 2 2 2
left_child=1 -1 3 4 5 -2 7 -7 -4 10 -10 12 -11 -14
right_child=2 -3 8 -5 -6 6 -8 -9 9 11 -12 -13 13 -15
leaf_value=-0.028685039343209002 -0.038141677518760013 0.060361298988493045 -0.040185313675560913 -0.050870089076643081 -0.050722060061362421 0.027591796927700363 0.093698514514451228 -0.050391545434621744 0.088542406368641871 -0.058481196074551912 0.0083930126424658514 0.0033771963117049416 0.035281220980971861 -0.052365767437029614
leaf_weight=0.19377211181563225 0.76280527020571742 0.49999456759542227 0.71210891851296665 0.97554938816392667 0.53747114211364522 1.2194345406023783 0.34208190254867066 0.37019634879834473 0.48465073108672985 0.8974267635494465 0.7567289354337845 51.309437516814796 1.0998437097296117 0.71045419048459724
leaf_count=94 644 9 400 321 340 292 15 132 2 22 45 871 59 60
internal_value=0.00178622 0.0354903 0.00139766 -0.0140078 -0.00288124 0.00666149 0.0243536 0.00943088 0.00255575 0.00310655 0.0396844 0.00226594 -0.0187915 0.000884026
internal_weight=60.872 0.693767 60.1782 4.20754 3.23199 2.69452 1.93171 1.58963 55.9707 55.2585 1.24138 54.0172 2.70772 1.8103
internal_count=3306 103 3203 1744 1423 1083 439 424 1459 1059 47 1012 141 119
is_linear=0
shrinkage=0.05


Tree=179
num_leaves=15
num_cat=0
split_feature=2 3 2 6 2 3 4 3 6 3 6 2 3 2
split_gain=0.623105 0.669482 0.670247 0.420839 1.39621 0.462603 0.417119 0.409367 2.1137 0.324533 0.306165 0.53135 0.717841 0.240004
threshold=3.3500000000000001 5.5500000000000007 5.6500000000000012 1.0000000180025095e-35 6.0500000000000007 6.0500000000000007 3.7450000000000006 5.3500000000000005 1.0000000180025095e-35 5.7500000000000009 1.0000000180025095e-35 2.9500000000000006 2.8500000000000001 4.2500000000000009
decision_type=2 2 2 2 2 2 8 2 2 2 2 2 2 2
left_child=6 7 -3 4 -4 9 -1 13 -9 -5 -8 12 -12 -2
right_child=1 2 3 5 -6 -7 10 8 -10 -11 11 -13 -14 -15
leaf_value=0.05293870899476142 -0.0096842136577803412 -0.042489635569590317 0.031634287199958415 -0.0081777494866658428 -0.014394715214622071 -0.0045359285183031485 -0.052755768319154461 -0.032118580592579826 0.052934122718482468 -0.03694605039156066 -0.050254088747891036 -0.050926714722590964 0.046767331133142458 0.0013436566309830359
leaf_weight=0.15239226445555687 5.9032164443051434 1.5097074378281856 2.4972644841764131 1.5141727426089344 4.8417227275203913 5.1048876069835387 1.0564842926687557 1.2237166052218518 1.8123044925741851 2.7805348420515656 0.30849827375641325 0.65399650950712385 0.49906423583161086 30.041793480650085
leaf_count=3 720 12 20 15 55 77 697 22 18 27 523 160 20 897
internal_value=-0.00378001 -0.00267842 -0.0105824 -0.00770458 0.00126774 -0.01471 -0.0273878 0.00102169 0.0186523 -0.0268033 -0.0322492 -0.0174261 0.00970402 -0.000467441
internal_weight=59.8998 57.2293 18.2483 16.7386 7.33899 9.3996 2.67044 38.981 3.03602 4.29471 2.51804 1.46156 0.807563 35.945
internal_count=3266 1863 206 194 75 119 1403 1657 40 42 1400 703 543 1617
is_linear=0
shrinkage=0.05


Tree=180
num_leaves=15
num_cat=0
split_feature=0 2 2 3 3 0 2 0 3 2 2 3 2 2
split_gain=0.38092 0.823142 0.383703 0.375042 1.87909 0.575497 0.539742 0.525164 0.64078 1.34818 0.581495 1.17096 0.535801 0.355501
threshold=18.500000000000004 6.7500000000000009 7.4500000000000011 4.8500000000000005 4.9500000000000011 5.5000000000000009 5.2500000000000009 9.5000000000000018 6.2500000000000009 6.1500000000000012 5.2500000000000009 5.5500000000000007 6.4500000000000011 6.3500000000000005
decision_type=2 2 2 2 2 2 2 2 2 2 2 2 2 2
left_child=2 -2 3 13 -5 6 -6 10 9 -9 -7 -12 -13 -1
right_child=1 -3 -4 4 5 7 -8 8 -10 -11 11 12 -14 -15
leaf_value=0.0053223525618365779 -0.038659052780025946 0.017004843268513009 0.050912134872531503 -0.056274666466270495 0.038758873640183072 -0.038986005671004555 0.003402752797249792 0.0069147598748373245 0.017723566995482415 -0.036309196950927804 0.024851309958574725 -0.036049602549401039 0.0010946129202363535 0.028704822997220415
leaf_weight=27.401793398963495 1.6303490277168742 1.1206817260244859 0.41586624173214559 1.4767610421404267 1.8468314539641166 1.6008881665766264 2.5977914207614958 7.2659948923392204 5.3709834944456807 2.3998477719724178 2.1271883342415094 2.3970226906239986 1.6317997022997586 1.7280614389455866
leaf_count=2754 151 19 59 20 11 14 35 85 32 16 18 19 23 38
internal_value=0.00219775 -0.0159834 0.00305625 0.0027122 -0.0013428 0.00163539 0.0180939 -0.00157391 0.00387708 -0.00381694 -0.0121407 -0.00515953 -0.021005 0.00670946
internal_weight=61.0119 2.75103 58.2608 57.845 28.7151 27.2383 4.44462 22.7937 15.0368 9.66584 7.7569 6.15601 4.02882 29.1299
internal_count=3294 170 3124 3065 273 253 46 207 133 101 74 60 42 2792
is_linear=0
shrinkage=0.05


Tree=181
num_leaves=15
num_cat=0
split_feature=0 2 2 3 3 3 2 0 2 2 3 3 3 2
split_gain=0.899438 1.70808 1.0669 1.17867 0.928912 1.16934 0.684246 0.613296 0.62216 0.549367 0.833131 0.803731 1.50336 0.998534
threshold=8.5000000000000018 4.5500000000000007 3.9500000000000006 3.8500000000000001 4.7500000000000009 4.2500000000000009 4.7500000000000009 4.5000000000000009 5.5500000000000007 4.5500000000000007 3.7500000000000004 4.1500000000000012 4.7500000000000009 5.2500000000000009
decision_type=2 2 2 2 2 2 2 2 2 2 2 2 2 2
left_child=1 2 3 -1 5 7 -7 -3 -9 -2 -11 13 -13 -12
right_child=9 4 -4 -5 -6 6 -8 8 -10 10 11 12 -14 -15
leaf_value=-0.016997327121858471 0.019383412156816771 0.028360836873752501 -0.037701826720852344 0.049200769187951417 -0.0057876491647241048 0.016252887620437594 0.062859464780190041 -0.054925684831134206 0.0059765370585897837 -0.056537823071117134 -0.050869329633134265 -0.032616082235320809 0.0057349593821913987 0.064835873797658081
leaf_weight=4.1082930845659593 5.2503049918486822 0.82193310116418006 5.9040523511794163 0.80402003088966001 12.889610205602365 1.6302625648677351 1.5234127996955065 0.83554618706693851 0.84187385611585341 0.60131454579095844 0.23036113691341842 2.916522052211806 20.633761681703618 0.978539819989237
leaf_count=1461 677 17 230 11 139 18 18 68 22 213 31 85 260 33
internal_value=-0.00133489 -0.00758742 -0.023378 -0.00616239 0.00162361 0.0185222 0.0387666 -0.00702212 -0.0243597 0.00466196 0.00161422 0.00302653 0.000985477 0.0427878
internal_weight=59.9698 29.359 10.8164 4.91231 18.5426 5.65303 3.15368 2.49935 1.67742 30.6108 25.3605 24.7592 23.5503 1.2089
internal_count=3283 1984 1702 1472 282 143 36 107 90 1299 622 409 345 64
is_linear=0
shrinkage=0.05


Tree=182
num_leaves=15
num_cat=0
split_feature=2 0 2 0 2 0 0 2 0 0 2 0 2 2
split_gain=0.684024 0.423296 0.58981 0.432219 0.345379 0.669246 0.523146 0.796358 0.590265 0.523076 0.351176 0.739632 2.40027 0.33165
threshold=4.3500000000000005 14.500000000000002 4.1500000000000012 10.500000000000002 6.6500000000000012 7.5000000000000009 14.500000000000002 5.9500000000000011 18.500000000000004 9.5000000000000018 5.5500000000000007 11.500000000000002 5.1500000000000012 4.2500000000000009
decision_type=2 2 2 2 2 2 2 2 2 2 2 2 2 2
left_child=1 3 -3 13 6 -6 10 -8 -9 -7 11 -2 -13 -1
right_child=4 2 -4 -5 5 9 7 8 -10 -11 -12 12 -14 -15
leaf_value=0.0033858681688145411 -0.0029070801719629884 -0.050931671899422715 0.09345966203311766 -0.050863623774331693 0.053357902910234067 -0.03130383104943215 -0.057019661662052162 0.01133019691754733 -0.033991794843508456 0.0060135266294763009 -0.011107467409934409 -0.050605528168466543 0.10328706858305792 0.023110290183637982
leaf_weight=8.0530788379473908 21.590936556356613 0.092350715058274413 0.30201599313295446 0.31430204995922473 0.64969824184663405 1.1045269403839482 1.240162305675766 1.5899956227513032 1.3105470982482073 6.2673973997589201 13.492640799318904 0.42977376499038544 0.61731919969315641 2.8980757260578676
leaf_count=1895 401 67 19 181 39 28 183 18 33 92 143 88 28 71
internal_value=-0.00214022 0.00872897 0.0596469 0.0069465 -0.00476446 0.00470974 -0.00665162 -0.0234855 -0.00914756 0.00042231 -0.0047224 -0.000916795 0.0401227 0.00860567
internal_weight=59.9528 11.6598 0.394367 11.2655 48.293 8.02162 40.2714 4.14071 2.90054 7.37192 36.1307 22.638 1.04709 10.9512
internal_count=3286 2233 86 2147 1053 159 894 234 51 120 660 517 116 1966
is_linear=0
shrinkage=0.05


Tree=183
num_leaves=15
num_cat=0
split_feature=2 2 6 0 0 0 2 0 2 2 6 0 0 2
split_gain=0.353368 0.624239 0.266004 0.369947 0.385705 0.228065 0.174971 0.800823 0.391654 0.547049 0.615219 0.668818 1.51724 0.340154
threshold=3.0500000000000003 2.6500000000000008 1.0000000180025095e-35 5.5000000000000009 6.5000000000000009 1.5000000000000002 3.1500000000000008 8.5000000000000018 3.8500000000000001 3.4500000000000006 1.0000000180025095e-35 5.5000000000000009 4.5000000000000009 3.9500000000000006
decision_type=2 2 2 2 2 2 2 2 2 2 2 2 2 2
left_child=1 2 3 -1 -5 -2 7 -7 9 10 11 12 -8 -10
right_child=5 -3 -4 4 -6 6 8 -9 13 -11 -12 -13 -14 -15
leaf_value=-0.050292579577806334 0.031458188674339534 -0.051854635972493048 -0.033760215179474078 0.066864817069819435 -0.052381756824017384 -0.05069140491103559 -0.024734509266968598 0.073349295484585339 0.031338343022474756 -0.050702542908356553 -0.043361563713335612 -0.050452845232145764 0.15199942930664179 0.0015712391439661414
leaf_weight=0.12374714924953767 0.64637505389691696 0.84036083901082748 0.25872115236052196 0.39973243762506172 0.081665402813086985 0.20198811993759491 0.2437625689926779 0.36571737035410479 0.97686968857305956 0.85411213815314102 0.43755123752634972 0.17600446124924929 0.24199405279068742 54.651904058020591
leaf_count=270 16 316 433 25 87 67 48 15 73 316 114 75 15 1387
internal_value=0.00127132 -0.0211735 0.00867289 0.0268146 0.0466356 0.00192188 0.00159357 0.0292159 0.00132124 -0.0206841 0.00263872 0.0330537 0.0633107 0.00209396
internal_weight=60.5005 1.70423 0.863866 0.605145 0.481398 58.7963 58.1499 0.567705 57.5822 1.95342 1.09931 0.661761 0.485757 55.6288
internal_count=3257 1131 815 382 112 2126 2110 82 2028 568 252 138 63 1460
is_linear=0
shrinkage=0.05


Tree=184
num_leaves=15
num_cat=0
split_feature=2 2 6 0 0 6 2 7 0 2 0 2 0 0
split_gain=0.318659 0.753811 0.54742 0.439149 0.483059 0.748794 0.437946 0.688627 0.583682 1.73803 1.49413 1.70128 1.04412 0.637325
threshold=6.3500000000000005 6.6500000000000012 1.0000000180025095e-35 19.500000000000004 10.500000000000002 1.0000000180025095e-35 4.5500000000000007 1.0000000180025095e-35 13.500000000000002 5.7500000000000009 12.500000000000002 5.8500000000000005 17.500000000000004 10.500000000000002
decision_type=2 2 2 2 2 2 2 2 2 2 2 2 2 2
left_child=6 2 -2 4 5 -3 -1 8 10 -10 13 -12 -11 -8
right_child=1 3 -4 -5 -6 -7 7 -9 9 12 11 -13 -14 -15
leaf_value=-0.0041107924204620569 -0.046008144590226722 -0.0034238467034060777 -0.010063792628241563 0.037919219572053443 -0.010769211604860584 0.054442186831607169 0.0096347985535778259 -0.045539284386116936 -0.056221367391827426 0.051499760935867001 0.10750130598606795 -0.0035457198203078023 -0.01830622570465255 -0.015668489614979141
leaf_weight=16.662449587720403 1.6115840399288552 1.6028303662315013 3.0906611667014658 0.80582368251634751 4.5200647029560059 0.85849131032591675 22.127450691899881 0.63533168990761524 1.3637787160914734 1.052800660938374 0.80200755762052611 0.60515917558223009 1.0905824936780844 2.8038909213792058
leaf_count=2352 19 42 32 15 63 41 331 26 177 19 32 7 33 78
internal_value=0.000525947 -0.00657521 -0.0223829 0.00297012 -0.00106386 0.0167594 0.00240722 0.00597029 0.00706679 -0.012095 0.00961831 0.059745 0.0159815 0.00678908
internal_weight=59.6329 12.4895 4.70225 7.78721 6.98139 2.46132 47.1435 30.481 29.8457 3.50716 26.3385 1.40717 2.14338 24.9313
internal_count=3267 212 51 161 146 83 3055 703 677 229 448 39 52 409
is_linear=0
shrinkage=0.05


Tree=185
num_leaves=15
num_cat=0
split_feature=2 3 2 3 3 2 6 2 2 3 2 2 3 3
split_gain=0.487114 0.339055 0.789778 0.616312 1.32053 1.12243 1.29423 1.85712 0.621369 0.550631 0.414789 0.501411 0.936277 0.522588
threshold=7.4500000000000011 4.0500000000000007 3.1500000000000008 4.8500000000000005 5.0500000000000007 4.8500000000000005 1.0000000180025095e-35 5.3500000000000005 5.4500000000000011 4.9500000000000011 7.2500000000000009 6.7500000000000009 6.3500000000000005 5.6500000000000012
decision_type=2 2 2 2 2 2 2 2 2 2 2 2 2 2
left_child=1 2 -1 5 9 -3 8 -8 -7 -5 11 12 13 -6
right_child=-2 3 -4 4 10 6 7 -9 -10 -11 -12 -13 -14 -15
leaf_value=0.018265407763892204 0.049354217924539687 0.0019359510181734419 -0.015387518985393436 -0.055865560970568329 -0.0026631574303825878 -0.050015448613969532 0.0931175501928177 0.0074509840086234916 0.021356485744805906 -0.014517982986214657 -0.02314928202512043 0.023169954310303352 -0.019682530371570431 0.014182415952416103
leaf_weight=2.1847951647505388 0.49220509114093047 12.930802412956838 8.6296057799081591 1.4617356837843571 10.159875030163688 0.52802391357545209 1.3624827619642021 1.181027598766377 0.72185143319074996 1.7926986900274642 1.7271752974484105 2.5588791167829177 4.858446989208459 8.4189289959613216
leaf_count=1211 64 221 1361 22 112 23 18 25 21 28 18 36 32 72
internal_value=-0.00017866 -0.000595301 -0.00858874 0.00121687 -0.00295903 0.00895177 0.0328671 0.05334 -0.00879539 -0.0330893 0.000577966 0.0021544 -0.000140081 0.00497036
internal_weight=59.0085 58.5163 10.8144 47.7019 30.9777 16.7242 3.79339 2.54351 1.24988 3.25443 27.7233 25.9961 23.4373 18.5788
internal_count=3264 3200 2572 628 320 308 87 43 44 50 270 252 216 184
is_linear=0
shrinkage=0.05


Tree=186
num_leaves=15
num_cat=0
split_feature=3 2 2 3 2 3 3 3 2 3 3 3 3 2
split_gain=0.382174 0.511716 0.867892 0.765269 0.69345 0.968385 0.421756 0.33198 0.466502 1.30498 0.418108 0.310678 0.419791 0.436057
threshold=4.1500000000000012 5.0500000000000007 4.9500000000000011 5.0500000000000007 6.1500000000000012 4.5500000000000007 4.0500000000000007 6.3500000000000005 6.8500000000000005 7.0500000000000007 6.0500000000000007 5.8500000000000005 5.3500000000000005 5.5500000000000007
decision_type=2 2 2 2 2 2 2 2 2 2 2 2 2 2
left_child=6 2 -2 4 5 -3 -1 10 -9 -10 11 12 -5 -14
right_child=1 3 -4 7 -6 -7 -8 8 9 -11 -12 -13 13 -15
leaf_value=-0.005677260490307927 0.0058739833954100451 -0.012043541169070441 0.04798007323675637 -0.0057283826231715957 0.015604910054250366 -0.077471474709130031 -0.047557979586403148 -0.0158174520904437 0.056414628761334434 -0.019164983875928077 0.025262065734236477 -0.014481785872785716 0.029651442189500228 0.0048585880317477863
leaf_weight=11.495139873071818 14.150715138894153 1.388180878479037 1.3396766015794135 5.9699147912324504 0.78487435320857901 0.95432515026186582 0.63430766340752676 5.4223405849188557 0.94422914786264334 1.4454105014738159 2.1537993253441519 2.4795477236621073 2.3938488848507387 6.8436629603384063
leaf_count=2599 220 20 23 68 23 26 49 35 23 47 27 21 24 68
internal_value=3.25703e-05 0.00210349 0.0095155 -0.00162668 -0.0250701 -0.0386986 -0.00786741 0.00102464 -0.00770618 0.0106991 0.00446227 0.00192941 0.00460523 0.0112835
internal_weight=58.4 46.2705 15.4904 30.7801 3.12738 2.34251 12.1294 27.6528 7.81198 2.38964 19.8408 17.687 15.2074 9.23751
internal_count=3273 625 243 382 69 46 2648 313 105 70 208 181 160 92
is_linear=0
shrinkage=0.05


Tree=187
num_leaves=15
num_cat=0
split_feature=7 3 0 3 0 3 0 2 0 3 2 2 2 3
split_gain=0.491704 0.775304 0.319378 0.362973 0.267401 0.885909 0.596097 1.188 1.15968 0.652451 1.7007 0.558464 0.462952 1.13274
threshold=1.0000000180025095e-35 6.1500000000000012 1.5000000000000002 3.6500000000000008 2.5000000000000004 3.9500000000000006 3.5000000000000004 4.2500000000000009 4.5000000000000009 3.3500000000000001 4.7500000000000009 3.8500000000000001 3.9500000000000006 3.8500000000000001
decision_type=2 2 2 2 2 2 2 2 2 2 2 2 2 2
left_child=2 -2 3 -1 5 11 7 12 9 10 -8 -4 13 -6
right_child=1 -3 4 -5 6 -7 8 -9 -10 -11 -12 -13 -14 -15
leaf_value=-0.025523250334629974 -0.055293526008605681 0.05600133497184559 -0.024179155998727421 0.059520553848974922 -0.050939532932784297 -0.029031658695043785 -0.052189913367603695 0.048519820056466066 0.0025456223856089727 -0.044512716304530069 0.11580497429511923 0.059776741956682117 -0.060879403522522094 0.090104387602405467
leaf_weight=0.17139815133123093 0.80776814194541546 0.19407776510342956 0.30583519068750264 0.46819482650607824 0.3360142359088053 2.3160115566570312 0.38551155775348833 1.8131421506404874 50.145395147117597 2.0826217033318244 0.24728938465705141 0.56216945943015162 0.40301289391936734 0.24698467552661896
leaf_count=90 98 4 181 8 242 20 233 24 2325 41 4 10 13 1
internal_value=0.00100373 -0.0337335 0.00158878 0.0367305 0.00120682 -0.0128856 0.00201297 0.0244989 0.000822265 -0.0310028 0.01346 0.0301955 -0.0196724 0.00881304
internal_weight=60.4854 1.00185 59.4836 0.639593 58.844 3.18402 55.66 2.79915 52.8608 2.71542 0.632801 0.868005 0.986012 0.582999
internal_count=3294 102 3192 98 3094 211 2883 280 2603 278 237 191 256 243
is_linear=0
shrinkage=0.05


Tree=188
num_leaves=15
num_cat=0
split_feature=2 0 2 0 0 0 6 0 0 2 2 0 2 0
split_gain=0.313514 0.327233 0.47596 0.372159 0.280817 0.649108 0.408692 0.281889 0.427967 1.1527 0.37359 0.437912 0.302433 0.989938
threshold=4.3500000000000005 14.500000000000002 4.1500000000000012 10.500000000000002 19.500000000000004 21.500000000000004 1.0000000180025095e-35 5.5000000000000009 6.5000000000000009 5.4500000000000011 4.7500000000000009 3.5000000000000004 5.3500000000000005 9.5000000000000018
decision_type=2 2 2 2 2 2 2 2 2 2 2 2 2 2
left_child=1 3 -3 -1 7 6 -6 10 9 -9 -2 -12 13 -10
right_child=4 2 -4 -5 5 -7 -8 8 12 -11 11 -13 -14 -15
leaf_value=0.0065969348354327807 -0.012564104452352863 -0.050803561808910838 0.077779275601751324 -0.050858274886906335 -0.00044841076243629986 -0.043351912788278532 0.049230021888438863 -0.059358958776210773 0.015593497656896674 0.01143613375308717 0.026524089331178669 0.001056894175695589 -0.0073614479406981046 -0.014160246988152034
leaf_weight=11.080920144042461 2.492139650101306 0.091903950335109452 0.33178833121201023 0.28920039140211962 0.70499321757233624 0.38228353805970972 1.0030025463565835 1.2247617408866056 6.4657902141916548 1.0837507011019623 2.5678138247458264 4.926328436617041 21.331513439879927 4.924813131638075
leaf_count=1909 34 72 18 181 22 53 24 37 140 21 35 66 329 284
internal_value=-0.00054715 0.00674329 0.0498881 0.00513555 -0.00237239 0.0155429 0.0287247 -0.00320426 -0.00531677 -0.0261236 0.00420617 0.00978305 -0.00384887 0.00272924
internal_weight=58.901 11.7938 0.423692 11.3701 47.1072 2.09028 1.708 45.0169 35.0306 2.30851 9.98628 7.49414 32.7221 11.3906
internal_count=3225 2180 90 2090 1045 99 46 946 811 58 135 101 753 424
is_linear=0
shrinkage=0.05


Tree=189
num_leaves=15
num_cat=0
split_feature=3 0 3 3 3 6 0 0 3 0 0 3 3 0
split_gain=0.59126 0.574703 0.400389 0.384773 0.488052 0.40759 0.680012 1.31864 0.815037 0.970807 0.744069 0.637924 0.948834 0.623142
threshold=5.3500000000000005 15.500000000000002 5.2500000000000009 5.1500000000000012 4.3500000000000005 1.0000000180025095e-35 2.5000000000000004 5.5000000000000009 2.9500000000000006 4.5000000000000009 3.5000000000000004 2.5500000000000003 4.2500000000000009 6.5000000000000009
decision_type=2 2 2 2 2 2 2 2 2 2 2 2 2 2
left_child=1 2 3 4 5 6 -1 8 -8 10 -10 13 -13 -9
right_child=-2 -3 -4 -5 -6 -7 7 11 9 -11 -12 12 -14 -15
leaf_value=-0.062020671028561791 0.0068547177303982356 -0.036750282741450729 -0.022738085038507841 0.017221997516900834 -0.009401753810552178 0.0084485869531581975 -0.051087265691740963 0.055186050561105787 0.048605403604189912 0.086129491646420697 -0.033813527718432809 -0.055398357254622978 0.0098018869944101403 -0.051498556259759722
leaf_weight=0.5255115304316903 21.528967925492907 1.2578964607782825 2.2659077411517492 2.6615033484995356 14.339036548160946 11.632763327277644 0.27960878585872739 0.43931321889977004 0.60455850360449381 0.71227551903575648 0.50058862596051767 1.6997617596643979 0.83069760538637627 0.19882045769918477
leaf_count=151 245 244 20 26 203 1286 318 63 23 32 30 360 19 255
internal_value=0.000236085 -0.00351883 -0.00237952 -0.00103946 -0.00256964 0.00305287 -0.00778562 -0.00237294 0.0283838 0.0406103 0.0112728 -0.0227283 -0.0339945 0.0219468
internal_weight=59.4772 37.9482 36.6903 34.4244 31.7629 17.4239 5.79114 5.26562 2.09703 1.81742 1.10515 3.16859 2.53046 0.638134
internal_count=3275 3030 2786 2766 2740 2537 1251 1100 403 85 53 697 379 318
is_linear=0
shrinkage=0.05


Tree=190
num_leaves=15
num_cat=0
split_feature=2 2 0 0 4 4 3 3 0 0 3 2 2 0
split_gain=0.436594 1.53772 0.596337 0.493846 0.395418 0.310809 0.300571 0.53705 1.34773 0.935609 0.871952 0.635051 0.360591 0.287145
threshold=3.8500000000000001 3.1500000000000008 5.5000000000000009 9.5000000000000018 3.7450000000000006 3.7450000000000006 2.9500000000000006 3.3500000000000001 4.5000000000000009 9.5000000000000018 3.6500000000000008 4.3500000000000005 6.6500000000000012 8.5000000000000018
decision_type=2 2 2 2 8 8 2 2 2 2 2 2 2 2
left_child=1 2 5 13 -3 -1 12 8 -8 -10 -9 -11 -2 -4
right_child=6 4 3 -5 -6 -7 7 10 9 11 -12 -13 -14 -15
leaf_value=0.052446434301501602 -0.051359569976280287 0.052979165914295717 0.025896042775898766 -0.051501756846109539 -0.051042240070144899 -0.050332480109277905 0.074421936756027013 -0.039985130769187881 -0.051980838696149056 0.074234442505264647 0.0040520373528467593 -0.050399219783555917 0.021179079652727466 0.077086014090654562
leaf_weight=0.088847171515226364 0.51710743097646528 0.096139773726463318 1.2530972144450059 0.17442662334906334 1.8371536467566327 0.42742973608255797 0.91024904418736641 1.1483560769847816 0.57338201371021547 0.3794576873187907 53.152833114378154 0.13988373996835435 0.25620701012667269 0.35059634932258621
leaf_count=2 407 2 266 145 579 767 10 88 42 17 865 53 10 40
internal_value=0.00248502 -0.0130189 0.0146614 0.0283969 -0.0458694 -0.032645 0.00363338 0.00405861 0.0294844 -0.00794902 0.00312074 0.0406646 -0.0273268 0.0370871
internal_weight=61.3052 4.22769 2.2944 1.77812 1.93329 0.516277 57.0775 56.3042 2.00297 1.09272 54.3012 0.519341 0.773314 1.60369
internal_count=3293 1801 1220 451 581 769 1492 1075 122 112 953 70 417 306
is_linear=0
shrinkage=0.05


Tree=191
num_leaves=15
num_cat=0
split_feature=4 0 6 0 6 0 3 3 0 6 3 3 3 3
split_gain=0.288126 0.273914 0.727581 0.345736 0.693724 2.30032 0.723657 0.932874 0.526357 0.947486 0.728303 0.704324 1.64223 2.03488
threshold=7.035000000000001 18.500000000000004 1.0000000180025095e-35 9.5000000000000018 1.0000000180025095e-35 7.5000000000000009 6.4500000000000011 6.3500000000000005 10.500000000000002 1.0000000180025095e-35 3.7500000000000004 5.4500000000000011 4.5500000000000007 4.1500000000000012
decision_type=8 2 2 2 2 2 2 2 2 2 2 2 2 2
left_child=-1 3 -3 4 5 -2 7 -6 9 -5 -10 12 13 -11
right_child=1 2 -4 8 6 -7 -8 -9 10 11 -12 -13 -14 -15
leaf_value=0.052475549593438309 0.0018760202548531943 -0.056295225600072676 0.0027577184249164477 0.037718367978865207 0.004564209770989763 -0.049076200806237064 0.057403001465752557 -0.073504581240105102 -0.056168430360137557 0.034427187428324839 0.003759052532891684 -0.040077830907023111 0.056832713369018475 -0.056059400611343825
leaf_weight=0.28110261773690581 9.3255622249671415 0.73413976607662257 1.8016796642550617 3.3737463986180982 20.366586387281139 2.9052356941465396 0.63213981554144894 0.38998273015022178 0.52662700825749098 1.2065985938388628 13.597037695028119 0.7917265606811269 1.3199255438521502 1.2808668017387388
leaf_count=8 860 81 86 149 1090 212 21 5 333 122 276 9 17 14
internal_value=0.0019765 0.00173281 -0.0143386 0.00246427 -0.000728875 -0.0102269 0.00470241 0.00309742 0.00732259 0.0175936 0.00152455 0.00283086 0.0117535 -0.0121669
internal_weight=58.533 58.2519 2.53582 55.716 33.6195 12.2308 21.3887 20.7566 22.0965 7.97286 14.1237 4.59912 3.80739 2.48747
internal_count=3283 3275 167 3108 2188 1072 1116 1095 920 311 609 162 153 136
is_linear=0
shrinkage=0.05


Tree=192
num_leaves=15
num_cat=0
split_feature=2 2 0 3 0 2 6 0 0 3 0 6 3 3
split_gain=0.815781 1.40773 1.5802 0.673239 1.33039 0.678271 1.26903 2.11966 0.635135 1.38496 1.22637 2.03465 1.29245 1.46906
threshold=5.4500000000000011 4.6500000000000012 2.5000000000000004 5.2500000000000009 4.5000000000000009 4.7500000000000009 1.0000000180025095e-35 8.5000000000000018 4.5000000000000009 4.4500000000000011 2.5000000000000004 1.0000000180025095e-35 3.0500000000000003 2.9500000000000006
decision_type=2 2 2 2 2 2 2 2 2 2 2 2 2 2
left_child=1 8 -3 4 -4 6 7 -6 9 10 11 -1 13 -12
right_child=-2 2 3 -5 5 -7 -8 -9 -10 -11 12 -13 -14 -15
leaf_value=-0.060903651034082511 0.0035642927041087814 0.033170604168560575 0.008278041176463375 -0.0032784086170821848 0.16396817152360543 -0.048985200249868154 -0.054036913903307483 -0.051825310495821932 0.0060157911121485191 -0.076856643269938282 -0.050944683451628225 0.05110987916666563 -0.052806852398656359 0.12194848184360528
leaf_weight=0.54217671344668539 27.676865963241653 1.1970143250655372 1.5572977190022337 2.3082047960488117 0.23014315421460174 6.1669883560789458 0.5853982240332698 0.22510030107150669 13.601899291004882 0.76255573332309712 0.23398961030761745 1.6070704480953282 1.5956018021388443 0.25870382454013452
leaf_count=154 449 10 20 30 11 291 19 23 1577 4 447 145 83 13
internal_value=-0.00266906 -0.00825727 -0.0214035 -0.027303 -0.0336298 -0.0426845 -0.0053456 0.0572666 0.000414184 -0.014824 -0.0036611 0.0228529 -0.030949 0.0398382
internal_weight=58.549 30.8721 12.2701 11.0731 8.76493 7.20763 1.04064 0.455243 18.602 5.0001 4.23754 2.14925 2.0883 0.492693
internal_count=3276 2827 404 394 364 344 53 34 2423 846 842 299 543 460
is_linear=0
shrinkage=0.05


Tree=193
num_leaves=15
num_cat=0
split_feature=7 3 0 2 3 2 0 2 2 2 0 0 3 6
split_gain=0.365572 0.716944 0.313377 1.11965 2.86023 1.03763 0.94855 0.629815 1.6649 0.618256 0.91279 0.793242 1.19416 1.56133
threshold=1.0000000180025095e-35 6.1500000000000012 7.5000000000000009 4.8500000000000005 4.5500000000000007 4.5500000000000007 8.5000000000000018 4.5500000000000007 4.8500000000000005 4.3500000000000005 6.5000000000000009 4.5000000000000009 3.8500000000000001 1.0000000180025095e-35
decision_type=2 2 2 2 2 2 2 2 2 2 2 2 2 2
left_child=2 -2 3 4 5 9 -4 -8 -9 10 11 -1 13 -13
right_child=1 -3 6 -5 -6 -7 7 8 -10 -11 -12 12 -14 -15
leaf_value=-0.0051557176653548873 -0.055216904227671976 0.055625825939857071 -0.025097984157952842 0.016191054928031415 -0.066126110595803311 0.052511910410561725 0.015304321480323131 -0.053737776229313888 -0.00013745120489090404 -0.022726147929432422 -0.052378690926479766 0.04530646584024528 0.070020415898910324 -0.05092646792374117
leaf_weight=3.0950999884698831 0.71057335063051041 0.18357397336512804 4.3328623682027674 10.569890802871667 1.7044529579579819 0.99035844040918242 5.4512856831988783 1.5443794039056253 23.395910663886752 2.4703646550915437 0.59675017169502087 1.0002183484466516 1.1787392527330665 0.72846100856258988
leaf_count=806 97 4 230 158 20 25 648 121 497 49 155 212 23 225
internal_value=-0.000737099 -0.0324602 -0.000239978 0.00438036 -0.00623109 0.00391685 -0.00321172 -9.14425e-05 -0.00345655 -0.00138948 0.00659767 0.0124609 0.0312147 0.00475416
internal_weight=57.9529 0.894147 57.0588 22.3343 11.7644 10.06 34.7244 30.3916 24.9403 9.06963 6.59927 6.00252 2.90742 1.72868
internal_count=3270 101 3169 1673 1515 1495 1496 1266 618 1470 1421 1266 460 437
is_linear=0
shrinkage=0.05


Tree=194
num_leaves=15
num_cat=0
split_feature=4 0 2 3 2 0 3 2 2 6 2 0 0 2
split_gain=0.29045 0.392024 1.29908 0.74268 1.09176 0.257734 0.235753 0.588071 1.74868 0.881079 0.685638 1.10878 0.990383 0.95383
threshold=7.035000000000001 2.5000000000000004 5.7500000000000009 3.9500000000000006 3.6500000000000008 21.500000000000004 4.1500000000000012 4.3500000000000005 5.5500000000000007 1.0000000180025095e-35 4.2500000000000009 3.5000000000000004 9.5000000000000018 3.9500000000000006
decision_type=8 2 2 2 2 2 2 2 2 2 2 2 2 2
left_child=-1 2 3 4 -2 6 7 10 -9 -10 13 -12 -13 -3
right_child=1 5 -4 -5 -6 -7 -8 8 9 -11 11 12 -14 -15
leaf_value=0.052324181287793085 -0.051439648059400572 0.0062683980206383154 -0.12084568955303139 -0.025594553785092955 0.056640882993073606 -0.039439851732689719 0.002977344170929444 -0.053955051140700427 -0.04452046374334942 0.029016239956186504 0.1385612352476657 -0.052421397889113791 0.065019437812698533 -0.050991260092916407
leaf_weight=0.26722650532610714 0.32986627829086479 4.6699540181252797 0.27374363574199367 1.996590827591717 0.8010853594460059 0.38952171529672242 44.435014500893885 1.9832754909839421 0.54092373017556394 1.6492879450597684 0.23111715272534628 0.32305451396678109 0.40403075052745407 0.86146494065906143
leaf_count=9 262 1596 5 17 17 60 586 338 53 39 3 41 23 202
internal_value=0.000314631 7.86222e-05 -0.0163987 -0.00725678 0.0251169 0.00108865 0.00137517 -0.00530137 -0.0199435 0.0108546 0.00411499 0.0431629 0.0128388 -0.00264924
internal_weight=59.1562 58.8889 3.40129 3.12754 1.13095 55.4876 55.0981 10.6631 4.17349 2.19021 6.48962 0.958202 0.727085 5.53142
internal_count=3251 3242 301 296 279 2941 2881 2295 430 92 1865 67 64 1798
is_linear=0
shrinkage=0.05


Tree=195
num_leaves=15
num_cat=0
split_feature=0 6 0 3 3 0 3 3 2 2 2 2 2 3
split_gain=0.645469 1.00283 0.991737 1.16037 0.893441 0.846208 2.46701 0.843676 1.88095 1.23704 0.778289 1.22278 0.725527 1.33481
threshold=14.500000000000002 1.0000000180025095e-35 16.500000000000004 6.0500000000000007 5.5500000000000007 13.500000000000002 6.4500000000000011 6.5500000000000007 6.4500000000000011 6.7500000000000009 6.9500000000000011 6.6500000000000012 6.0500000000000007 5.9500000000000011
decision_type=2 2 2 2 2 2 2 2 2 2 2 2 2 2
left_child=5 10 4 -4 -3 7 -7 8 -1 -9 11 12 13 -2
right_child=1 2 3 -5 -6 6 -8 9 -10 -11 -12 -13 -14 -15
leaf_value=-0.0022763616619516946 -0.051403375900172993 0.028805905106132242 -0.017335372512226267 0.047164576609771025 0.10448309139344583 -0.081875638069088069 0.065060139517007023 -0.053964581614172058 0.0440014338113347 0.0017651878742506264 -0.055391232149081815 0.056168702522450611 -0.059013609915486244 0.10358198674918068
leaf_weight=43.117442424842011 0.31314635178568939 0.99037298107577931 1.6585734437048816 1.203108496032655 0.64337071764748544 1.0263516846534901 0.39583697286434461 1.8425347208976735 2.3135098645579992 2.1666441206471063 0.72289227356668551 0.73966201784787688 0.69509165374256554 0.24970103800296783
leaf_count=2706 142 35 105 14 10 77 5 12 61 51 14 7 22 1
internal_value=-0.000968457 0.0130259 0.0275262 0.0097817 0.0586077 -0.00295386 -0.0409791 -0.00186003 8.02725e-05 -0.023847 -0.0109348 0.00515305 -0.0248439 0.0173542
internal_weight=58.0782 7.21592 4.49543 2.86168 1.63374 50.8623 1.42219 49.4401 45.431 4.00918 2.72049 1.9976 1.25794 0.562847
internal_count=3262 350 164 119 45 2912 82 2830 2767 63 186 172 165 143
is_linear=0
shrinkage=0.05


Tree=196
num_leaves=15
num_cat=0
split_feature=3 3 0 0 3 0 3 6 3 3 3 3 0 3
split_gain=0.331098 0.636143 0.443404 0.329156 0.323547 0.286572 0.540977 0.660235 0.50721 0.531263 0.413984 0.672846 1.24416 0.355566
threshold=7.1500000000000012 7.0500000000000007 14.500000000000002 20.500000000000004 6.8500000000000005 14.500000000000002 3.9500000000000006 1.0000000180025095e-35 6.5500000000000007 6.4500000000000011 6.6500000000000012 5.4500000000000011 19.500000000000004 6.0500000000000007
decision_type=2 2 2 2 2 2 2 2 2 2 2 2 2 2
left_child=1 3 -2 4 5 8 -7 10 9 -1 11 12 -8 -9
right_child=2 -3 -4 -5 -6 6 7 13 -10 -11 -12 -13 -14 -15
leaf_value=0.00024031561593582757 0.055896883182146688 -0.071488477362205025 -0.013698568397475634 -0.04619042826845101 0.055261611184315156 -0.052234950403687634 -0.057085760878370799 0.017049303217589854 -0.022072767576604969 0.05921097383865101 0.029207691297750055 -0.051130079785911088 0.099865274408534377 0.051031872356633923
leaf_weight=46.959996491143102 0.60889127396512677 0.30640942417085071 0.36669404513668269 0.37101969336617813 0.2739819681737562 0.32011153804887627 0.25187776832171926 2.8588068944518459 2.5734980261186129 0.38505660928785701 0.49427472054958332 0.85897450055927038 0.25319046172080562 1.0533707698341457
leaf_count=2829 31 3 10 59 9 152 33 60 19 6 3 19 6 7
internal_value=0.000855934 0.00036126 0.029738 0.000749854 0.00105929 0.000794142 0.0110332 0.0145429 -0.00045513 0.000719923 -0.00999641 -0.0242024 0.0215937 0.0261993
internal_weight=57.9362 56.9606 0.975585 56.6542 56.2831 56.0092 6.09061 5.7705 49.9186 47.3451 1.85832 1.36404 0.505068 3.91218
internal_count=3246 3205 41 3202 3143 3134 280 128 2854 2835 61 58 39 67
is_linear=0
shrinkage=0.05


Tree=197
num_leaves=15
num_cat=0
split_feature=2 3 3 2 2 0 2 3 3 2 0 0 3 0
split_gain=0.526217 0.374437 0.523031 0.439083 0.859936 0.361506 0.731959 0.479951 0.279104 0.253016 0.291294 0.528707 0.389835 0.271559
threshold=7.4500000000000011 6.1500000000000012 6.0500000000000007 7.3500000000000005 7.2500000000000009 13.500000000000002 6.8500000000000005 6.5500000000000007 2.0500000000000003 2.9500000000000006 7.5000000000000009 6.5000000000000009 2.5500000000000003 1.5000000000000002
decision_type=2 2 2 2 2 2 2 2 2 2 2 2 2 2
left_child=1 2 3 4 8 6 7 -3 -1 10 11 12 -10 -11
right_child=-2 5 -4 -5 -6 -7 -8 -9 9 13 -12 -13 -14 -15
leaf_value=-0.050398158114370775 0.049841925054121911 -0.0097227314322801198 0.04366148045998057 -0.036329590180265055 0.070815571748634912 0.0054232357736111068 0.010392468212971982 -0.042994142067142818 0.026359057585004699 0.034298754212227382 -0.050613052251942806 0.078313587781283181 -0.050524867353444969 -0.00031506900167440553
leaf_weight=0.26832286509670566 0.52238247045897779 2.0014413278549892 0.71146761160343786 0.79692225717008014 0.43818308878689904 2.6248253416270018 1.7679277125280348 2.364386435598135 0.69025909148331155 0.57366467732936044 0.12714234561281035 0.37903062280383892 0.21661272156052291 46.249498217850487
leaf_count=1052 66 20 7 10 6 19 25 15 148 11 116 23 93 1643
internal_value=-0.000121339 -0.000562144 0.00109456 0.000485689 0.00108514 -0.0101051 -0.0167501 -0.0277414 0.000455208 0.000738089 0.0215835 0.0287219 0.00799479 0.00010901
internal_weight=59.7321 59.2097 50.4511 49.7396 48.9427 8.75858 6.13376 4.36583 48.5045 48.2362 1.41304 1.2859 0.906872 46.8232
internal_count=3254 3188 3109 3102 3092 79 60 35 3086 2034 380 264 241 1654
is_linear=0
shrinkage=0.05


Tree=198
num_leaves=15
num_cat=0
split_feature=3 0 0 3 3 3 3 3 0 0 3 3 3 3
split_gain=0.851495 0.298179 0.253023 0.6835 1.10716 1.07218 0.831308 1.26813 0.831302 0.60776 0.731401 0.760947 0.495311 1.08927
threshold=2.8500000000000001 5.5000000000000009 5.5000000000000009 5.1500000000000012 4.4500000000000011 5.2500000000000009 4.2500000000000009 3.9500000000000006 4.5000000000000009 6.5000000000000009 4.1500000000000012 4.4500000000000011 3.2500000000000004 3.7500000000000004
decision_type=2 2 2 2 2 2 2 2 2 2 2 2 2 2
left_child=1 -1 3 4 6 -5 7 -2 -7 10 -4 -12 -11 -14
right_child=2 -3 9 5 -6 8 -8 -9 -10 12 11 -13 13 -15
leaf_value=-0.0072454422612996151 0.017218848126844034 -0.054108036605291447 -0.056572033942328716 0.074574329686835764 -0.018433829918186369 -0.020843635568694788 0.04811194035965119 -0.049234401523515103 0.04076912187848649 0.029878419442539685 0.021806190627104552 -0.031937995146617555 -0.054122001538876134 0.0037539170596397504
leaf_weight=0.5633624676556781 4.2827975048276112 0.85399587023130152 0.91103973897406776 0.94830062240362112 3.6933990922989324 1.0612766982521862 1.5249875113368032 0.86248941347002972 1.1307925660221372 1.7229632726121042 1.3403824022971096 1.2948624824930446 0.8316774651320874 36.163975866067631
leaf_count=899 192 825 83 6 36 16 14 15 18 188 14 19 237 680
internal_value=0.00278974 -0.0354814 0.00376239 0.00972055 0.00352841 0.0301555 0.0156891 0.00607948 0.0109397 0.0018587 -0.0179529 -0.00460173 0.00367327 0.00245284
internal_weight=57.1863 1.41736 55.7689 13.504 10.3637 3.14037 6.67027 5.14529 2.19207 42.2649 3.54628 2.63524 38.7186 36.9957
internal_count=3242 1724 1518 297 257 40 221 207 34 1221 116 33 1105 917
is_linear=0
shrinkage=0.05


Tree=199
num_leaves=15
num_cat=0
split_feature=2 3 2 3 3 3 3 3 3 3 4 3 2 2
split_gain=0.61527 0.499157 0.888797 0.491788 1.4114 0.475898 0.457093 0.336752 0.479535 0.312061 0.282775 0.341819 0.437542 0.892615
threshold=6.8500000000000005 6.3500000000000005 6.5500000000000007 5.6500000000000012 6.0500000000000007 7.0500000000000007 4.3500000000000005 6.2500000000000009 6.1500000000000012 6.0500000000000007 7.035000000000001 2.4500000000000006 2.9500000000000006 3.3500000000000001
decision_type=2 2 2 2 2 2 2 2 2 2 8 2 2 2
left_child=1 2 7 6 -5 -6 -2 8 9 10 -1 -12 -13 -14
right_child=3 -3 -4 4 5 -7 -8 -9 -10 -11 11 12 13 -15
leaf_value=0.052205443378826578 0.0072128402890347847 -0.016145937124127121 0.047380222736031694 -0.066244744636772004 0.048172804474853836 0.00092895497244147951 0.0599875893606613 0.048007662001134606 -0.046814234874281026 0.034915175742871653 -0.05007310240317811 0.028088895609487043 -0.050800538776726113 -0.0013246823432111177
leaf_weight=0.24238918302580714 0.6933758519589891 5.6486441679298869 0.95255477420869183 0.56421565404161844 0.98569745849818025 1.1607557375391477 1.0049518503947181 0.34240576252341171 0.58322853967547317 0.59076375141739745 0.36593528384764695 1.2116019724217029 0.93124716307283861 43.27201485347905
leaf_count=7 21 38 24 9 31 44 27 3 7 6 1380 215 217 1261
internal_value=-0.000616636 -0.00207931 -0.000440749 0.0173445 0.00412658 0.0226243 0.0384413 -0.00139894 -0.00175738 -0.00119363 -0.00165713 -0.00194231 -0.00155449 -0.00236701
internal_weight=58.5498 54.1408 48.4921 4.409 2.71067 2.14645 1.69833 47.5396 47.1972 46.614 46.0232 45.7808 45.4149 44.2033
internal_count=3290 3158 3120 132 84 75 48 3096 3093 3086 3080 3073 1693 1478
is_linear=0
shrinkage=0.05


Tree=200
num_leaves=15
num_cat=0
split_feature=2 2 2 3 0 3 3 3 3 2 2 2 2 3
split_gain=0.38066 0.446801 0.375342 0.276814 0.888307 0.820684 0.338621 0.354212 0.778198 0.526089 1.05089 0.735963 0.459539 0.709893
threshold=7.4500000000000011 7.2500000000000009 7.1500000000000012 6.3500000000000005 10.500000000000002 5.9500000000000011 5.8500000000000005 5.6500000000000012 5.5500000000000007 5.7500000000000009 5.9500000000000011 5.5500000000000007 6.6500000000000012 5.2500000000000009
decision_type=2 2 2 2 2 2 2 2 2 2 2 2 2 2
left_child=1 2 3 5 -5 6 7 8 9 11 -11 -1 13 -12
right_child=-2 -3 -4 4 -6 -7 -8 -9 -10 10 12 -13 -14 -15
leaf_value=0.0015010321608752365 0.049150648588132145 -0.024534791858079653 0.040527041325944126 -0.033343243951924062 0.0054053547634693973 0.026829309705969279 -0.033017095995663805 0.013497218399842623 -0.036759210480718195 -0.071208916866911373 -0.00050032382540296278 0.045324223292897453 0.012614952896385159 -0.061395497578822116
leaf_weight=35.322459190905647 0.40268739880411786 1.7477837511105452 0.59811421297490497 2.3715175318066022 3.9304139334708452 3.1083011205773792 0.74978066980838676 4.9571029457729301 1.4396540233865369 0.70763817997430933 1.4141873967055292 0.98475971922925865 1.9152720573474651 0.72341361129656423
leaf_count=2885 63 26 12 25 22 31 6 38 13 30 50 39 27 7
internal_value=0.000699799 0.000374463 0.00112221 0.00071321 -0.00917636 0.00192756 0.000322179 0.000848828 -0.000626195 0.00064047 -0.0149881 0.00268965 -0.00517184 -0.0211087
internal_weight=60.3731 59.9704 58.2226 57.6245 6.30193 51.3226 48.2143 47.4645 42.5074 41.0677 4.76051 36.3072 4.05287 2.1376
internal_count=3274 3211 3185 3173 47 3126 3095 3089 3051 3038 114 2924 84 57
is_linear=0
shrinkage=0.05


Tree=201
num_leaves=15
num_cat=0
split_feature=2 3 0 0 2 2 0 3 3 2 3 3 3 2
split_gain=0.403467 2.4923 1.38328 0.898787 0.780627 0.705717 0.653614 0.684102 0.528108 0.603347 1.57633 1.75373 1.30808 1.14446
threshold=5.6500000000000012 5.5500000000000007 5.5000000000000009 10.500000000000002 4.2500000000000009 5.5500000000000007 14.500000000000002 4.1500000000000012 5.0500000000000007 4.8500000000000005 4.0500000000000007 4.8500000000000005 4.6500000000000012 4.7500000000000009
decision_type=2 2 2 2 2 2 2 2 2 2 2 2 2 2
left_child=1 3 -2 5 6 8 -5 -8 9 12 -11 -12 13 -1
right_child=2 -3 -4 4 -6 -7 7 -9 -10 10 11 -13 -14 -15
leaf_value=0.00042862043190231762 0.053387959978520666 -0.074024695161786072 0.00099733966414309672 -0.050927501822467025 -0.052016549019263308 0.055559752096810383 -0.051074397552321765 0.095147934578956775 -0.013709340008999505 -0.053216236122421823 0.061816162699685609 0.00062863446793195489 -0.038671821367892496 0.070861373919293799
leaf_weight=17.500186256671451 1.3391851703927411 1.2417627396062005 21.287448660214068 0.2416538762790873 1.5551806247312923 0.56458710710285132 0.11177491522357741 0.28128821728751063 6.3773012561723581 0.6949397337375548 2.0819492498412728 2.6765568032860756 2.1303622573614112 0.59640907637367391
leaf_count=2126 41 12 322 172 304 9 74 4 43 70 21 28 31 26
internal_value=-0.00113537 -0.0044198 0.00409814 -0.00193697 -0.0329453 0.000144584 0.013783 0.0535669 -0.000831365 0.00236667 0.0171265 0.0273995 -0.00161278 0.00274987
internal_weight=58.6806 36.054 22.6266 34.8122 2.1899 32.6223 0.634717 0.393063 32.0577 25.6804 5.45345 4.75851 20.227 18.0966
internal_count=3283 2920 363 2908 554 2354 250 78 2345 2302 119 49 2183 2152
is_linear=0
shrinkage=0.05


Tree=202
num_leaves=15
num_cat=0
split_feature=7 2 0 2 3 2 3 2 3 0 3 3 6 2
split_gain=0.478581 0.648962 0.453764 0.566617 0.474046 0.490363 1.44846 0.802513 3.62558 0.510565 0.679113 0.958491 0.838697 1.33059
threshold=1.0000000180025095e-35 6.1500000000000012 18.500000000000004 6.7500000000000009 7.0500000000000007 4.9500000000000011 4.8500000000000005 4.8500000000000005 4.7500000000000009 3.5000000000000004 3.9500000000000006 4.3500000000000005 1.0000000180025095e-35 5.9500000000000011
decision_type=2 2 2 2 2 2 2 2 2 2 2 2 2 2
left_child=2 -2 4 -4 5 6 7 -1 -9 -7 -11 -12 13 -13
right_child=1 -3 3 -5 -6 9 -8 8 -10 10 11 12 -14 -15
leaf_value=3.2006800809165363e-05 -0.054633084769457996 0.055119966914170072 -0.03785515245452778 0.0095696107431420697 -0.025824142012902562 0.034705658174321294 -0.056077085769237284 -0.053568518385716891 0.15313765578085847 -0.025863926319840171 0.050358975954688592 0.00099263217355585374 0.00013221923796968718 0.038069983361290652
leaf_weight=21.103869444948948 0.71915631589945306 0.16572481626644731 1.4716488447429577 1.1010377337806856 1.3081256844452571 1.7815885253949115 1.1308765551075328 0.42492463278176629 0.42361432313919067 1.4802101603309008 1.3271887144655945 5.1091727112652752 17.007007454405539 4.5968009553616866
leaf_count=2399 96 4 143 20 40 27 17 33 3 164 31 69 153 52
internal_value=0.0024169 -0.034078 0.00297115 -0.0175587 0.0039195 0.00463492 -0.00089381 0.00194895 0.049625 0.00871202 0.00714327 0.00888569 0.00682516 0.0185527
internal_weight=59.1509 0.884881 58.2661 2.57269 55.6934 54.3853 23.0833 21.9524 0.848539 31.302 29.5204 28.0402 26.713 9.70597
internal_count=3251 100 3151 163 2988 2948 2452 2435 36 496 469 305 274 121
is_linear=0
shrinkage=0.05


Tree=203
num_leaves=15
num_cat=0
split_feature=2 3 3 6 3 0 2 2 0 3 3 0 2 2
split_gain=1.06252 0.985474 1.12563 0.850878 0.697803 0.590288 0.513657 1.3275 0.624785 0.491858 0.44341 0.889028 0.638086 0.584662
threshold=4.4500000000000011 3.9500000000000006 2.8500000000000001 1.0000000180025095e-35 4.2500000000000009 9.5000000000000018 4.3500000000000005 4.2500000000000009 9.5000000000000018 3.2500000000000004 4.6500000000000012 10.500000000000002 6.3500000000000005 5.8500000000000005
decision_type=2 2 2 2 2 2 2 2 2 2 2 2 2 2
left_child=1 2 -1 -3 5 -5 7 8 -4 -2 11 13 -13 -11
right_child=9 3 6 4 -6 -7 -8 -9 -10 10 -12 12 -14 -15
leaf_value=-0.046503823613521789 -0.032746864222855464 -0.05622652937442172 0.010027217611124246 -0.057386403021564662 0.00057288027384043547 -0.0033411079276429961 -0.05561778443441269 0.077873660250905072 -0.050890812777065232 0.028629561018393604 0.0028079190339317293 -0.051476219039271957 0.0087792731050456794 -0.010588585671251965
leaf_weight=1.0255775854984657 0.85921630761367751 1.6304026335710657 4.5936694818374235 1.3198615622241052 3.0425902321003377 0.81856789835728694 0.28297005032072764 0.70083226499264117 0.46335546231421165 6.3505223563406599 33.909090144545189 0.75295096535410255 1.054963067785138 1.1175595645327119
leaf_count=1526 256 66 401 29 28 23 23 25 179 88 430 143 21 22
internal_value=0.000911217 -0.011153 0.0019283 -0.024724 -0.0148106 -0.0366984 0.0101508 0.013383 0.00444554 0.00471251 0.00545781 0.0151447 -0.0163156 0.0227608
internal_weight=57.9221 13.8778 7.0664 6.81142 5.18102 2.13843 6.04083 5.75786 5.05702 44.0443 43.1851 9.276 1.80791 7.46808
internal_count=3260 2300 2154 146 80 52 628 605 580 960 704 274 164 110
is_linear=0
shrinkage=0.05


Tree=204
num_leaves=15
num_cat=0
split_feature=0 3 3 2 2 3 3 3 3 3 0 4 2 3
split_gain=0.287345 0.263046 0.578917 0.268889 0.822545 0.533513 0.291679 0.669573 0.589074 0.574664 0.496145 0.355099 0.230903 1.36257
threshold=21.500000000000004 7.2500000000000009 6.8500000000000005 7.3500000000000005 7.1500000000000012 5.6500000000000012 6.3500000000000005 6.2500000000000009 6.1500000000000012 6.0500000000000007 13.500000000000002 7.035000000000001 6.1500000000000012 5.3500000000000005
decision_type=2 2 2 2 2 2 2 2 2 2 2 10 2 2
left_child=1 2 3 4 6 -5 7 8 9 11 -8 12 -1 -14
right_child=-2 -3 -4 5 -6 -7 10 -9 -10 -11 -12 -13 13 -15
leaf_value=0.0038232415349112518 -0.039813625680701688 -0.023294458668476944 0.055516001644810936 0.015098303075861866 0.057974666290040389 -0.051145557098410982 -0.016329160383666323 0.058675883834488067 -0.044913911784905385 0.050061394338992794 0.013326148114980715 -0.052171095627371211 -0.0021768794527653144 0.07209019014974917
leaf_weight=44.111816951623041 0.37527723268612945 0.86490508043789205 0.55047887424006958 0.58614928380120435 0.71002332936040957 0.63130110432393849 4.17496733367443 0.576565848197787 0.59632980264723201 0.69996918807737429 2.1299518756568432 0.27554493558272852 2.2881393775278407 0.84592084679752577
leaf_count=2880 55 39 17 23 13 15 30 6 8 6 13 110 50 12
internal_value=0.00379976 0.00407697 0.0044839 0.00399641 0.00449817 -0.019252 0.00381648 0.00510919 0.00447653 0.00508732 -0.00631089 0.00442487 0.00475495 0.0178687
internal_weight=59.4173 59.0421 58.1772 57.6267 56.4092 1.21745 55.6992 49.3943 48.8177 48.2214 6.30492 47.5214 47.2459 3.13406
internal_count=3277 3222 3183 3166 3128 38 3115 3072 3066 3058 43 3052 2942 62
is_linear=0
shrinkage=0.05


Tree=205
num_leaves=15
num_cat=0
split_feature=3 3 2 2 0 3 3 3 2 2 2 3 2 3
split_gain=0.441808 0.857021 0.436895 0.965277 0.908578 0.806093 1.62389 0.783245 1.82918 1.18724 0.651744 0.422702 0.414043 0.927295
threshold=3.6500000000000008 3.3500000000000001 5.1500000000000012 4.8500000000000005 8.5000000000000018 4.8500000000000005 4.6500000000000012 4.2500000000000009 5.6500000000000012 5.3500000000000005 6.4500000000000011 4.7500000000000009 2.9500000000000006 3.1500000000000008
decision_type=2 2 2 2 2 2 2 2 2 2 2 2 2 2
left_child=1 12 3 11 -5 6 -6 8 -4 -9 -10 -2 -1 -14
right_child=2 -3 7 4 5 -7 -8 9 10 -11 -12 -13 13 -15
leaf_value=0.017555083425269256 0.00080657821801643831 -0.044167487067050766 0.10371414899063443 0.039423104370886086 -0.05280626131912778 -0.052703112763015286 0.11571760164073563 -0.032623500686725919 -0.044174523107599437 -0.0033471639287598713 0.034582269774857399 -0.028637611059669402 -0.041312625681871495 0.010136781608630352
leaf_weight=1.4932338455437264 13.907987782073178 1.8702692440310782 0.53894084957574051 3.0806602085940531 0.29016930978832511 0.60127879900392145 0.28174200426292373 3.9874452613876228 0.59376743283792144 26.325843925631489 0.47111334372311831 1.3360109439236119 1.6417484099038122 1.8771343744738258
leaf_count=1041 370 223 25 28 26 27 8 46 22 325 11 27 883 179
internal_value=-0.00338666 -0.0152837 -0.00179413 0.00410288 0.025163 -0.0122823 0.030214 -0.00539657 0.0286557 -0.00719821 -0.00933177 -0.00177396 -0.00450568 -0.0138671
internal_weight=58.2973 6.88239 51.415 19.4978 4.25385 1.17319 0.571911 31.9171 1.60382 30.3133 1.06488 15.244 5.01212 3.51888
internal_count=3241 2326 915 486 89 61 34 429 58 371 33 397 2103 1062
is_linear=0
shrinkage=0.05


Tree=206
num_leaves=15
num_cat=0
split_feature=2 0 0 3 2 5 6 0 3 0 2 2 0 0
split_gain=0.563331 0.737085 0.565081 0.522408 0.383464 0.229963 0.196717 1.38846 0.885695 0.189989 0.214078 0.230726 0.796915 0.902763
threshold=2.9500000000000006 5.5000000000000009 7.5000000000000009 3.0500000000000003 6.6500000000000012 3.7999999999999976 1.0000000180025095e-35 6.5000000000000009 2.8500000000000001 1.5000000000000002 3.1500000000000008 4.1500000000000012 5.5000000000000009 4.5000000000000009
decision_type=2 2 2 2 2 10 2 2 2 2 2 2 2 2
left_child=1 5 6 4 -2 -1 7 -3 -8 -5 -11 12 13 -12
right_child=3 2 -4 9 -6 -7 8 -9 -10 10 11 -13 -14 -15
leaf_value=-0.050184017068894464 -0.050835586260933832 0.17486546126897695 -0.050498703399960411 0.029283739266176223 0.02233313952521334 0.051109704228163938 -0.050424126317173613 -0.052007556604400977 0.098389747304589853 0.032402823547051311 -0.025199168909740874 0.001369339406795571 -0.050468835269314442 0.037810270817960366
leaf_weight=0.26238288635067764 0.8086294095210167 0.21545744137256406 0.10468311549084319 0.59403452253900368 0.22999752510804683 0.07124607334844768 0.14425171067705378 0.098163922732055653 0.32582626491785049 0.53245877436711353 1.2393803626764561 50.852151508235693 0.96515836109028885 1.050118223996833
leaf_count=696 815 36 198 13 10 3 84 34 5 36 90 892 301 41
internal_value=0.00122827 0.0348136 0.0586106 0.000498925 -0.0346328 -0.0285529 0.0731849 0.103854 0.0527236 0.00115956 0.000853791 0.00054332 -0.0123628 0.0037012
internal_weight=57.4939 1.22201 0.888382 56.2719 1.03863 0.333629 0.783699 0.313621 0.470078 55.2333 54.6393 54.1068 3.25466 2.2895
internal_count=3254 1056 357 2198 825 699 159 70 89 1373 1360 1324 432 131
is_linear=0
shrinkage=0.05


Tree=207
num_leaves=15
num_cat=0
split_feature=0 2 0 6 2 0 0 2 2 2 2 0 0 2
split_gain=0.305852 0.244017 0.643893 0.39062 1.42317 0.67669 1.69513 0.703603 0.510576 0.544018 0.661283 0.553154 0.305304 0.283962
threshold=21.500000000000004 6.0500000000000007 17.500000000000004 1.0000000180025095e-35 6.4500000000000011 11.500000000000002 9.5000000000000018 6.8500000000000005 6.3500000000000005 6.8500000000000005 7.3500000000000005 14.500000000000002 13.500000000000002 5.1500000000000012
decision_type=2 2 2 2 2 2 2 2 2 2 2 2 2 2
left_child=1 2 13 4 -3 6 -6 -7 -5 12 -11 -12 -10 -1
right_child=-2 3 -4 8 5 7 -8 -9 9 10 11 -13 -14 -15
leaf_value=0.0063164075073812026 -0.042452629904728381 -0.059355473891566979 -0.054153712565176162 0.041852293116793289 -0.011178135050700746 0.020250107113018837 0.068466895977911266 -0.036733760722204571 -0.0098571995162748186 0.059909052096286587 -0.036677702854041393 0.054363968769435202 0.017291325004916629 -0.0018694629377795783
leaf_weight=25.663060578126533 0.35523678151002869 0.85625038437865253 0.4995247183360324 1.6643792892573399 1.3789711897261443 1.0157890001137277 1.2959071822697295 1.1606818105792625 2.5771850638557225 1.0252986319828776 0.44794535302207794 0.26586746529210359 1.7312145901378242 18.042623499211913
leaf_count=2635 54 16 115 19 40 14 14 16 28 19 34 14 13 247
internal_value=0.00379954 0.00408467 0.00229197 0.00999001 7.40936e-05 0.0105633 0.0274078 -0.0101386 0.0173288 0.0105795 0.0341834 -0.00276823 0.00105171 0.00293711
internal_weight=57.9799 57.6247 44.2052 13.4195 5.7076 4.85135 2.67488 2.17647 7.71189 6.04751 1.73911 0.713813 4.3084 43.7057
internal_count=3278 3224 2997 227 100 84 54 30 127 108 67 48 41 2882
is_linear=0
shrinkage=0.05


Tree=208
num_leaves=15
num_cat=0
split_feature=3 0 7 2 2 3 0 0 2 2 0 2 2 2
split_gain=0.864668 0.600078 0.454092 0.387729 0.443886 1.24065 0.370667 1.28196 0.767824 1.35461 0.715142 1.14563 2.0307 0.86093
threshold=2.8500000000000001 18.500000000000004 1.0000000180025095e-35 7.1500000000000012 6.4500000000000011 6.3500000000000005 6.5000000000000009 7.5000000000000009 4.4500000000000011 3.0500000000000003 5.5000000000000009 5.9500000000000011 5.4500000000000011 5.8500000000000005
decision_type=2 2 2 2 2 2 2 2 2 2 2 2 2 2
left_child=-1 2 6 4 5 -3 10 8 9 -8 13 12 -12 -2
right_child=1 3 -4 -5 -6 -7 7 -9 -10 -11 11 -13 -14 -15
leaf_value=-0.04034167195793871 -0.0018734798561156488 -0.054192137457221561 -0.034744298046980558 0.029956307239282245 -0.063977857600339139 0.083585788919314508 0.062303146681494725 0.0014372627582259108 0.042303223957528502 -0.053628846102469575 -0.035446947826478302 -0.089273599720638711 0.059894759855172869 0.052923605754112035
leaf_weight=1.3255301318431509 13.054028063081205 0.51025072206357325 0.85366330911347077 0.24753102893009771 0.77749087742995471 0.24035915732383728 0.42228545434772857 32.298018166911788 3.2824612128315493 0.62474183621816337 2.2383756313938648 0.56558944267453615 0.74417491629719723 0.75843697338132265
leaf_count=1707 272 109 48 7 13 1 5 858 42 47 101 12 6 32
internal_value=-0.00042314 0.000511435 0.00143767 -0.0280959 -0.0374996 -0.0100731 0.00200978 0.00486206 0.030411 -0.00687133 -0.00400797 -0.0240305 -0.0116583 0.00113541
internal_weight=57.9429 56.6174 54.8418 1.77563 1.5281 0.75061 53.9881 36.6275 4.32949 1.04703 17.3606 3.54814 2.98255 13.8125
internal_count=3260 1553 1423 130 123 110 1375 952 94 52 423 119 107 304
is_linear=0
shrinkage=0.05


Tree=209
num_leaves=15
num_cat=0
split_feature=3 2 3 2 0 3 0 0 2 3 0 3 3 3
split_gain=0.355134 0.691675 0.846391 0.508934 1.03424 0.464274 0.306644 0.452877 0.714849 0.665944 0.352133 0.640978 0.99879 0.640029
threshold=6.6500000000000012 6.8500000000000005 7.0500000000000007 6.5500000000000007 12.500000000000002 5.6500000000000012 17.500000000000004 19.500000000000004 6.4500000000000011 6.0500000000000007 14.500000000000002 5.5500000000000007 4.2500000000000009 3.9500000000000006
decision_type=2 2 2 2 2 2 2 2 2 2 2 2 2 2
left_child=3 -2 -3 6 -5 -6 10 -8 9 -9 -1 12 13 -12
right_child=1 2 -4 4 5 -7 7 8 -10 -11 11 -13 -14 -15
leaf_value=0.00078103928281744999 -0.048119105298464998 0.05523931522918743 -0.017696914175743893 0.041618506005268695 0.02005763806327656 -0.019669270304338491 -0.058060343427912921 -0.052040776346830242 -0.076880096804452874 0.042006302531002113 -0.05110112557954162 0.041634016126119472 -0.054698376455435509 0.058113942187554793
leaf_weight=43.901688383823057 1.0311398487538093 0.5480101805878802 1.4507953783904666 2.4156169231282538 1.3029054634971544 1.6885590343736112 0.52936606315233703 0.2563005298052301 0.25651753880083561 0.70871666446328163 0.17549730858263435 1.4833710868842898 0.59029526065569371 0.56930416834075004
leaf_count=2783 7 16 47 60 27 17 72 98 2 6 78 11 30 15
internal_value=0.0017974 -0.0148585 0.00229993 0.00273408 0.0172838 -0.00236657 0.00111101 -0.0194322 -0.00269219 0.0170282 0.0018809 0.0190128 -0.00612075 0.0323796
internal_weight=56.9081 3.02995 1.99881 53.8781 5.40708 2.99146 48.4711 1.7509 1.22153 0.965017 46.7202 2.81847 1.3351 0.744801
internal_count=3269 70 63 3199 104 44 3095 178 106 104 2917 134 123 93
is_linear=0
shrinkage=0.05


Tree=210
num_leaves=15
num_cat=0
split_feature=2 0 0 0 3 2 2 3 0 2 0 0 0 2
split_gain=0.431124 0.236294 0.63832 0.574451 0.292423 0.407477 1.10176 1.29039 1.09217 0.852252 1.13132 0.781091 0.927897 0.635586
threshold=7.4500000000000011 19.500000000000004 21.500000000000004 18.500000000000004 4.3500000000000005 4.8500000000000005 5.1500000000000012 4.8500000000000005 4.5000000000000009 4.6500000000000012 6.5000000000000009 5.5000000000000009 7.5000000000000009 4.4500000000000011
decision_type=2 2 2 2 2 2 2 2 2 2 2 2 2 2
left_child=1 3 -3 4 -1 9 7 -7 -8 10 -6 -9 -13 -12
right_child=-2 2 -4 -5 5 6 8 11 -10 -11 13 12 -14 -15
leaf_value=0.0061463081394214115 0.049676783710731393 0.032673074747401207 -0.052259174147983083 -0.060169146798984274 -0.031720091782714947 0.071216543582208747 -0.040755159911589248 0.042903450814267025 1.8963087298687567e-05 -0.03817719415819408 -0.013711209811840453 0.019761032429339881 -0.053163410630261546 0.031695959001860605
leaf_weight=17.509285663039918 0.45790892202057776 1.4187103619369725 0.2620938031177501 0.38873124571637063 1.9436997808516014 1.1141828179825126 1.7658725683577383 0.99569144845008883 23.474457291944418 2.2090774862153921 1.1751784472726288 0.98722770996391751 0.78152615512954071 2.238908962754067
leaf_count=2626 65 58 54 45 18 14 21 10 229 48 20 6 29 32
internal_value=0.00135742 0.000964172 0.0194293 0.000395575 0.000829994 -0.00170736 0.000978868 0.0257892 -0.00283369 -0.0120445 -0.00126976 0.00748021 -0.0124607 0.0160662
internal_weight=56.7226 56.2646 1.6808 54.5838 54.1951 36.6858 29.119 3.87863 25.2403 7.56686 5.35779 2.76445 1.76875 3.41409
internal_count=3275 3210 112 3098 3053 427 309 59 250 118 70 45 35 52
is_linear=0
shrinkage=0.05


Tree=211
num_leaves=15
num_cat=0
split_feature=3 0 3 0 0 3 3 0 0 3 3 4 6 3
split_gain=0.436945 0.36105 0.640682 0.795499 0.635169 0.907432 0.339982 0.474574 0.90589 0.343506 0.409124 0.243593 0.230204 2.09729
threshold=7.0500000000000007 18.500000000000004 6.4500000000000011 19.500000000000004 21.500000000000004 6.0500000000000007 6.2500000000000009 10.500000000000002 9.5000000000000018 6.1500000000000012 6.0500000000000007 7.035000000000001 1.0000000180025095e-35 5.9500000000000011
decision_type=2 2 2 2 2 2 2 2 2 2 2 8 2 2
left_child=1 6 3 -3 5 -5 9 8 -8 10 11 -1 -13 -14
right_child=-2 2 -4 4 -6 -7 7 -9 -10 -11 -12 12 13 -15
leaf_value=0.052104137349393446 -0.028243587704047193 -0.061915663804409195 -0.066345682423463989 -0.010109508981493355 -0.052161811438680462 0.084504278500004026 0.024999266888238725 0.025389643157690951 -0.034421430846186409 -0.035431383244344895 0.059461232840489313 0.005375820872840633 1.7819278122016899e-05 -0.092146683865641621
leaf_weight=0.23169512068852782 1.2684750749613147 0.43423506995804872 0.52871234342455853 0.53873506930904091 0.26771215813641891 0.47851935029029846 1.3662820348981759 3.4956914114300162 1.2089904954191297 0.6440613130107512 0.30075773142743756 16.976824386243607 29.793400806933281 0.63032383425161143
leaf_count=7 48 43 4 56 52 2 25 26 8 11 5 1468 1497 4
internal_value=0.000780205 0.00142728 -0.0182113 -0.00340839 0.0163633 0.0343971 0.0022351 0.0133908 -0.00289644 0.000840906 0.00132829 0.000961225 0.000711237 -0.00189166
internal_weight=58.1644 56.8959 2.24791 1.7192 1.28497 1.01725 54.648 6.07096 2.57527 48.5771 47.933 47.6322 47.4005 30.4237
internal_count=3256 3208 157 153 110 58 3051 59 33 2992 2981 2976 2969 1501
is_linear=0
shrinkage=0.05


Tree=212
num_leaves=15
num_cat=0
split_feature=0 3 0 0 3 3 6 3 6 3 3 3 3 3
split_gain=0.186119 0.536013 0.170989 0.157396 0.624 0.553432 1.01091 0.581943 0.446078 0.725708 0.702526 1.50152 0.564259 1.08726
threshold=1.5000000000000002 3.6500000000000008 21.500000000000004 9.5000000000000018 4.4500000000000011 4.1500000000000012 1.0000000180025095e-35 4.0500000000000007 1.0000000180025095e-35 5.3500000000000005 4.4500000000000011 3.4500000000000006 6.5500000000000007 6.3500000000000005
decision_type=2 2 2 2 2 2 2 2 2 2 2 2 2 2
left_child=1 -1 3 8 5 7 -7 -5 9 10 11 -2 13 -10
right_child=2 -3 -4 4 -6 6 -8 -9 12 -11 -12 -13 -14 -15
leaf_value=-0.037929949656290457 0.005863157953793263 0.056235511191410716 -0.04011585903296716 -0.011129476068198804 0.0050542305567957517 0.015094968310236614 -0.055826862848711911 0.045789860604107335 0.00013129660746864346 -0.03616143738865947 0.0065213474849311354 -0.051987053316656401 0.055684629891736392 -0.089330683462005844
leaf_weight=0.2299145826655139 2.4715965113464318 0.44098319206386805 0.30089810204299183 2.2630820368058298 18.578427952626953 0.7426271717704368 1.5535855407943018 0.56021820406022005 20.569943919177611 2.5006244118558234 5.2250976032810286 2.0536492167157121 0.44290062921936524 0.34532259404659171
leaf_count=99 799 9 55 681 284 26 31 25 1037 39 53 126 20 4
internal_value=-0.00221791 0.0239653 -0.00252283 -0.00232545 0.00079514 -0.0146609 -0.0328898 0.000164841 -0.00452578 -0.0121316 -0.00596873 -0.0203905 -0.00016314 -0.00134577
internal_weight=58.2789 0.670898 57.608 57.3071 23.6979 5.11951 2.29621 2.8233 33.6091 12.251 9.75034 4.52525 21.3582 20.9153
internal_count=3288 108 3180 3125 1047 763 57 706 2078 1017 978 925 1061 1041
is_linear=0
shrinkage=0.05


Tree=213
num_leaves=15
num_cat=0
split_feature=2 2 2 0 0 2 7 2 6 2 2 0 0 0
split_gain=0.763771 0.982932 0.445012 0.585067 1.1075 1.01392 0.52667 0.730511 0.602718 1.08767 0.733391 0.643673 0.592676 0.463178
threshold=3.3500000000000001 4.6500000000000012 4.5500000000000007 8.5000000000000018 7.5000000000000009 4.1500000000000012 1.0000000180025095e-35 4.3500000000000005 1.0000000180025095e-35 3.4500000000000006 3.8500000000000001 4.5000000000000009 2.5000000000000004 8.5000000000000018
decision_type=2 2 2 2 2 2 2 2 2 2 2 2 2 2
left_child=-1 2 3 4 6 -5 7 8 9 -2 12 -12 -10 -4
right_child=1 -3 13 5 -6 -7 -8 -9 10 -11 11 -13 -14 -15
leaf_value=-0.028349850433027225 0.062428550649903602 -0.0042521496801333544 0.056405390145028211 -0.050387415859592811 -0.053917631778924502 0.03071138247528012 0.073805950277020638 -0.020211596242208928 0.038516593834529544 -0.027716295714341473 0.015924980356217665 0.066672955643153162 -0.051016255628668974 0.0058333312334695638
leaf_weight=2.496070998265167 0.42773386700718585 38.588776454979779 1.0201300792978152 0.42779665326725158 0.85405864398489928 3.8890539200292551 0.27671590883255692 2.2580184671533061 0.30560557590797577 1.5371649422377229 1.3134817925965765 1.1917841577887882 0.4677417324273847 0.81405706617624662
leaf_count=1394 29 855 18 254 98 180 13 51 8 159 25 45 107 41
internal_value=-0.00131661 -5.23328e-05 0.0109104 0.00764549 0.000129744 0.0226746 0.0060642 0.00356534 0.0138044 -0.00809289 0.0269277 0.0400664 -0.0156353 0.0339603
internal_weight=55.8682 53.3721 14.7833 12.9492 8.63231 4.31685 7.77825 7.50153 5.24351 1.9649 3.27861 2.50527 0.773347 1.83419
internal_count=3277 1883 1028 969 535 434 437 424 373 188 185 70 115 59
is_linear=0
shrinkage=0.05


Tree=214
num_leaves=15
num_cat=0
split_feature=3 3 3 0 3 3 0 3 0 3 3 0 3 3
split_gain=0.500862 0.841912 0.786324 0.821276 0.57869 0.917759 0.462595 0.573264 1.09662 0.403361 0.384736 0.35242 0.876909 0.913492
threshold=5.4500000000000011 5.6500000000000012 5.3500000000000005 10.500000000000002 5.2500000000000009 5.1500000000000012 7.5000000000000009 6.3500000000000005 6.5000000000000009 5.2500000000000009 5.8500000000000005 4.5000000000000009 4.8500000000000005 4.0500000000000007
decision_type=2 2 2 2 2 2 2 2 2 2 2 2 2 2
left_child=2 -2 3 9 5 -5 7 -3 -9 11 -8 -1 13 -13
right_child=1 6 -4 4 -6 -7 10 8 -10 -11 -12 12 -14 -15
leaf_value=0.014357274110339364 -0.028400779867728695 0.055574570870018561 0.048490074699777723 -0.021096702265813762 -0.059805669260645122 0.035565159067933637 0.0095704899246075725 -0.057557183152151054 0.054469315409349794 0.03090654886764635 -0.0077702022132421326 -0.0082281655818998711 -0.018447808374727814 0.015287302898901279
leaf_weight=8.7200433922189422 3.056110724341127 0.8018868487561146 1.0352538363076735 3.1678094928793135 0.6296370762574951 0.92282293131574977 4.5486124603776252 0.44823559807264246 0.42612680292222649 1.6909737167879928 10.777880047797224 6.301140966377722 4.0815459633013225 11.985170889645813
leaf_count=897 33 14 18 616 15 13 36 18 12 13 116 1274 41 170
internal_value=0.00216811 -0.00423921 0.00550341 0.00431666 -0.0151826 -0.00831412 0.000103649 0.0250417 -0.00296026 0.00712461 -0.00262381 0.00583103 0.0025071 0.00718429
internal_weight=58.5933 20.0589 38.5344 37.4991 4.72027 4.09063 17.0027 1.67625 0.874362 32.7789 15.3265 31.0879 22.3679 18.2863
internal_count=3286 229 3057 3039 644 629 196 44 30 2395 152 2382 1485 1444
is_linear=0
shrinkage=0.05


Tree=215
num_leaves=15
num_cat=0
split_feature=0 2 2 6 0 2 0 0 2 2 2 2 2 2
split_gain=0.323134 0.458168 0.335972 0.240371 0.386455 1.03079 0.797068 0.645708 1.42873 1.56517 1.26196 0.79332 0.783428 0.724114
threshold=18.500000000000004 6.7500000000000009 7.4500000000000011 1.0000000180025095e-35 3.5000000000000004 4.7500000000000009 5.5000000000000009 9.5000000000000018 4.5500000000000007 4.4500000000000011 5.6500000000000012 6.0500000000000007 2.5500000000000003 6.6500000000000012
decision_type=2 2 2 2 2 2 2 2 2 2 2 2 2 2
left_child=2 -2 3 4 5 -1 -6 12 9 -9 -10 -12 -8 -13
right_child=1 -3 -4 -5 6 -7 7 8 10 -11 11 13 -14 -15
leaf_value=-0.054829503905228505 -0.037920545022503395 0.0084148587896098644 0.050848500705424959 0.0012216893259682996 0.018677064973660035 0.0133032479341939 0.040213754841610543 0.023385758484745563 -0.052656004287418949 0.17947696230095711 0.030615315846967001 -0.034595311186483423 -0.025507163713273169 0.0084237376636092584
leaf_weight=1.2742245969238895 1.4006443773096173 0.8617442461545578 0.31079509487608348 34.78011441401577 3.3737405358006098 0.98370259697549034 0.49205053139666954 0.65503378454923211 1.2169352450800941 0.21276476600178285 1.8290052016236584 1.6473602621263124 5.7806635351626028 2.4081357216928154
leaf_count=299 155 17 58 1530 300 14 68 220 139 16 30 17 390 22
internal_value=-0.00175232 -0.0202714 -0.000990061 -0.00128485 -0.00567145 -0.0251464 -0.00317521 -0.00835174 0.00109371 0.0616558 -0.00630701 0.00327813 -0.0203518 -0.00905079
internal_weight=57.2269 2.26239 54.9645 54.6537 19.8736 2.25793 17.6157 14.2419 7.96923 0.867799 7.10144 5.8845 6.27271 4.0555
internal_count=3275 172 3103 3045 1515 313 1202 902 444 236 208 69 458 39
is_linear=0
shrinkage=0.05


Tree=216
num_leaves=15
num_cat=0
split_feature=0 2 3 3 3 0 3 6 0 2 3 6 2 0
split_gain=0.506017 0.819131 3.17801 0.738762 0.708012 0.871561 1.09542 1.91481 0.833057 0.7611 0.685868 0.768106 0.703954 1.22895
threshold=6.5000000000000009 6.4500000000000011 6.1500000000000012 5.7500000000000009 4.4500000000000011 8.5000000000000018 5.4500000000000011 1.0000000180025095e-35 9.5000000000000018 4.6500000000000012 6.2500000000000009 1.0000000180025095e-35 6.1500000000000012 14.500000000000002
decision_type=2 2 2 2 2 2 2 2 2 2 2 2 2 2
left_child=1 2 3 -1 -2 6 -6 -8 -7 -10 12 -12 -11 -14
right_child=4 -3 -4 -5 5 8 7 -9 9 10 11 -13 13 -15
leaf_value=-0.0066105537615376575 -0.0065097156850741555 0.053116936162147535 -0.21258267018233382 0.054597682893971211 0.039601513460431843 -0.022239930652848936 -0.04812405639890379 0.036516937695486383 0.051730496664560394 0.0054094906799331023 0.0032116831688281606 0.039963796133594742 -0.054255712396497173 0.0097447134617391282
leaf_weight=17.827468503011925 10.226350929639009 0.58441862475592543 0.18610413372516532 0.50699475780129333 4.3516849002335247 2.6848552349256378 1.1975543019361794 1.5116462499136105 0.92615556652890774 9.0804919784131943 3.2214035668876013 2.5446682871552184 1.5129018451552831 1.4876367984106762
leaf_count=1472 1375 34 3 7 41 29 14 25 27 183 29 34 17 20
internal_value=0.00149381 -0.0051656 -0.00700471 -0.00491799 0.00477751 0.00882489 0.0240625 -0.00089712 0.00381087 0.00753652 0.00524313 0.019431 -0.00152852 -0.0225249
internal_weight=57.8503 19.105 18.5206 18.3345 38.7453 28.519 7.06089 2.7092 21.4581 18.7733 17.8471 5.76607 12.081 3.00054
internal_count=3310 1516 1482 1479 1794 419 80 39 339 310 283 63 220 37
is_linear=0
shrinkage=0.05


Tree=217
num_leaves=15
num_cat=0
split_feature=7 3 0 0 0 2 6 2 3 3 0 2 2 3
split_gain=0.349569 0.651029 0.281833 0.610064 0.359502 0.327999 0.495673 0.32025 0.466283 0.730727 0.219584 0.762582 0.725003 1.00082
threshold=1.0000000180025095e-35 6.1500000000000012 19.500000000000004 18.500000000000004 21.500000000000004 6.3500000000000005 1.0000000180025095e-35 7.4500000000000011 7.0500000000000007 6.7500000000000009 2.5000000000000004 5.7500000000000009 4.7500000000000009 4.4500000000000011
decision_type=2 2 2 2 2 2 2 2 2 2 2 2 2 2
left_child=2 -2 3 7 5 6 -4 8 9 10 11 12 13 -1
right_child=1 -3 4 -5 -6 -7 -8 -9 -10 -11 -12 -13 -14 -15
leaf_value=0.00019904854320672023 -0.054489553827020747 0.05511584754385479 -0.056689626774603902 -0.052609026440756615 -0.03826375023311851 0.050966494565920201 0.03658588870455301 0.050832940029357732 -0.03114718367152813 0.060516457291827065 0.00082118396907323579 -0.082818776040811004 0.03069116214075503 -0.077055011674331597
leaf_weight=1.5223797948274298 0.66975429093508765 0.16983526642434299 0.22483991892295196 0.5545091083376964 0.2238942409876471 0.8021992159774527 0.38858978130701871 0.3093688762455703 1.1887156141456205 0.50268262508325179 47.383475764085233 0.34457655041478563 0.99751771462615568 0.57854916155338276
leaf_count=289 97 4 24 46 52 8 28 57 16 11 2622 5 9 3
internal_value=-0.00029868 -0.0323182 0.000189917 -0.00043722 0.0206091 0.0299203 0.00239769 0.000110409 -0.000188384 0.000528581 -6.47096e-05 -0.0122565 -0.00440934 -0.021075
internal_weight=55.8609 0.83959 55.0213 53.3818 1.63952 1.41563 0.61343 52.8273 52.5179 51.3292 50.8265 3.44302 3.09845 2.10093
internal_count=3271 101 3170 3058 112 60 52 3012 2955 2939 2928 306 301 292
is_linear=0
shrinkage=0.05


Tree=218
num_leaves=15
num_cat=0
split_feature=2 0 2 2 3 3 3 2 3 7 3 3 2 3
split_gain=0.736691 0.562546 0.828773 0.690903 0.626133 0.778801 1.25282 0.546157 1.27234 0.519328 0.365208 0.412616 0.683308 0.335973
threshold=2.8500000000000001 7.5000000000000009 4.1500000000000012 6.4500000000000011 6.3500000000000005 5.6500000000000012 5.5500000000000007 4.7500000000000009 4.5500000000000007 1.0000000180025095e-35 4.3500000000000005 4.2500000000000009 4.5500000000000007 4.7500000000000009
decision_type=2 2 2 2 2 2 2 2 2 2 2 2 2 2
left_child=-1 3 -3 4 5 6 7 8 9 10 11 12 -2 -9
right_child=1 2 -4 -5 -6 -7 -8 13 -10 -11 -12 -13 -14 -15
leaf_value=-0.046717351286238447 0.005011220336555381 -0.050732524550652837 -0.0024403451607001017 0.053025500417866182 -0.053217077716012466 0.054997006122828956 -0.073983620839748326 0.030318751919262074 -0.057570731793121846 0.070582775511401449 -0.018659757703786316 0.030215641537883399 -0.061842411488925754 0.009180176788143566
leaf_weight=0.84143844452410022 6.1251789644593497 0.91351617115378658 32.348974985477071 0.76684008873416942 0.45616669952869315 0.78121696412563224 0.50076200067996879 2.5224592359154467 0.93015778437256891 0.28084675341233456 1.8095678221434353 1.4630639888346193 0.40765181428287167 7.3770624012686312
leaf_count=978 669 438 900 46 5 12 5 71 11 20 18 11 14 56
internal_value=-0.000276322 0.000413073 -0.00376663 0.0063491 0.00476911 0.00596072 0.00417202 0.0060432 -0.00161587 0.00354428 0.00162417 0.00621467 0.000839521 0.0145664
internal_weight=57.5249 56.6835 33.2625 23.421 22.6541 22.198 21.4168 20.916 11.0165 10.0863 9.80546 7.99589 6.53283 9.89952
internal_count=3254 2276 1338 938 892 887 875 870 743 732 712 694 683 127
is_linear=0
shrinkage=0.05


Tree=219
num_leaves=15
num_cat=0
split_feature=7 3 3 3 0 0 3 0 2 2 4 0 3 2
split_gain=0.332004 0.610196 0.429474 0.409497 0.910158 0.495957 0.323332 1.07659 0.305472 0.665358 0.302387 0.332198 0.308657 0.485243
threshold=1.0000000180025095e-35 6.1500000000000012 5.8500000000000005 6.2500000000000009 10.500000000000002 13.500000000000002 6.5500000000000007 10.500000000000002 6.7500000000000009 7.2500000000000009 7.035000000000001 1.5000000000000002 4.5500000000000007 5.1500000000000012
decision_type=2 2 2 2 2 2 2 2 2 2 10 2 2 2
left_child=2 -2 10 4 -4 6 -5 8 -8 -10 11 -1 -13 -14
right_child=1 -3 3 5 -6 -7 7 -9 9 -11 -12 12 13 -15
leaf_value=0.043920816551043518 -0.054131541043918409 0.054834524686725873 0.0078737083043317665 0.0071012214239174407 -0.048166492926582143 0.015824394395888102 -0.015281297748255169 -0.055203349376196392 0.055663323482208177 -0.020993496319418464 -0.052129430431202321 -0.0029500914279697154 0.015879422919643154 0.0005274791900063947
leaf_weight=0.46661924153158807 0.65313293268809403 0.15993886487558484 1.2294755117036396 1.6549875112250427 1.7641431079246102 2.3514675457845442 1.5082576628774407 1.3662820879835633 0.59284587879665174 0.54173667589202523 0.25995741669976169 20.705178039668681 7.5417635756093686 16.211510594010178
leaf_count=63 89 4 18 17 19 29 10 14 14 21 102 2566 126 183
internal_value=-0.000975101 -0.0326969 -0.00051612 -0.0093716 -0.0251509 -0.00347844 -0.011492 -0.0191675 -0.000537796 0.0190615 0.00164149 0.00195263 0.00151215 0.00540179
internal_weight=57.0073 0.813072 56.1942 11.0092 2.99362 8.01558 5.66411 4.00912 2.64284 1.13458 45.185 44.9251 44.4585 23.7533
internal_count=3275 93 3182 142 37 105 76 59 45 35 3040 2938 2875 309
is_linear=0
shrinkage=0.05


Tree=220
num_leaves=15
num_cat=0
split_feature=0 7 3 3 7 3 3 3 6 3 2 2 0 2
split_gain=0.239983 1.03466 0.56364 1.00819 0.287113 0.563211 0.251872 0.566214 0.263102 0.626999 0.616539 2.81577 1.44298 1.90419
threshold=2.5000000000000004 1.0000000180025095e-35 3.9500000000000006 3.6500000000000008 1.0000000180025095e-35 6.1500000000000012 7.2500000000000009 6.8500000000000005 1.0000000180025095e-35 6.6500000000000012 4.7500000000000009 4.4500000000000011 6.5000000000000009 4.5500000000000007
decision_type=2 2 2 2 2 2 2 2 2 2 2 2 2 2
left_child=1 2 3 -1 6 -6 7 8 10 -10 11 -2 -13 -14
right_child=4 -3 -4 -5 5 -7 -8 -9 9 -11 -12 12 13 -15
leaf_value=-0.039472524835603456 -0.0013321921041375673 0.087025449704072139 -0.033599193689377714 0.062172373249213632 -0.054155668566378358 0.054582953445306795 -0.025853159294663766 0.054682633299588473 0.00049358069979400744 -0.049133667394947671 0.0011709848746278575 0.02306808792513998 0.20641895473904867 0.055011993300674633
leaf_weight=0.48088318004738528 3.7950915282663145 0.24562101949413762 2.1879636959638447 0.49514429271221161 0.53935678938250831 0.15282201557420194 0.78482408114359614 0.51833617454394598 32.981078846686614 0.64897674904204805 13.107554313773106 0.63138352746318538 0.37751280156589928 0.46155872611052473
leaf_count=278 964 7 24 5 90 4 34 18 1403 7 346 19 26 42
internal_value=0.001035 -0.0118301 -0.0195042 0.0120925 0.00184733 -0.0301479 0.00226279 0.00268292 0.00216462 -0.000464102 0.00697622 0.0214272 0.0801669 0.123133
internal_weight=57.4081 3.40961 3.16399 0.976027 53.9985 0.692179 53.3063 52.5215 52.0032 33.6301 18.3731 5.26555 1.47046 0.839072
internal_count=3267 314 307 283 2953 94 2859 2825 2807 1410 1397 1051 87 68
is_linear=0
shrinkage=0.05


Tree=221
num_leaves=15
num_cat=0
split_feature=7 3 3 0 3 4 3 0 1 3 3 0 0 3
split_gain=0.212154 0.534135 0.306065 0.178884 0.14396 0.276828 0.266899 0.305781 0.248101 0.175438 0.262413 0.250317 0.304834 0.773311
threshold=1.0000000180025095e-35 6.1500000000000012 7.0500000000000007 21.500000000000004 6.0500000000000007 7.035000000000001 6.3500000000000005 10.500000000000002 1.0000000180025095e-35 2.4500000000000006 3.3500000000000001 1.5000000000000002 3.5000000000000004 2.9500000000000006
decision_type=2 2 2 2 2 8 2 2 2 2 2 2 2 2
left_child=2 -2 3 4 5 -1 -6 -8 9 -7 11 -11 13 -13
right_child=1 -3 -4 -5 6 8 7 -9 -10 10 -12 12 -14 -15
leaf_value=0.052156489528104782 -0.053907176999611943 0.054345239516272618 -0.026217190212798905 -0.042553603344404334 0.022062927699629961 -0.035707141396183861 -0.014614805087766186 0.0085660100945778115 -0.052022798502702319 -0.052769915900619295 -0.0030458097075978579 -0.052418548214381168 0.00576565457912685 0.068166525245954623
leaf_weight=0.23435324057936668 0.51923732681643642 0.14598858705721796 1.2501316343259521 0.26030896445717999 1.8139753425493825 0.38416643079290125 2.2182466116501018 3.9664550174493343 0.24975493794045078 0.1569930175319304 41.900631867558332 0.17246865466586303 3.8696870789608511 0.58033346710726619
leaf_count=7 93 4 44 51 23 1232 28 28 104 7 936 44 628 30
internal_value=-0.00207705 -0.0301504 -0.00174975 -0.00120166 -0.00100787 -0.00205187 0.00519824 0.000251823 -0.00232037 -0.00205662 -0.00177968 0.00932016 0.0114289 0.0405402
internal_weight=57.7227 0.665226 57.0575 55.8074 55.5471 47.5484 7.99868 6.1847 47.314 47.0643 46.6801 4.77948 4.62249 0.752802
internal_count=3259 97 3162 3118 3067 2988 79 56 2981 2877 1645 709 702 74
is_linear=0
shrinkage=0.05


Tree=222
num_leaves=15
num_cat=0
split_feature=3 3 0 3 3 0 0 0 0 6 3 3 6 0
split_gain=0.242642 0.728716 0.707426 0.703833 0.317862 0.522699 0.446243 0.890782 0.438942 0.749423 0.99969 0.748336 0.554081 1.33265
threshold=4.0500000000000007 3.8500000000000001 6.5000000000000009 3.9500000000000006 4.8500000000000005 10.500000000000002 13.500000000000002 15.500000000000002 11.500000000000002 1.0000000180025095e-35 6.0500000000000007 6.3500000000000005 1.0000000180025095e-35 9.5000000000000018
decision_type=2 2 2 2 2 2 2 2 2 2 2 2 2 2
left_child=1 -1 -3 -4 5 -2 -7 -8 12 10 -10 -11 13 -6
right_child=4 2 3 -5 8 6 7 -9 9 11 -12 -13 -14 -15
leaf_value=0.0021577035164144719 0.012781788294431218 -0.062010542102846844 -0.052717405790714877 0.027461393640099942 -0.0088265545911664755 -0.049202019386727636 0.035355993774197583 -0.055544001160776318 0.0065748594734056746 0.010956344086910229 -0.053166941617884378 0.052827684005429379 -0.010862899278745062 0.031913725993698572
leaf_weight=8.7104413941278818 14.665397045901047 0.96893640700727646 0.45042940334133141 0.69764192382717738 5.4908907989738545 0.64145499124424432 0.74985612265299983 0.42073822936436045 2.7348597356176456 5.2619029530906118 0.94124119426123787 1.3385481977602465 10.944843191246036 3.1639041503658518
leaf_count=2484 186 15 51 39 65 50 20 58 56 63 13 23 121 24
internal_value=0.00250205 -0.0042371 -0.0305486 -0.00399561 0.00407621 0.00965147 -0.015683 0.00268447 0.00100132 0.00937104 -0.00872163 0.0194477 -0.00338712 0.00606673
internal_weight=57.1811 10.8274 2.11701 1.14807 46.3536 16.4774 1.81205 1.17059 29.8762 10.2766 3.6761 6.60045 19.5996 8.65479
internal_count=3268 2589 105 90 679 314 128 78 365 155 69 86 210 89
is_linear=0
shrinkage=0.05


Tree=223
num_leaves=15
num_cat=0
split_feature=3 0 2 3 3 3 2 2 2 2 3 0 3 3
split_gain=0.312827 1.11505 0.869157 0.747761 0.524746 0.467174 0.483966 0.646909 0.465309 0.667137 0.568432 0.480809 0.476672 0.705867
threshold=6.3500000000000005 13.500000000000002 6.8500000000000005 7.0500000000000007 6.2500000000000009 6.1500000000000012 7.3500000000000005 7.2500000000000009 6.8500000000000005 6.1500000000000012 5.3500000000000005 11.500000000000002 5.7500000000000009 5.5500000000000007
decision_type=2 2 2 2 2 2 2 2 2 2 2 2 2 2
left_child=4 2 -2 -4 5 6 7 8 9 12 11 -11 13 -1
right_child=1 -3 3 -5 -6 -7 -8 -9 -10 10 -12 -13 -14 -15
leaf_value=0.0027065167388804143 -0.035423801854563661 0.02322797012619961 0.055486408252150982 -0.015173128199633663 0.051244851293777663 -0.039902192009738803 -0.032146769646360034 0.068253860833586297 -0.029755559133805239 0.043593256489225886 0.06297413824830482 -0.020141684329009025 0.018799221767615115 -0.022173713487349853
leaf_weight=37.310256584218223 3.4014646960422388 1.9939910112880168 0.56354089605156321 1.1157123162120113 0.55222369963303108 0.64920763671398063 0.97139312326908012 0.38263875455595453 1.0612828617449839 0.55165312672033839 0.84823580086231221 0.63828742283294559 4.049559758626855 3.0865466292016199
leaf_count=3010 25 29 14 32 7 9 33 7 21 14 13 33 36 25
internal_value=0.00138425 -0.00845779 -0.0208933 0.00853952 0.00277403 0.00223382 0.00279323 0.00350138 0.00298027 0.00372765 0.0316995 0.00940566 0.00244495 0.000805525
internal_weight=57.176 7.07471 5.08072 1.67925 50.1013 49.5491 48.8999 47.9285 47.5458 46.4845 2.03818 1.18994 44.4464 40.3968
internal_count=3308 100 71 46 3208 3201 3192 3159 3152 3131 60 47 3071 3035
is_linear=0
shrinkage=0.05


Tree=224
num_leaves=15
num_cat=0
split_feature=3 0 0 3 0 6 3 0 0 3 0 3 3 3
split_gain=0.22039 0.308078 0.29469 0.486511 0.251898 0.201789 1.24933 0.921559 0.505728 0.513832 0.598129 0.62345 0.609396 0.411983
threshold=4.2500000000000009 15.500000000000002 14.500000000000002 4.1500000000000012 12.500000000000002 1.0000000180025095e-35 3.4500000000000006 6.5000000000000009 2.5000000000000004 3.2500000000000004 3.5000000000000004 2.9500000000000006 2.5500000000000003 3.6500000000000008
decision_type=2 2 2 2 2 2 2 2 2 2 2 2 2 2
left_child=1 2 4 -4 5 6 7 8 -1 10 11 -10 -12 -7
right_child=-2 -3 3 -5 -6 13 -8 -9 9 -11 12 -13 -14 -15
leaf_value=-0.051603375977362489 -0.0031047669077703052 -0.052436470311513432 0.0019329630376409735 0.086776294025691286 -0.050909485976330285 -0.0032314084651021112 -0.04847374481222487 -0.050649047915657358 -0.05163403340873185 0.065542482252109666 0.027763627984691199 0.10674450924409107 -0.052053425352946797 0.018102869503047098
leaf_weight=0.19182927953806261 43.678703966696048 0.23723320046974627 0.41267084529317877 0.28611165657639503 0.21045038690317674 4.1789110071931646 1.1728508989763211 0.47084562019153953 0.080660356437874947 0.77595980034675438 0.57128262046353484 0.27057353768032044 0.4113123628339963 4.9354537087492645
leaf_count=146 596 165 36 2 113 1072 152 378 118 21 234 12 94 123
internal_value=-0.00134528 0.0040645 0.00502406 0.0366715 0.00335756 0.00423204 -0.00521454 0.0130857 0.026124 0.0331912 0.0143707 0.0703731 -0.00564764 0.00832116
internal_weight=57.8848 14.2061 13.9689 0.698783 13.2701 13.0597 3.94531 2.77246 2.30162 2.10979 1.33383 0.351234 0.982595 9.11436
internal_count=3262 2666 2501 38 2463 2350 1155 1003 625 479 458 130 328 1195
is_linear=0
shrinkage=0.05


Tree=225
num_leaves=15
num_cat=0
split_feature=0 2 0 2 0 6 2 2 2 0 2 2 2 0
split_gain=0.358712 0.395748 0.966785 1.73694 0.995434 0.649343 0.622896 0.60612 0.361351 0.904781 0.404325 1.38969 0.515858 0.350984
threshold=10.500000000000002 6.2500000000000009 12.500000000000002 6.1500000000000012 17.500000000000004 1.0000000180025095e-35 6.0500000000000007 6.4500000000000011 5.9500000000000011 15.500000000000002 5.2500000000000009 5.1500000000000012 4.2500000000000009 14.500000000000002
decision_type=2 2 2 2 2 2 2 2 2 2 2 2 2 2
left_child=-1 2 3 5 8 -2 -7 -3 9 10 11 12 13 -4
right_child=1 7 4 -5 -6 6 -8 -9 -10 -11 -12 -13 -14 -15
leaf_value=0.0029872517719530633 0.002068177867158176 0.033091097953453538 -0.051096344341169324 -0.18015518363550376 -0.054197881633276927 -0.06779344720268797 0.017923122408826705 -0.0041571523877815091 0.03179446522544823 -0.054774595608154258 -0.0022991270367167778 0.13514248698042564 -0.050802757764941676 0.057859320628597381
leaf_weight=42.099873528470198 1.0662688453139695 1.3217373964507704 0.093499772752694166 0.20051088929176319 0.77642998075407366 1.0476859892405626 0.2656967267394067 6.2878904374083504 1.1133974919721366 0.63877231706464943 1.9737361461011458 0.26396494971413631 0.28792599227381288 0.35286043127416633
leaf_count=2503 100 16 59 1 159 113 2 99 15 82 43 8 70 16
internal_value=0.000582379 -0.00587029 -0.0135761 -0.0388278 -0.00173129 -0.0269194 -0.050453 0.0023126 0.00689175 -0.000787134 0.0108164 0.0367485 0.0013773 0.0350362
internal_weight=57.7903 15.6904 8.08075 2.58016 5.50059 2.37965 1.31338 7.60963 4.72416 3.61076 2.97199 0.998251 0.734286 0.44636
internal_count=3286 783 668 216 452 215 115 115 293 278 196 153 145 75
is_linear=0
shrinkage=0.05


Tree=226
num_leaves=15
num_cat=0
split_feature=2 0 0 3 0 2 0 3 3 0 3 2 3 3
split_gain=0.291762 0.752129 0.412635 0.337103 0.401841 0.233473 0.249726 1.52426 0.52487 0.491915 0.619984 0.504472 1.035 0.897616
threshold=3.1500000000000008 5.5000000000000009 9.5000000000000018 3.0500000000000003 7.5000000000000009 3.3500000000000001 7.5000000000000009 5.6500000000000012 5.4500000000000011 11.500000000000002 3.7500000000000004 4.3500000000000005 3.2500000000000004 5.3500000000000005
decision_type=2 2 2 2 2 2 2 2 2 2 2 2 2 2
left_child=1 -1 3 4 -3 -2 7 8 -7 11 -11 12 -8 -13
right_child=5 2 -4 -5 -6 6 9 -9 -10 10 -12 13 -14 -15
leaf_value=-0.041354287203185507 -0.037766102158565421 0.040267132144302331 -0.051461872061159708 0.087245036958062114 -0.050760967197629174 0.0034364866493902767 0.040676586128954494 0.054202060159419432 -0.027577465547158231 -0.057763047513392757 0.0071453952958160788 0.0071653182898972368 -0.037931136618932292 -0.015958574447090864
leaf_weight=0.40583791345488807 0.40081101222494808 1.0383012068923561 0.12794677638157725 0.32392982719466079 0.13726752863658465 18.481353385912378 0.49735800001872421 1.4523164257407177 1.4729215428233136 0.37870784154529147 12.878978796221416 8.9341230989011837 2.6492851260700263 7.9144206591299726
leaf_count=761 176 202 141 11 98 603 146 44 14 242 332 257 172 74
internal_value=0.000942519 0.0195424 0.0347283 0.0420826 0.0296381 0.000255655 0.000534464 0.00474667 0.0011472 -0.00217715 0.00529128 -0.00712905 -0.0255064 -0.00369688
internal_weight=57.0936 2.03328 1.62745 1.4995 1.17557 55.0603 54.6595 21.4066 19.9543 33.2529 13.2577 19.9952 3.14664 16.8485
internal_count=3273 1213 452 311 300 2060 1884 661 617 1223 574 649 318 331
is_linear=0
shrinkage=0.05


Tree=227
num_leaves=15
num_cat=0
split_feature=3 3 2 2 2 0 3 0 3 2 3 0 2 0
split_gain=0.369188 1.08501 0.536688 0.933392 0.782463 0.423021 1.33047 0.532435 0.514801 0.545976 1.29145 0.872158 0.629888 0.775636
threshold=3.6500000000000008 3.2500000000000004 4.3500000000000005 4.2500000000000009 2.9500000000000006 7.5000000000000009 5.6500000000000012 9.5000000000000018 5.4500000000000011 4.7500000000000009 4.4500000000000011 6.5000000000000009 5.2500000000000009 4.5000000000000009
decision_type=2 2 2 2 2 2 2 2 2 2 2 2 2 2
left_child=1 2 3 4 -1 6 8 -7 9 10 -2 12 -11 -14
right_child=5 -3 -4 -5 -6 7 -8 -9 -10 11 -12 -13 13 -15
leaf_value=0.022313120301080635 0.0074852175547152613 -0.041883173144841468 -0.033412436895143061 0.05825720546723278 -0.031858189790489738 -0.014355887522184269 0.054223742796950219 0.0003042500389243872 -0.026126218444708332 0.01810703295598113 -0.038064717280136023 0.042957934649454708 -0.039333956492228588 0.014222801037525948
leaf_weight=1.389809275688094 5.8250056743854755 2.1456881254252949 0.87405094277073647 0.78801796469633689 1.2810220186383956 8.537996411527276 1.3169974244956382 22.553847217630391 1.4768965509720136 3.7134642386808974 2.1233497522771358 1.9441048672888426 1.40708903525956 1.3011918886913916
leaf_count=1060 99 317 304 46 649 153 39 516 14 32 21 14 16 16
internal_value=-0.00157299 -0.012806 0.00159327 0.0104392 -0.00366929 -0.000123311 0.00573151 -0.00372151 0.00214184 0.0047009 -0.00468314 0.0136166 0.00473392 -0.0136026
internal_weight=56.6785 6.47859 4.3329 3.45885 2.67083 50.1999 19.1081 31.0918 17.7911 16.3142 7.94836 8.36585 6.42175 2.70828
internal_count=3296 2376 2059 1755 1709 920 251 669 212 198 120 78 64 32
is_linear=0
shrinkage=0.05


Tree=228
num_leaves=15
num_cat=0
split_feature=2 2 0 2 0 0 0 0 0 2 4 0 0 2
split_gain=0.757931 0.927145 0.552656 0.782723 0.55857 0.407734 0.397579 0.273728 0.686139 0.306871 0.245122 0.215214 0.504716 0.336046
threshold=4.2500000000000009 3.1500000000000008 6.5000000000000009 3.8500000000000001 4.5000000000000009 5.5000000000000009 2.5000000000000004 9.5000000000000018 8.5000000000000018 2.9500000000000006 3.7450000000000006 3.5000000000000004 2.5000000000000004 4.5500000000000007
decision_type=2 2 2 2 2 2 2 2 2 2 8 2 2 2
left_child=1 5 3 -3 6 10 -5 8 9 -7 -1 12 -2 -13
right_child=11 2 -4 4 -6 7 -8 -9 -10 -11 -12 13 -14 -15
leaf_value=0.051888392926949925 -0.0021155501990926832 -0.045977531613876507 -0.05254443841125353 0.0082324435565318092 0.02513606351651659 0.019398177064187672 -0.0591437659492332 -0.05130184861124968 0.093004636085718795 -0.050722947719877579 -0.050320052956447758 -0.010361797491110134 0.030430911443498507 0.0020928049387427755
leaf_weight=0.07004150003194809 2.8713113449630319 1.3715880729432686 1.5649292128246086 0.41332773106842102 1.1860019653831839 1.2991846853583409 0.46559006594179664 0.1253355253020344 0.3081400133196438 0.17732191836330446 0.36102477846543424 6.2897913413544293 2.0357235150586348 38.986070757583548
leaf_count=2 30 282 518 9 62 202 30 138 39 54 771 226 27 882
internal_value=-0.000754769 -0.0157589 -0.0279146 -0.0166986 0.00274944 0.0102106 -0.0274588 0.0201238 0.02514 0.0109769 -0.0337128 0.00144055 0.0113866 0.000362593
internal_weight=57.5254 7.34249 5.00144 3.43651 2.06492 2.34105 0.878918 1.90998 1.78465 1.47651 0.431066 50.1829 4.90703 45.2759
internal_count=3272 2107 901 383 101 1206 39 433 295 256 773 1165 57 1108
is_linear=0
shrinkage=0.05


Tree=229
num_leaves=15
num_cat=0
split_feature=0 2 3 2 0 3 2 2 0 2 2 2 2 3
split_gain=0.366211 0.748147 0.547589 0.717389 0.463394 0.715422 0.700305 1.69243 1.20617 1.61576 1.37055 0.946283 2.00661 0.612556
threshold=7.5000000000000009 6.4500000000000011 6.3500000000000005 5.8500000000000005 8.5000000000000018 4.5500000000000007 4.4500000000000011 5.1500000000000012 9.5000000000000018 4.3500000000000005 4.2500000000000009 4.2500000000000009 4.3500000000000005 3.0500000000000003
decision_type=2 2 2 2 2 2 2 2 2 2 2 2 2 2
left_child=1 2 3 -1 5 -2 8 -8 9 10 13 -10 -13 -6
right_child=4 -3 -4 -5 6 -7 7 -9 11 -11 -12 12 -14 -15
leaf_value=0.00014222471533477407 -0.052068408758821176 0.052929792761744782 -0.053571798928472941 0.04879607278040466 -0.050897126069640114 -0.0081873613581585816 -0.039420187561097511 -0.0014389594075765483 -0.051743729145618804 0.11596682030665001 -0.061104198652744537 0.068938974662451497 -0.053456985571665408 0.066070273627872128
leaf_weight=21.632178950756508 1.2953343944645883 0.70805658772587676 0.45479448139667411 0.78513332706643169 0.13087310934133956 3.283081594738178 3.3972794293931683 21.461960625584652 0.82484267980271431 0.56371794408187259 0.40959446762281004 0.77552716359423335 0.58933264232837246 0.77341638458892703
leaf_count=1654 204 44 5 24 60 36 277 396 409 8 14 27 38 51
internal_value=-0.00246239 0.00231131 0.000744308 0.00184625 -0.00582203 -0.0206023 -0.00348266 -0.0066295 0.0157507 0.0451552 0.0147736 -0.00946263 0.0160896 0.0491422
internal_weight=57.0851 23.5802 22.8721 22.4173 33.505 4.57842 28.9265 24.8592 4.0673 1.8776 1.31388 2.1897 1.36486 0.904289
internal_count=3247 1727 1683 1678 1520 240 1280 673 607 133 125 474 65 111
is_linear=0
shrinkage=0.05


Tree=230
num_leaves=15
num_cat=0
split_feature=3 0 0 3 2 2 0 2 0 3 2 3 0 2
split_gain=0.497134 0.551242 1.34653 0.86619 0.395614 1.2625 0.817004 0.759902 0.678842 0.370531 0.343564 0.822408 0.403335 0.267739
threshold=6.5500000000000007 10.500000000000002 13.500000000000002 7.1500000000000012 5.1500000000000012 5.2500000000000009 4.5000000000000009 5.3500000000000005 9.5000000000000018 4.9500000000000011 5.4500000000000011 5.3500000000000005 5.5000000000000009 5.7500000000000009
decision_type=2 2 2 2 2 2 2 2 2 2 2 2 2 2
left_child=4 3 -3 -2 9 -6 -7 8 -8 -1 11 -9 -12 -14
right_child=1 2 -4 -5 5 6 7 10 -10 -11 12 -13 13 -15
leaf_value=0.003013635621561271 0.068960572089362071 -0.035490770698094136 0.037441122289817198 -0.0046025332574331319 -0.042267623974990585 -0.032406677259386583 0.00084392159907340663 -0.072636778594351442 0.068233542827269469 0.027513461041000605 0.033434917213184832 0.01743244289016695 0.0081243368394686068 -0.0050296532598463652
leaf_weight=23.682057754358087 1.0257155542494718 1.1879393605049702 1.3544818608206695 0.65613608041894611 2.0084793034511703 1.8945299262413779 0.71250428631901985 0.52405484510564082 0.78588875394052593 1.6508383623440739 0.90077120752539741 0.49079408124089241 5.6662238855342393 12.192573310372607
leaf_count=2686 21 14 24 25 38 23 5 28 26 30 20 11 101 204
internal_value=0.00157691 0.0180543 0.00336389 0.0402616 0.000198832 -0.00424004 -0.000943266 0.00185883 0.036189 0.00461019 -0.000742515 -0.0290781 0.000790376 -0.000856167
internal_weight=54.733 4.22427 2.54242 1.68185 50.5087 25.1758 23.1673 21.2728 1.49839 25.3329 19.7744 1.01485 18.7596 17.8588
internal_count=3256 84 38 46 3172 456 418 395 31 2716 364 39 325 305
is_linear=0
shrinkage=0.05


Tree=231
num_leaves=15
num_cat=0
split_feature=2 3 3 3 0 3 2 3 3 0 2 3 0 0
split_gain=0.166466 0.851811 0.328559 0.983567 0.533392 0.307454 0.130599 0.805034 1.33398 1.00651 0.714547 0.892771 0.546828 0.259602
threshold=7.1500000000000012 7.0500000000000007 5.6500000000000012 6.0500000000000007 9.5000000000000018 4.7500000000000009 5.7500000000000009 5.0500000000000007 4.8500000000000005 5.5000000000000009 6.3500000000000005 3.9500000000000006 15.500000000000002 14.500000000000002
decision_type=2 2 2 2 2 2 2 2 2 2 2 2 2 2
left_child=1 6 5 -4 -5 -2 12 8 9 -8 -11 -12 -1 -9
right_child=2 -3 3 4 -6 -7 7 13 -10 10 11 -13 -14 -15
leaf_value=0.0030121565692445913 0.0091482554453586537 -0.090354637530997026 -0.055975013490980066 -0.0093642563621944824 0.055176003173557787 0.063772236911274413 0.05510090854056067 -0.0025035318172029167 -0.10401831444790979 -0.061176236926957228 -0.052285413101801508 0.049716655692563179 -0.052283454027424674 0.012626468745565484
leaf_weight=38.330600062299709 0.53841225744690679 0.25755802169442077 0.54922467004507769 0.61936201935168333 0.66261299781035632 0.49392250220989808 0.44892871961929248 9.7023327446077001 0.47580886725336302 0.86125023846034288 0.39458952054701513 0.47006804920965806 0.45238188720804728 4.0055698620853937
leaf_count=2740 19 2 8 27 33 16 9 88 4 51 24 11 206 40
internal_value=0.000970714 0.000363086 0.0127261 9.61873e-06 0.0239946 0.0352832 0.000786816 -0.00295989 -0.0281839 -0.0115929 -0.0289408 0.00316765 0.00236716 0.00191759
internal_weight=58.2626 55.3991 2.86353 1.8312 1.28198 1.03233 55.1415 16.3585 2.65065 2.17484 1.72591 0.864658 38.783 13.7079
internal_count=3278 3175 103 68 60 35 3173 227 99 95 86 35 2946 128
is_linear=0
shrinkage=0.05


Tree=232
num_leaves=15
num_cat=0
split_feature=3 3 0 0 7 2 3 2 2 3 0 0 2 6
split_gain=0.538869 0.630508 0.303115 0.162133 0.555155 0.490058 1.75715 0.368123 0.248907 0.422462 0.735365 0.618338 0.391008 1.59377
threshold=2.9500000000000006 2.5500000000000003 6.5000000000000009 3.5000000000000004 1.0000000180025095e-35 4.7500000000000009 4.4500000000000011 3.8500000000000001 3.4500000000000006 3.3500000000000001 8.5000000000000018 9.5000000000000018 4.4500000000000011 1.0000000180025095e-35
decision_type=2 2 2 2 2 2 2 2 2 2 2 2 2 2
left_child=1 2 -1 5 8 6 7 -2 9 10 -5 -12 13 -10
right_child=3 -3 -4 4 -6 -7 -8 -9 12 -11 11 -13 -14 -15
leaf_value=0.012544585942180672 -0.015546776193583323 -0.053149573779922514 -0.050949312826255644 -0.050438168692550384 -0.045893459114843542 0.027562847790476172 -0.069456759571062371 0.02299651556125322 -0.052464846054710704 0.065553359649234394 0.082516306906484427 -0.051153347823980039 0.0040696578160218959 0.0032685365643938128
leaf_weight=1.0290778805156144 0.7945124283432955 0.94134313009271853 0.22997439634173122 0.35143394775513914 0.59722750834043736 2.5591829234035686 0.75326991826295842 2.8121993979439139 1.6124150869818539 0.41955608485841367 0.32166108395904303 0.11834900199937692 39.408886777528096 6.2734855485359731
leaf_count=944 58 339 516 84 41 34 5 23 203 39 10 48 714 217
internal_value=0.00207558 -0.0221959 0.000946997 0.00302889 0.00201918 0.0101945 -2.31032e-07 0.0145059 0.0026091 0.0249925 0.00349065 0.0465633 0.00203597 -0.00812716
internal_weight=58.2226 2.2004 1.25905 56.0222 49.103 6.91916 4.35998 3.60671 48.5058 1.211 0.791444 0.44001 47.2948 7.8859
internal_count=3275 1799 1460 1476 1356 120 86 81 1315 181 142 58 1134 420
is_linear=0
shrinkage=0.05


Tree=233
num_leaves=15
num_cat=0
split_feature=3 2 3 2 2 3 3 3 3 2 3 3 2 3
split_gain=0.29194 0.625138 0.516968 0.368323 0.60201 0.355647 0.292393 0.273042 0.491796 0.237353 1.22593 0.607249 0.547747 0.402395
threshold=6.3500000000000005 7.1500000000000012 6.2500000000000009 7.3500000000000005 7.2500000000000009 5.6500000000000012 7.2500000000000009 6.1500000000000012 6.0500000000000007 6.1500000000000012 5.3500000000000005 4.8500000000000005 6.0500000000000007 3.7500000000000004
decision_type=2 2 2 2 2 2 2 2 2 2 2 2 2 2
left_child=2 -2 3 4 7 -5 -3 8 9 12 11 13 -1 -11
right_child=1 6 -4 5 -6 -7 -8 -9 -10 10 -12 -13 -14 -15
leaf_value=0.00069204849397954446 -0.015714588399993078 0.055008137443993202 0.050205250717912479 0.0040945392059727539 0.066369784655859354 -0.056882958616789873 0.0047804519381529778 -0.029605406622387361 0.0439179626178983 -0.026962522306995602 0.063677213230564772 -0.042055519982800875 -0.058720655319358883 0.032090281674517489
leaf_weight=43.407386320434398 6.0424569796305141 0.45663950667949371 0.54227354750037093 0.43468757095979427 0.35752111067995329 0.53150214278139174 0.79279374028556049 0.70655729807913203 0.68016060616355289 0.41681659819732864 0.89616827247664321 0.7551221465691923 0.39143567255905409 0.93690486668492667
leaf_count=3036 48 19 7 24 7 11 42 10 7 26 15 8 9 25
internal_value=0.000289418 -0.00905745 0.001651 0.00111925 0.00172761 -0.0294493 0.0231375 0.00124804 0.00170713 0.00109372 0.0146873 -0.00613129 0.00016107 0.0139077
internal_weight=57.3484 7.29189 50.0565 49.5143 48.5481 0.96619 1.24943 48.1906 47.484 46.8038 3.00501 2.10884 43.7988 1.35372
internal_count=3294 109 3185 3178 3143 35 61 3136 3126 3119 74 59 3045 51
is_linear=0
shrinkage=0.05


Tree=234
num_leaves=15
num_cat=0
split_feature=2 2 7 2 3 3 0 0 0 2 2 0 0 3
split_gain=0.711703 0.428255 0.593971 0.628731 0.755622 0.81764 0.805006 0.788102 0.435816 0.370105 0.786268 0.505036 0.474574 0.36614
threshold=2.8500000000000001 4.4500000000000011 1.0000000180025095e-35 3.9500000000000006 3.0500000000000003 4.1500000000000012 8.5000000000000018 3.5000000000000004 9.5000000000000018 3.8500000000000001 3.4500000000000006 4.5000000000000009 3.5000000000000004 4.6500000000000012
decision_type=2 2 2 2 2 2 2 2 2 2 2 2 2 2
left_child=-1 2 3 9 7 -6 -7 -5 -8 10 11 -2 -11 -3
right_child=1 13 -4 4 5 6 8 -9 -10 12 -12 -13 -14 -15
leaf_value=-0.047691782667224916 -0.034974613200682146 0.01022921989944682 0.061820227301604358 0.096004607734692451 -0.054018557630864342 -0.029892165474906175 0.032343961912738445 -0.050362166721256131 -0.011873115926058442 0.064427103619128068 -0.050725867700053912 0.0203183025995997 0.002521986981739755 -0.00086855691453741578
leaf_weight=0.81851122697707879 0.52511829481954642 9.6635883713533968 0.28977756833410317 0.27183010156295484 1.6571140251380709 3.2278139917179942 1.0622987449169161 0.13899386643925027 1.1721717671607619 0.50748318409750914 0.72547846863790244 1.933779867645171 0.79394095958741673 32.186452706198907
leaf_count=983 157 544 38 16 145 39 9 158 30 6 319 320 69 447
internal_value=-0.00141642 -0.000717017 -0.0089166 -0.0106225 -0.01945 -0.0232547 -0.0139218 0.0464844 0.00914831 0.00419608 -0.00498534 0.00851004 0.0266615 0.00169403
internal_weight=54.9744 54.1558 12.3058 12.016 7.53022 7.1194 5.46228 0.410824 2.23447 4.4858 3.18438 2.4589 1.30142 41.85
internal_count=3280 2297 1306 1268 397 223 78 174 39 871 796 477 75 991
is_linear=0
shrinkage=0.05


Tree=235
num_leaves=15
num_cat=0
split_feature=3 0 3 0 0 0 3 7 0 0 3 3 0 0
split_gain=0.187316 0.77542 0.423678 0.755116 0.29732 0.519253 0.271772 0.199948 0.442887 0.240862 0.79549 0.733183 0.625875 0.492785
threshold=4.8500000000000005 15.500000000000002 5.0500000000000007 4.5000000000000009 14.500000000000002 10.500000000000002 4.1500000000000012 1.0000000180025095e-35 2.5000000000000004 6.5000000000000009 4.3500000000000005 4.5500000000000007 8.5000000000000018 8.5000000000000018
decision_type=2 2 2 2 2 2 2 2 2 2 2 2 2 2
left_child=1 4 3 -2 5 7 -6 9 -9 10 -1 13 -13 -11
right_child=2 -3 -4 -5 6 -7 -8 8 -10 11 -12 12 -14 -15
leaf_value=0.01001093407153811 0.01419179746000033 -0.054805555780191612 0.0024338586336173505 -0.036104925017753545 0.0048455748740489565 -0.026372725092858901 0.063341323173023295 0.081819456658830808 -0.050602131118658411 -0.011322178701961999 -0.019085402871297671 0.053052266417770125 0.0093038016795823145 0.013538944881759689
leaf_weight=9.0151010304507668 1.2061791815795033 0.51229081721748926 26.527220369724091 1.9569475224852793 0.35844591951899829 1.1567590119802833 0.44515848997980356 0.23920437062406463 0.085786030245799338 3.0641388324474956 3.1768873615656039 1.7446035929024211 1.5384499109350145 5.7030706545665453
leaf_count=1339 10 213 323 40 34 333 7 8 63 400 38 16 22 417
internal_value=0.00311322 0.00612384 0.000371364 -0.0169255 0.00730048 0.0063649 0.0372494 0.00790636 0.0468648 0.00738409 0.00242925 0.0123972 0.0325516 0.00484998
internal_weight=56.7302 27.0399 29.6903 3.16313 26.5276 25.724 0.803604 24.5672 0.32499 24.2423 12.192 12.0503 3.28305 8.76721
internal_count=3263 2890 373 50 2677 2636 41 2303 71 2232 1377 855 38 817
is_linear=0
shrinkage=0.05


Tree=236
num_leaves=15
num_cat=0
split_feature=0 2 3 3 3 2 3 7 0 3 0 2 2 3
split_gain=0.409296 0.565156 0.849296 0.636204 1.05288 0.470031 1.24386 0.383078 0.375732 0.604442 0.653895 0.587091 0.785999 0.571577
threshold=7.5000000000000009 6.4500000000000011 6.3500000000000005 5.6500000000000012 5.5500000000000007 4.7500000000000009 4.5500000000000007 1.0000000180025095e-35 4.5000000000000009 4.4500000000000011 3.5000000000000004 4.5500000000000007 4.3500000000000005 4.4500000000000011
decision_type=2 2 2 2 2 2 2 2 2 2 2 2 2 2
left_child=1 2 3 4 5 6 7 8 9 10 -1 12 -10 -14
right_child=-2 -3 -4 -5 -6 -7 -8 -9 11 -11 -12 -13 13 -15
leaf_value=0.0035578288648714426 -0.0036709824849266142 0.0527936010548836 -0.068774516002838945 0.054301069826878684 -0.071993485557777015 0.013417315750145518 -0.056444352557549142 0.062037480420086312 0.01735325202974632 -0.08618587025557839 -0.053709037758958147 0.070661196317542141 -0.055699616298132894 0.0053506336702142665
leaf_weight=3.3316986893733103 33.586634429437709 0.60229096721741271 0.39692700654268165 0.63597095757722755 0.45144948735833068 9.4577555645373632 0.94997414201498109 0.27063885194002146 4.0339226337237051 0.24357733130455006 0.58617285713989975 0.37181980469904363 0.75494333798269486 0.77898911386728287
leaf_count=551 1540 42 4 11 5 123 12 45 621 1 269 13 32 7
internal_value=-0.000158136 0.00500167 0.00370878 0.00502449 0.00354842 0.00518962 -0.00168349 0.00333218 0.00175929 -0.00976153 -0.00501016 0.009831 0.00576878 -0.024696
internal_weight=56.4528 22.8661 22.2638 21.8669 21.2309 20.7795 11.3217 10.3718 10.1011 4.16145 3.91787 5.93967 5.56786 1.53393
internal_count=3276 1736 1694 1690 1679 1674 1551 1539 1494 821 820 673 660 39
is_linear=0
shrinkage=0.05


Tree=237
num_leaves=15
num_cat=0
split_feature=3 2 2 2 3 0 0 0 2 3 3 3 0 0
split_gain=0.304136 0.502132 0.466439 0.63479 0.677042 0.398946 0.529473 1.1603 0.366075 0.346666 0.598815 0.340287 0.278598 0.399309
threshold=5.5500000000000007 5.6500000000000012 7.0500000000000007 5.7500000000000009 3.8500000000000001 7.5000000000000009 6.5000000000000009 5.5000000000000009 5.5500000000000007 5.0500000000000007 4.3500000000000005 4.7500000000000009 15.500000000000002 11.500000000000002
decision_type=2 2 2 2 2 2 2 2 2 2 2 2 2 2
left_child=2 -2 3 8 -5 6 7 -3 12 10 -6 -4 13 -1
right_child=1 5 11 4 9 -7 -8 -9 -10 -11 -12 -13 -14 -15
leaf_value=0.0025146450613421278 -0.034683382852182025 0.052377581340737438 0.0064741488078660855 0.028780308100516003 -0.0099367551430832642 -0.0050368272378185528 0.055068179022555411 -0.064375966696666967 0.035102543354125493 -0.010561814511606989 -0.071230867856937441 0.061800513949833193 -0.051209359056495977 0.027450093685942936
leaf_weight=32.01091579941567 1.3109129196964229 0.43822848150739691 0.54088458162732311 0.67994930994882352 0.74437984293035719 14.690464499348307 0.67098188941599801 0.41367378731956705 0.93505123347313102 1.7511901235848197 0.85748492297716439 0.57165101479040459 0.23204584140284978 1.6902954169809152
leaf_count=2439 12 21 22 62 18 144 17 9 39 19 14 15 188 261
internal_value=0.000574823 -0.0049182 0.00298052 0.00206759 -0.0167128 -0.00251157 0.0218483 -0.00431658 0.0042398 -0.0259381 -0.0427478 0.0349023 0.00338936 0.00376529
internal_weight=57.5381 17.5243 40.0138 38.9013 4.033 16.2133 1.52288 0.851902 34.8683 3.35305 1.60186 1.11254 33.9333 33.7012
internal_count=3280 203 3077 3040 113 191 47 30 2927 51 32 37 2888 2700
is_linear=0
shrinkage=0.05


Tree=238
num_leaves=15
num_cat=0
split_feature=3 0 2 2 0 2 3 3 0 2 3 2 2 3
split_gain=0.303798 0.613401 0.845485 0.676515 0.936264 0.628712 0.595374 0.542379 0.540066 0.587469 1.31212 0.90429 1.18178 0.632543
threshold=5.0500000000000007 9.5000000000000018 4.3500000000000005 4.2500000000000009 14.500000000000002 6.3500000000000005 4.1500000000000012 4.4500000000000011 6.5000000000000009 3.1500000000000008 3.9500000000000006 4.3500000000000005 4.2500000000000009 2.8500000000000001
decision_type=2 2 2 2 2 2 2 2 2 2 2 2 2 2
left_child=1 8 3 4 -3 7 -6 -4 -1 13 -11 12 -12 -10
right_child=-2 2 5 -5 6 -7 -8 -9 9 10 11 -13 -14 -15
leaf_value=-0.0043732745310402421 0.0047349043354581732 -0.05189321544203556 -0.053884780252660407 0.043441815564091379 -0.050987363381268018 0.005347348916947975 0.085801871139858904 -0.018668565551770901 -0.051060875487792437 -0.051089265852878929 0.036529099888118567 0.02434377919915896 -0.059799850761498977 0.067765415887996491
leaf_weight=13.833950976535567 26.362310639218776 0.64025894228143376 1.8555256757827008 0.97154028070144693 0.11161774808351765 1.3874320281101971 0.27685682708397508 2.6617505193316902 0.13143012316504421 0.8543328216910594 0.52530450554331742 5.1455252750311047 0.80833420902490616 0.75743977696401998
leaf_count=1448 320 329 304 31 81 38 4 112 154 336 28 60 10 24
internal_value=0.000820138 -0.00262438 -0.0145747 0.0135202 -0.0147379 -0.0240921 0.0464992 -0.0331341 0.0016586 0.0118071 0.00715415 0.014834 -0.021857 0.0501955
internal_weight=56.3236 29.9613 7.90498 2.00027 1.02873 5.90471 0.388475 4.51728 22.0563 8.22237 7.3335 6.47916 1.33364 0.88887
internal_count=3279 2959 899 445 414 454 85 416 2060 612 434 98 38 178
is_linear=0
shrinkage=0.05


Tree=239
num_leaves=15
num_cat=0
split_feature=3 3 2 3 6 0 2 0 3 3 0 2 0 3
split_gain=0.413013 0.4998 0.296355 0.48291 0.30798 0.260895 0.248497 0.473435 0.291278 0.512363 0.267164 0.346753 0.330677 0.828105
threshold=6.3500000000000005 6.2500000000000009 7.1500000000000012 7.2500000000000009 1.0000000180025095e-35 1.5000000000000002 6.5500000000000007 11.500000000000002 6.1500000000000012 5.9500000000000011 16.500000000000004 6.1500000000000012 9.5000000000000018 5.5500000000000007
decision_type=2 2 2 2 2 2 2 2 2 2 2 2 2 2
left_child=1 5 4 -4 -2 -1 8 -8 9 10 12 -12 13 -7
right_child=2 -3 3 -5 -6 6 7 -9 -10 -11 11 -13 -14 -15
leaf_value=0.035655509093138492 -0.0054839644372095004 0.057118400520709656 0.055019630110743803 -0.0099908004400332349 -0.028252796370085251 -0.0014551639354118625 0.048665558558615887 0.0031352750110222568 -0.035508504228750223 0.025090819686093342 -0.054232546921133655 0.0077141976323886474 0.0059593550952127053 -0.034957393636715649
leaf_weight=0.52527074553290631 3.070229787612333 0.3943697870708992 0.40625417814590015 0.96225197035528254 2.8768062129383907 27.506381767794668 0.74296423891792018 2.4660868434148142 0.59381190314888854 1.9086292609572399 0.53273942616533432 0.3922229847212293 12.660430494080172 1.9770730286836613
leaf_count=106 25 5 18 40 23 1978 44 45 7 15 196 15 747 20
internal_value=-0.000578569 0.00105411 -0.0116706 0.00930817 -0.0164981 0.000605679 0.00022826 0.0136765 -0.000718743 -0.000259434 -0.00138285 -0.0279645 -0.000799443 -0.00370172
internal_weight=57.0155 49.7 7.31554 1.36851 5.94704 49.3056 48.7803 3.20905 45.5713 44.9775 43.0688 0.924962 42.1439 29.4835
internal_count=3284 3178 106 58 48 3173 3067 89 2978 2971 2956 211 2745 1998
is_linear=0
shrinkage=0.05


Tree=240
num_leaves=15
num_cat=0
split_feature=3 0 2 3 2 2 7 3 3 0 2 2 5 0
split_gain=1.79458 0.391194 0.763303 1.65921 0.521346 0.483372 0.295588 0.376885 0.789289 0.459041 0.278591 0.460156 0.269435 0.256536
threshold=2.9500000000000006 3.5000000000000004 4.7500000000000009 4.4500000000000011 5.0500000000000007 3.8500000000000001 1.0000000180025095e-35 7.0500000000000007 6.7500000000000009 10.500000000000002 7.3500000000000005 7.0500000000000007 3.7999999999999976 1.5000000000000002
decision_type=2 2 2 2 2 2 2 2 2 2 2 2 10 2
left_child=12 2 3 5 -4 13 7 8 10 -9 11 -3 -1 -2
right_child=1 6 4 -5 -6 -7 -8 9 -10 -11 -12 -13 -14 -15
leaf_value=-0.051079124446575419 0.014104389549460264 0.0024671629939399045 0.069928670527217143 -0.067020550489915579 0.019076071028197569 0.028111329913077944 -0.031144865073640494 0.00082504758000770016 0.060401999420245427 -0.061205619069962559 -0.023421234519915683 0.037726245462498482 0.050831873757979332 -0.044196081304128658
leaf_weight=1.7193467962993043 0.34997840225696508 44.194573495499753 0.86415550950914655 0.70023219659924496 1.209354880149476 2.5524578299373388 0.65601402539323217 0.7263198586879287 0.59879753063432772 0.50604744016891345 1.0042239297181357 0.94513334915973146 0.067398608633084112 0.40942818677285686
leaf_count=1807 6 1182 7 5 23 22 44 27 15 18 34 15 4 54
internal_value=0.002076 0.00368622 0.0156374 0.00290724 0.0402694 0.0176922 0.00219067 0.0026465 0.00336608 -0.0246466 0.00262594 0.00320542 -0.0472349 -0.0173279
internal_weight=56.5035 54.7167 6.08561 4.0121 2.07351 3.31186 48.6311 47.9751 46.7427 1.23237 46.1439 45.1397 1.78675 0.759407
internal_count=3263 1452 117 87 30 82 1335 1291 1246 45 1231 1197 1811 60
is_linear=0
shrinkage=0.05


Tree=241
num_leaves=15
num_cat=0
split_feature=2 2 3 2 3 4 3 3 0 2 3 2 0 0
split_gain=0.728709 0.334943 0.59656 0.568785 0.365013 0.271034 0.258292 0.224154 0.766632 0.553312 0.379495 0.529332 1.06982 1.02426
threshold=2.8500000000000001 7.3500000000000005 7.2500000000000009 7.1500000000000012 6.7500000000000009 3.7450000000000006 4.7500000000000009 4.0500000000000007 9.5000000000000018 6.9500000000000011 4.8500000000000005 4.5500000000000007 8.5000000000000018 8.5000000000000018
decision_type=2 2 2 2 2 8 2 2 2 2 2 2 2 2
left_child=5 2 3 4 7 -1 -3 8 -2 -10 11 12 -9 -13
right_child=1 6 -4 -5 -6 -7 -8 10 9 -11 -12 13 -14 -15
leaf_value=0.051707493129245656 0.00084383029337670645 -0.0011764246703745481 -0.048406192414483906 0.048509804419017664 0.04049909347861199 -0.056057936929234733 0.051933841480181875 -0.014753102548587766 -0.053656748221292086 0.014846785726091908 -0.00096459899575168954 0.034353723589490619 0.020970644584050031 -0.0027926079677323052
leaf_weight=0.063669994473457336 7.4394271485070913 0.37319169263355334 0.58781301090493698 0.65605361113557492 0.59807926858775218 0.69762886914668243 0.59219311298511457 4.9822474878747034 1.2252595732293228 0.3881516377441584 26.384331368113635 4.3212243295274666 3.6173154112475459 3.2525467250052316
leaf_count=2 999 16 5 17 11 957 65 68 572 3 272 47 75 114
internal_value=0.00153429 0.00221391 0.00168674 0.00224374 0.00166236 -0.0470452 0.0314028 0.0012123 -0.00593218 -0.0371763 0.00273207 0.00876263 0.000273715 0.0184013
internal_weight=55.1791 54.4178 53.4524 52.8646 52.2086 0.761299 0.965385 51.6105 9.05284 1.61341 42.5577 16.1733 8.59956 7.57377
internal_count=3223 2264 2183 2178 2161 959 81 2150 1574 575 576 304 143 161
is_linear=0
shrinkage=0.05


Tree=242
num_leaves=15
num_cat=0
split_feature=3 2 2 3 0 0 6 0 3 3 0 2 2 0
split_gain=0.304009 0.420898 0.470558 0.351513 0.314314 0.571139 0.214701 0.588484 0.206797 0.565689 0.694337 0.248168 0.764136 0.328074
threshold=6.1500000000000012 7.3500000000000005 7.2500000000000009 6.0500000000000007 13.500000000000002 17.500000000000004 1.0000000180025095e-35 9.5000000000000018 5.0500000000000007 4.8500000000000005 4.5000000000000009 6.3500000000000005 5.9500000000000011 10.500000000000002
decision_type=2 2 2 2 2 2 2 2 2 2 2 2 2 2
left_child=1 2 3 8 6 -6 -2 -8 9 11 -11 12 13 -1
right_child=4 -3 -4 -5 5 -7 7 -9 -10 10 -12 -13 -14 -15
leaf_value=0.0035550467287896086 -0.0046269700816943451 -0.031108935244032479 0.064007390024928279 0.037794943881849244 0.033495236618557717 -0.013987450783933795 0.0073782035181027151 -0.039562861179287492 0.0064567238653788972 0.0079447117717640781 -0.03965163079697509 0.025070599046376509 -0.053525470067246075 -0.02244736630332346
leaf_weight=24.020728063298534 2.8696169261820597 0.9259785229805847 0.31323662586510082 0.69605103996582229 1.1158262112294326 1.4645020572934297 1.0061645558162129 1.9847202054224906 16.750127894163597 1.2861312639433884 1.8955447624030055 1.1061583588816564 0.62954291394089423 1.2775832439615431
leaf_count=2277 35 32 5 8 19 16 29 19 174 11 35 37 32 543
internal_value=0.000767761 0.00228031 0.00292477 0.00252333 -0.00799506 0.00654576 -0.0143973 -0.0237714 0.00200059 -0.000469676 -0.0204117 0.00187734 0.000887843 0.00224191
internal_weight=57.3419 48.9011 47.9751 47.6619 8.44083 2.58033 5.8605 2.99088 46.9658 30.2157 3.18168 27.034 25.9279 25.2983
internal_count=3272 3154 3122 3117 118 35 83 48 3109 2935 46 2889 2852 2820
is_linear=0
shrinkage=0.05


Tree=243
num_leaves=15
num_cat=0
split_feature=0 6 2 6 0 2 0 3 6 3 2 2 6 2
split_gain=0.285857 0.503808 0.269185 0.2795 0.345084 0.228713 0.846419 0.355236 0.368293 0.615476 0.333199 0.292748 1.2716 0.532447
threshold=18.500000000000004 1.0000000180025095e-35 2.5500000000000003 1.0000000180025095e-35 5.5000000000000009 6.4500000000000011 8.5000000000000018 7.0500000000000007 1.0000000180025095e-35 6.1500000000000012 6.3500000000000005 5.9500000000000011 1.0000000180025095e-35 5.7500000000000009
decision_type=2 2 2 2 2 2 2 2 2 2 2 2 2 2
left_child=2 -2 3 4 -1 10 -7 8 9 -8 11 13 -13 -4
right_child=1 -3 5 -5 -6 6 7 -9 -10 -11 -12 12 -14 -15
leaf_value=-0.050239740742050509 -0.055026317430779896 -0.002370500655166299 3.9390460990992979e-05 -0.027182785468583145 0.072255164545565354 0.050783629030878089 -0.0090696178175803596 -0.022739518292571315 -0.0035244861352506014 0.039779621042682137 -0.022559892094707164 0.051257389063362968 -0.011960766844396151 -0.021888745051140242
leaf_weight=0.067819145711836337 0.64564608902674003 1.5325528078110437 35.087828458547847 0.1409171607792814 0.37767797981268814 1.0005511945200831 1.0598425806601883 1.2293324976344591 3.769761415256653 1.6466483091935513 1.7779023554176081 1.3442607694851167 1.9483122592209838 3.0054174494362078
leaf_count=263 81 83 2081 382 101 63 23 29 42 16 14 17 28 46
internal_value=-0.000229884 -0.0179784 0.000507105 0.0341933 0.0536075 0.000126266 0.007519 0.00190119 0.00657853 0.0206506 -0.00136485 -0.000454327 0.0138493 -0.00169066
internal_weight=54.6345 2.1782 52.4563 0.586414 0.445497 51.8699 8.70614 7.70558 6.47625 2.70649 43.1637 41.3858 3.29257 38.0932
internal_count=3269 164 3105 746 364 2359 173 110 81 39 2186 2172 45 2127
is_linear=0
shrinkage=0.05


Tree=244
num_leaves=15
num_cat=0
split_feature=0 2 2 0 3 2 0 3 3 2 3 3 2 2
split_gain=0.287517 0.407017 1.10197 0.758325 1.16182 0.903619 0.652633 0.533359 0.677902 0.520982 0.455035 0.438877 0.434935 0.62515
threshold=7.5000000000000009 5.2500000000000009 5.3500000000000005 12.500000000000002 5.1500000000000012 5.0500000000000007 9.5000000000000018 3.2500000000000004 3.0500000000000003 4.2500000000000009 4.1500000000000012 4.1500000000000012 4.8500000000000005 4.4500000000000011
decision_type=2 2 2 2 2 2 2 2 2 2 2 2 2 2
left_child=-1 3 6 5 9 7 -3 8 -2 11 -9 -5 13 -12
right_child=1 2 -4 4 -6 -7 -8 10 -10 -11 12 -13 -14 -15
leaf_value=0.0030605876234950178 -0.050530259701132743 0.0060978267479489343 -0.0031651950283001582 -0.050783001765196449 0.11072568687279292 -0.056944823139748524 0.074923228107005316 -0.050832884747050625 0.039776111074033137 -0.050822401573324828 -0.00097944993933724673 0.060971584266646721 0.015221364360554591 -0.036097058102572993
leaf_weight=23.848094639477495 0.26655231020776937 0.64422370400280005 20.927647918574621 0.12004953973564514 0.30183119280263782 1.2170338932955918 0.74018052633618936 0.82998947995656625 0.94300928284064867 0.34411751141215063 2.6278205621056259 0.32756011420860887 1.2302997545339165 2.4477105720434338
leaf_count=1750 425 4 376 133 6 37 27 217 56 153 38 6 22 43
internal_value=-0.00112143 -0.00414658 -0.000307233 -0.0121856 0.0272569 -0.0166962 0.0428958 -0.0108267 0.0198752 -0.00456407 -0.0160308 0.0309988 -0.0114501 -0.0179152
internal_weight=56.8161 32.968 22.3121 10.656 1.09356 9.56242 1.3844 8.34538 1.20956 0.791727 7.13582 0.44761 6.30583 5.07553
internal_count=3293 1543 407 1136 298 838 31 801 481 292 320 139 103 81
is_linear=0
shrinkage=0.05


Tree=245
num_leaves=15
num_cat=0
split_feature=0 2 0 2 6 0 2 0 2 2 0 0 2 7
split_gain=0.662779 0.709502 0.339241 0.343071 1.25308 1.36236 1.31771 0.932882 0.829779 0.75893 0.744622 0.618809 2.02101 0.384102
threshold=15.500000000000002 6.1500000000000012 14.500000000000002 5.5500000000000007 1.0000000180025095e-35 9.5000000000000018 6.4500000000000011 9.5000000000000018 6.0500000000000007 6.2500000000000009 7.5000000000000009 11.500000000000002 5.1500000000000012 1.0000000180025095e-35
decision_type=2 2 2 2 2 2 2 2 2 2 2 2 2 2
left_child=2 -2 3 11 7 6 -6 10 -9 -7 -5 13 -13 -1
right_child=1 -3 -4 4 5 9 -8 8 -10 -11 -12 12 -14 -15
leaf_value=0.00088283693637182612 -0.05433587903167561 -0.0087699446933750501 0.021432542522708337 0.018494756720876179 -0.011194977171485558 -0.05190776143482953 0.056626111243767742 0.047287662935149848 0.0041809307912235331 -0.015622570633714984 -0.038903502997657019 -0.05058166641092561 0.093451576736350572 -0.053561937282374621
leaf_weight=31.096791075136938 1.1697818762690975 3.1677516175950586 1.6742314288367186 0.93299728538841131 3.5484342557028867 2.9756880367640406 0.89729537667881221 1.9341861408465773 2.6403402920259396 2.7942705831374042 1.4327150694152804 0.38931966251402517 0.65044847714307252 0.32735724408485012
leaf_count=2363 242 63 57 39 48 25 36 28 29 38 21 193 26 82
internal_value=-0.00229107 -0.0210585 -0.00070405 -0.00145096 -0.00717007 -0.018308 0.00249356 0.00922449 0.0224072 -0.0343356 -0.0162666 0.00157136 0.0395213 0.000315665
internal_weight=55.6316 4.33753 51.2941 49.6198 17.1559 10.2157 4.44573 6.94024 4.57453 5.76996 2.36571 32.4639 1.03977 31.4241
internal_count=3290 305 2985 2928 264 147 84 117 57 63 60 2664 219 2445
is_linear=0
shrinkage=0.05


Tree=246
num_leaves=15
num_cat=0
split_feature=3 0 3 3 3 3 7 0 0 0 3 3 0 0
split_gain=0.29141 0.695829 0.966552 0.373333 0.337376 0.51635 0.290532 0.25653 0.22144 0.506037 0.203237 0.195675 0.218175 0.470252
threshold=4.8500000000000005 9.5000000000000018 4.7500000000000009 5.0500000000000007 3.2500000000000004 3.1500000000000008 1.0000000180025095e-35 4.5000000000000009 14.500000000000002 15.500000000000002 4.9500000000000011 7.0500000000000007 15.500000000000002 13.500000000000002
decision_type=2 2 2 2 2 2 2 2 2 2 2 2 2 2
left_child=1 6 4 7 5 -3 -1 -2 -6 -10 -9 12 13 -5
right_child=3 2 -4 11 8 -7 -8 10 9 -11 -12 -13 -14 -15
leaf_value=0.0059799739371255971 -0.003291635707065753 -0.050654030667854059 0.049019945810845546 -0.0023305618149725106 -0.025966045081847095 0.045566050908914274 0.057369056645267737 -0.049010373268226028 0.027586155279913128 -0.052149499123492093 -0.014974230455246812 -0.022993935082297006 0.0074987510211541215 -0.029087882774771857
leaf_weight=19.58789421863731 1.093361779116097 0.20052991067154735 0.59632910585787602 19.370336722524382 4.6812475867118337 0.45759769003234396 0.27895442384760727 0.99853680854721438 0.60001710953656573 0.29771474062908965 0.78213675678125583 1.2161301778687619 4.5234554591588667 1.7941371797933232
leaf_count=1958 10 395 26 179 259 34 60 21 25 127 19 47 76 28
internal_value=-0.00182526 0.00196765 -0.0117952 -0.00522613 -0.0176097 0.016248 0.00670154 -0.0223552 -0.0216038 0.00114343 -0.0340605 -0.00339632 -0.00246852 -0.00459881
internal_weight=56.4784 26.7003 6.83344 29.7781 6.23711 0.658128 19.8668 2.87404 5.57898 0.897732 1.78067 26.9041 25.6879 21.1645
internal_count=3264 2884 866 380 840 429 2018 50 411 152 40 330 283 207
is_linear=0
shrinkage=0.05


Tree=247
num_leaves=15
num_cat=0
split_feature=2 3 2 3 3 2 2 2 6 3 6 2 2 3
split_gain=0.556959 0.443787 0.51476 0.329247 0.682603 0.521118 0.782788 0.463216 1.35 1.69406 0.999902 0.995564 0.893282 1.41753
threshold=7.3500000000000005 7.0500000000000007 7.1500000000000012 5.0500000000000007 4.8500000000000005 6.3500000000000005 6.4500000000000011 4.8500000000000005 1.0000000180025095e-35 4.7500000000000009 1.0000000180025095e-35 4.4500000000000011 4.4500000000000011 4.5500000000000007
decision_type=2 2 2 2 2 2 2 2 2 2 2 2 2 2
left_child=1 2 3 4 7 -5 -7 10 -9 -10 12 -12 -1 -14
right_child=-2 -3 -4 5 -6 6 -8 8 9 -11 11 -13 13 -15
leaf_value=-0.0067572089879332775 0.035643030989592678 -0.034011553574657308 0.053367481096430525 0.0077613395974938382 -0.028269341318829549 -0.038060691462386442 0.00060044073316632999 -0.029430539004596412 0.01265035475120151 0.10727830659727389 -0.0051260280283479329 -0.034715472114281977 0.063407425362896716 -0.0027178276456263969
leaf_weight=4.0315991810305229 1.0188444486702781 1.0403794606681902 0.43122913269325991 16.673139653255934 2.8559502852513097 1.6897848453372706 5.8145300815813243 1.549012813635726 3.4887980598496142 0.54714154959947325 9.4723129130720718 4.061678396040862 1.5337109141764815 1.7186950229406646
leaf_count=1132 78 12 12 168 48 12 55 181 148 5 1177 121 91 43
internal_value=-0.000986829 -0.00166651 -0.00104181 -0.00148089 -0.0050486 0.00283664 -0.00810508 -0.00253686 0.0102494 0.0254788 -0.00596711 -0.0140061 0.00896968 0.0284643
internal_weight=55.9268 54.908 53.8676 53.4364 29.2589 24.1775 7.50431 26.4029 5.58495 4.03594 20.818 13.534 7.28401 3.25241
internal_count=3283 3205 3193 3181 2946 235 67 2898 334 153 2564 1298 1266 134
is_linear=0
shrinkage=0.05


Tree=248
num_leaves=15
num_cat=0
split_feature=2 2 0 2 3 0 3 2 3 3 2 2 6 0
split_gain=0.731939 0.791784 0.611287 1.05611 0.3046 0.661893 0.74353 0.410146 0.589023 0.373318 0.953944 0.582432 0.872389 0.92467
threshold=3.3500000000000001 2.6500000000000008 18.500000000000004 6.7500000000000009 6.0500000000000007 10.500000000000002 6.5500000000000007 6.7500000000000009 7.2500000000000009 4.6500000000000012 4.8500000000000005 5.5500000000000007 1.0000000180025095e-35 11.500000000000002
decision_type=2 2 2 2 2 2 2 2 2 2 2 2 2 2
left_child=1 -1 4 -4 9 7 -7 -6 -9 -2 -11 -12 13 -13
right_child=2 -3 3 -5 5 6 -8 8 -10 10 11 12 -14 -15
leaf_value=0.0088244363596673356 0.0037170029420033612 -0.05225215510372952 -0.060896903299653776 0.011849699563139951 -0.015572397199170555 0.051368894599814419 0.006634124724266945 0.054332511355196317 -0.019411924398462177 -0.039159845473577912 0.0058245800216895679 0.031675497835270953 -0.022245817960318465 -0.016532274125131474
leaf_weight=0.84523252713665842 21.035553909827286 1.4256754014850228 1.0897451803907636 0.92020657847751852 2.7112951818853612 1.5275520058348777 2.3699385532527231 0.59415168920531847 0.49751541140722111 1.9286227403790714 10.609410727192882 1.9884371728403478 6.4102014845120721 1.9903671229258177
leaf_count=828 1334 585 130 18 26 11 31 24 18 43 121 21 65 23
internal_value=-0.0017153 -0.0295194 -0.000538909 -0.0275917 0.000513579 0.00968693 0.0241671 -0.00515318 0.0207243 -0.00109322 -0.0055066 -0.00241568 -0.0108308 0.00755992
internal_weight=55.9439 2.27091 53.673 2.00995 51.663 7.70045 3.89749 3.80296 1.09167 43.9626 22.927 20.9984 10.389 3.9788
internal_count=3278 1413 1865 148 1717 110 42 68 42 1607 273 230 109 44
is_linear=0
shrinkage=0.05


Tree=249
num_leaves=15
num_cat=0
split_feature=0 2 2 2 7 2 6 2 0 0 2 2 2 2
split_gain=0.308233 0.479859 0.621535 0.527307 0.445436 0.216063 0.587258 0.771544 1.22667 1.02351 0.937083 0.699776 0.719366 0.753148
threshold=2.5000000000000004 4.3500000000000005 3.9500000000000006 3.6500000000000008 1.0000000180025095e-35 4.9500000000000011 1.0000000180025095e-35 4.4500000000000011 8.5000000000000018 8.5000000000000018 4.3500000000000005 4.8500000000000005 4.4500000000000011 4.7500000000000009
decision_type=2 2 2 2 2 2 2 2 2 2 2 2 2 2
left_child=1 2 3 -1 5 6 11 9 -9 10 -8 12 -2 -14
right_child=4 -3 -4 -5 -6 -7 7 8 -10 -11 -12 -13 13 -15
leaf_value=-0.032335715168412132 -0.00063106307906767196 0.030728503652275946 -0.063654125772166878 0.051441370827655764 -0.044127563580978836 0.0044388027706585157 -0.0032373845977582104 -0.00094250875810004487 -0.054998380862306274 0.021076419279309509 -0.056329445176423867 -0.053833647611509695 0.051635761533380869 -0.0071852120583920341
leaf_weight=0.32570097793723041 3.5059814676840242 2.1953278817236423 0.35955850679602008 0.44369298277888447 0.53182128136813744 31.265341400156558 4.0369716262939601 2.2626696540100975 1.9574169241086563 3.4634059686086403 1.0465746417321495 0.40358399049364369 1.8233954515681037 0.7757095385040883
leaf_count=268 958 28 8 10 94 617 675 34 106 301 22 31 89 38
internal_value=0.00235313 0.0171057 -0.00938479 0.0159767 0.0013929 0.00187189 -0.00229167 -0.00852299 -0.0260154 0.000113958 -0.0141677 0.00993135 0.0141466 0.0340805
internal_weight=54.3972 3.32428 1.12895 0.769394 51.0729 50.5411 19.2757 12.767 4.22009 8.54695 5.08355 6.50867 6.10509 2.5991
internal_count=3279 314 286 278 2965 2871 2254 1138 140 998 697 1116 1085 127
is_linear=0
shrinkage=0.05


end of trees

feature_importances:
corrosion_last=1075
corrosion_max=1066
age_years=981
flood_state=171
hv_isolation_min=125
structural_any=56
is_ev=14
soh_gap=12

parameters:
[boosting: gbdt]
[objective: binary]
[metric: binary_logloss]
[tree_learner: serial]
[device_type: cpu]
[data_sample_strategy: bagging]
[data: ]
[valid: ]
[num_iterations: 250]
[learning_rate: 0.05]
[num_leaves: 15]
[num_threads: 2]
[seed: 0]
[deterministic: 0]
[force_col_wise: 0]
[force_row_wise: 0]
[histogram_pool_size: -1]
[max_depth: -1]
[min_data_in_leaf: 15]
[min_sum_hessian_in_leaf: 0.001]
[bagging_fraction: 0.9]
[pos_bagging_fraction: 1]
[neg_bagging_fraction: 1]
[bagging_freq: 1]
[bagging_seed: 7719]
[bagging_by_query: 0]
[feature_fraction: 0.9]
[feature_fraction_bynode: 1]
[feature_fraction_seed: 2437]
[extra_trees: 0]
[extra_seed: 11797]
[early_stopping_round: 0]
[early_stopping_min_delta: 0]
[first_metric_only: 0]
[max_delta_step: 0]
[lambda_l1: 0]
[lambda_l2: 0]
[linear_lambda: 0]
[min_gain_to_split: 0]
[drop_rate: 0.1]
[max_drop: 50]
[skip_drop: 0.5]
[xgboost_dart_mode: 0]
[uniform_drop: 0]
[drop_seed: 21238]
[top_rate: 0.2]
[other_rate: 0.1]
[min_data_per_group: 100]
[max_cat_threshold: 32]
[cat_l2: 10]
[cat_smooth: 10]
[max_cat_to_onehot: 4]
[top_k: 20]
[monotone_constraints: ]
[monotone_constraints_method: basic]
[monotone_penalty: 0]
[feature_contri: ]
[forcedsplits_filename: ]
[refit_decay_rate: 0.9]
[cegb_tradeoff: 1]
[cegb_penalty_split: 0]
[cegb_penalty_feature_lazy: ]
[cegb_penalty_feature_coupled: ]
[path_smooth: 0]
[interaction_constraints: ]
[verbosity: -1]
[saved_feature_importance_type: 0]
[use_quantized_grad: 0]
[num_grad_quant_bins: 4]
[quant_train_renew_leaf: 0]
[stochastic_rounding: 1]
[linear_tree: 0]
[max_bin: 255]
[max_bin_by_feature: ]
[min_data_in_bin: 3]
[bin_construct_sample_cnt: 200000]
[data_random_seed: 38]
[is_enable_sparse: 1]
[enable_bundle: 1]
[use_missing: 1]
[zero_as_missing: 0]
[feature_pre_filter: 1]
[pre_partition: 0]
[two_round: 0]
[header: 0]
[label_column: ]
[weight_column: ]
[group_column: ]
[ignore_column: ]
[categorical_feature: ]
[forcedbins_filename: ]
[precise_float_parser: 0]
[parser_config_file: ]
[objective_seed: 8855]
[num_class: 1]
[is_unbalance: 0]
[scale_pos_weight: 1]
[sigmoid: 1]
[boost_from_average: 1]
[reg_sqrt: 0]
[alpha: 0.9]
[fair_c: 1]
[poisson_max_delta_step: 0.7]
[tweedie_variance_power: 1.5]
[lambdarank_truncation_level: 30]
[lambdarank_norm: 1]
[label_gain: ]
[lambdarank_position_bias_regularization: 0]
[eval_at: ]
[multi_error_top_k: 1]
[auc_mu_weights: ]
[num_machines: 1]
[local_listen_port: 12400]
[time_out: 120]
[machine_list_filename: ]
[machines: ]
[gpu_platform_id: -1]
[gpu_device_id: -1]
[gpu_device_id_list: ]
[gpu_use_dp: 0]
[num_gpu: 1]

end of parameters

pandas_categorical:[]
