tree
version=v4
num_class=1
num_tree_per_iteration=1
label_index=0
max_feature_idx=25
objective=binary sigmoid:1
feature_names=age_years heavy is_diesel is_ev odometer_log brake_efficiency_pct brake_imbalance_pct brake_drag_pct suspension_efficiency_pct side_slip_m_per_km headlamp_aim_dev_pct speedo_error_pct tint_vlt_front_pct tyre_tread_min_mm tyre_pressure_low smoke_opacity_pct pn_log co_pct hc_ppm n_dtcs obd_mil_on ev_soh_pct hv_isolation_mohm corrosion_score_0_10 structural_anomaly prev_fail
feature_infos=[-1:25] [0:1] [0:1] [0:1] [3:6.5403781581005953] [30.5:90] [0.10000000000000001:60] [0:32.200000000000003] [26.899999999999999:95] [0:12.33] [0:4.5499999999999998] [0:14.6] [30.899999999999999:90] [0.40000000000000002:9] [0:1] [0:99] [2.840106094456758:6.5684935423213551] [0:5.21] [5:1084] [0:4] [0:1] [85.799999999999997:100] [2.8399999999999999:121.43000000000001] [0:9.8000000000000007] [0:1] [0:1]
tree_sizes=1679 1738 1734 1739 1734 1733 1733 1726 1738 1738 1740 1723 1750 1744 1733 1743 1742 1740 1746 1748 1741 1736 1732 1739 1735 1755 1738 1739 1764 1741 1750 1755 1756 1754 1752 1748 1747 1753 1750 1747 1741 1738 1744 1738 1740 1750 1754 1755 1745 1755 1740 1743 1755 1757 1735 1752 1750 1756 1764 1756 1765 1763 1755 1744 1752 1758 1754 1756 1757 1746 1769 1758 1748 1759 1750 1735 1735 1733 1755 1758 1752 1736 1757 1753 1762 1741 1747 1761 1754 1753 1751 1766 1741 1752 1755 1747 1737 1737 1752 1763 1751 1738 1754 1757 1741 1733 1748 1748 1759 1763 1754 1756 1747 1750 1743 1756 1741 1749 1741 1749 1760 1766 1750 1744 1755 1757 1763 1748 1753 1751 1744 1753 1742 1744 1748 1752 1748 1760 1750 1738 1754 1770 1747 1759 1751 1746 1744 1755 1749 1748 1755 1739 1758 1741 1750 1749 1746 1755 1729 1758 1742 1738 1760 1753 1760 1747 1764 1762 1756 1750 1747 1741 1746 1762 1750 1748 1744 1759 1749 1754 1750 1755 1755 1752 1746 1755 1765 1757 1748 1738 1754 1755 1753 1756 1750 1745 1734 1758 1748 1753 1755 1742 1746 1753 1763 1747 1753 1738 1758 1759 1743 1751 1758 1755 1750 1749 1762 1766 1762 1771 1756 1753 1744 1750 1741 1747 1759 1746 1738 1749 1752 1743 1755 1746 1734 1746 1751 1748 1756 1743 1738 1759 1751 1761 1732 1751 1738 1748 1736 1763 1743 1756 1763 1739 1748 1750 1750 1755 1745 1748 1762 1754 1746 1749 1737 1753 1758 1757 1686 1769 1745 1753 1734 1754 1760 1725 1733 1755 1760 1755 1759 1735 1756 1751 1741 1729 1751 1763 1756 1758 1766 1749 1759 1749 1759 1751 1753 1750 1758 1759 1755 1751 1753 1759 1751 1760 1752 1754 1739 1761 1736 1747 1754 1753 1752 1758 1765 1735 1736 1747 1736 1765 1761 1754 1761 1748 1747 1763 1738 1760 1747 1749 1759 1753 1750 1758 1740 1746 1751 1752 1744 1762 1757 1742 1745 1744 1760 1744 1724 1761 1750 1735 1757 1741 1747 1748 1745 1749 1761 1754 1754 1747 1752 1758 1739 1753 1739 1753 1758 1751 1749 1751 1754 1760 1739 1742 1749 1742 1754 1757 1710 1750 1752 1763 1754 1755 1752 1753 1754 1743 1756 1739 1754 1754 1749 1763 1739 1760 1733 1756

Tree=0
num_leaves=15
num_cat=0
split_feature=0 24 0 0 15 0 7 0 10 8 8 12 7 9
split_gain=643.597 198.468 78.2366 63.3417 19.0442 12.7472 9.80372 7.31202 6.81436 6.63947 7.29608 5.96848 6.31872 5.77029
threshold=8.5000000000000018 1.0000000180025095e-35 15.500000000000002 5.5000000000000009 21.650000000000002 2.5000000000000004 2.7500000000000004 9.5000000000000018 0.96500000000000008 71.550000000000011 63.95000000000001 68.050000000000011 6.2500000000000009 4.0250000000000012
decision_type=2 2 2 2 10 2 2 2 2 2 2 2 2 2
left_child=1 3 4 5 6 -1 8 -6 -2 10 13 12 -8 -5
right_child=2 -3 -4 9 7 -7 11 -9 -10 -11 -12 -13 -14 -15
leaf_value=-1.2616909062235253 -1.2241004402515367 -1.1696120784572204 -1.1909648332866343 -1.2372639297790691 -1.2265625490933005 -1.2529579376364133 -1.2408113610666487 -1.2041634092201285 -1.2059574349485014 -1.2307469087861518 -1.2494207557972399 -1.2220257751934804 -1.2242112123562907 -1.249082405371621
leaf_weight=306.01870626211166 51.264672160148621 22.319313049316406 146.6448615193367 179.60072219371796 21.621834516525269 403.66570085287094 45.510474264621735 103.22682285308838 42.197451233863831 42.197451233863831 100.08816945552826 81.60498833656311 30.34031617641449 42.023081600666046
leaf_count=1755 294 128 841 1030 124 2315 261 592 242 242 574 468 174 241
internal_value=-1.23665 -1.24971 -1.20941 -1.25168 -1.21711 -1.25687 -1.22237 -1.2075 -1.21476 -1.24142 -1.24289 -1.22743 -1.2338 -1.23973
internal_weight=1618.32 1095.91 522.411 1073.59 375.767 709.684 250.918 124.849 93.4621 363.909 321.712 157.456 75.8508 221.624
internal_count=9281 6285 2996 6157 2155 4070 1439 716 536 2087 1845 903 435 1271
is_linear=0
shrinkage=1


Tree=1
num_leaves=15
num_cat=0
split_feature=0 0 0 25 15 25 0 7 5 6 0 9 18 0
split_gain=580.74 68.0589 64.9871 22.9398 15.8266 13.6037 9.30616 9.06906 12.1144 9.19669 9.05161 8.8689 6.38324 5.7655
threshold=8.5000000000000018 16.500000000000004 5.5000000000000009 1.0000000180025095e-35 21.650000000000002 1.0000000180025095e-35 3.5000000000000004 2.4500000000000006 53.650000000000013 8.1500000000000004 9.5000000000000018 3.2550000000000003 147.50000000000003 6.5000000000000009
decision_type=2 2 2 2 10 2 2 2 2 2 2 2 8 2
left_child=2 4 3 6 7 13 -1 8 -2 -10 -6 -7 -8 -4
right_child=1 -3 5 -5 10 11 12 -9 9 -11 -12 -13 -14 -15
leaf_value=-0.022959780656232748 0.0037249748780230551 0.044685400576749648 -0.011020187766684458 -0.0029870001998288458 0.0074133743116396918 0.015434907235346459 0.00024156912092786632 0.0099324074549933094 0.011673302362776996 0.038676170665084886 0.030467070066816329 -0.0058770670716898604 -0.01627548814668054 -0.0022739349787683368
leaf_weight=402.67937669157982 24.893873155117035 122.62740215659142 102.85965184867382 81.939378291368484 21.919101476669312 48.952990770339966 23.15798607468605 181.14051243662834 24.352088302373886 34.242355644702911 117.41347153484821 22.828133851289749 212.22393208742142 192.36633804440498
leaf_count=2338 141 686 591 471 125 280 134 1032 138 194 661 131 1228 1106
internal_value=-0.00041022 0.0253067 -0.0129273 -0.0181359 0.0189497 -0.00260269 -0.020043 0.0141697 0.0222824 0.0292538 0.0272228 0.00871583 -0.0146792 -0.005454
internal_weight=1613.6 526.589 1087.01 720.001 403.961 367.007 638.061 264.629 83.4883 58.5944 139.333 71.7811 235.382 295.226
internal_count=9256 2977 6279 4171 2291 2108 3700 1505 473 332 786 411 1362 1697
is_linear=0
shrinkage=0.03


Tree=2
num_leaves=15
num_cat=0
split_feature=0 24 0 0 15 0 0 4 4 0 7 5 18 16
split_gain=513.557 195.98 64.7761 64.7341 19.602 11.3387 11.1318 7.24159 11.836 7.19166 6.31338 6.24225 5.99384 5.55055
threshold=8.5000000000000018 1.0000000180025095e-35 15.500000000000002 5.5000000000000009 21.650000000000002 2.5000000000000004 9.5000000000000018 5.6389835613919983 5.549022868977084 11.500000000000002 2.5500000000000003 57.650000000000013 149.50000000000003 5.4487086229334984
decision_type=2 2 2 2 10 2 2 2 2 2 2 2 8 8
left_child=1 3 4 5 9 -1 -6 8 -5 11 -11 -2 -7 -9
right_child=2 -3 -4 7 6 12 -8 13 -10 10 -12 -13 -14 -15
leaf_value=-0.023941614831198808 -0.0003706259561259876 0.066088609615119961 0.040054862904264042 -0.0045959664681928854 0.0052743109882418095 -0.0043639837740961692 0.030101550433668738 -0.015164339769685661 0.012892449466741661 0.027624709419071337 0.010939436682361664 0.012039168476019022 -0.016875080627883881 -0.0040531316212042406
leaf_weight=300.56027092039585 63.077001839876175 23.332793414592743 155.88608898222446 94.08462281525135 21.831799209117889 42.826608151197433 106.79855489730835 51.766663804650307 48.806355983018875 33.903268918395042 69.959134891629219 80.579910144209862 347.72697797417641 162.74616393446922
leaf_count=1769 357 129 854 542 124 249 592 298 281 190 397 455 2031 937
internal_value=-3.46083e-05 -0.0119855 0.0239293 -0.0140283 0.0168086 -0.0193598 0.0262428 -0.00359384 0.00161136 0.0114834 0.0174046 0.00676107 -0.0155757 -0.00701884
internal_weight=1603.89 1071.85 532.036 1048.52 376.15 691.114 128.63 357.404 142.891 247.519 103.862 143.657 390.554 214.513
internal_count=9205 6236 2969 6107 2115 4049 716 2058 823 1399 587 812 2280 1235
is_linear=0
shrinkage=0.03


Tree=3
num_leaves=15
num_cat=0
split_feature=0 24 0 0 5 0 25 4 0 4 8 12 12 13
split_gain=512.31 182.552 62.03 58.5092 18.0836 13.7532 11.4834 10.1154 9.26756 8.37274 7.29886 6.94393 6.80757 5.92762
threshold=8.5000000000000018 1.0000000180025095e-35 5.5000000000000009 13.500000000000002 57.050000000000004 10.500000000000002 1.0000000180025095e-35 6.1719743840192729 2.5000000000000004 5.7713746822979308 71.350000000000009 67.050000000000011 54.250000000000007 5.8500000000000005
decision_type=2 2 2 2 2 2 2 2 2 2 2 2 2 2
left_child=1 2 8 4 6 -6 9 -5 -1 -2 12 -8 -4 -14
right_child=3 -3 10 7 5 -7 11 -9 -10 -11 -12 -13 13 -15
leaf_value=-0.023795668694375448 0.013906889241487124 0.063550744831120998 0.0094461578479566165 0.027272241254442019 0.012101889605229768 0.029857577953954547 0.004159203414222822 0.04341419997617612 -0.016028258595173494 -0.00593284614448269 0.0070159935796757786 0.026311460182505898 -0.0082640370420484915 0.0050965184959572904
leaf_weight=291.11151574552059 21.348741307854652 23.014632031321526 20.847711145877838 127.12501333653927 92.539941981434822 82.446865245699883 25.173809126019478 98.697065725922585 391.41941142082214 65.062438607215881 43.203722655773163 26.384505331516266 260.44242273271084 30.308634743094444
leaf_count=1737 120 123 120 692 518 457 141 532 2305 364 248 147 1504 175
internal_value=-0.000157332 -0.0122505 -0.014229 0.0235366 0.0147611 0.0210647 0.00630925 0.0351148 -0.0194902 -0.000538672 -0.00397806 0.0168193 -0.00558914 -0.00680868
internal_weight=1599.13 1060.35 1037.33 538.778 312.956 174.987 137.969 225.822 682.531 86.4112 354.802 51.5583 311.599 290.751
internal_count=9183 6212 6089 2971 1747 975 772 1224 4042 484 2047 288 1799 1679
is_linear=0
shrinkage=0.03


Tree=4
num_leaves=15
num_cat=0
split_feature=0 24 0 0 15 0 23 17 7 10 12 12 12 7
split_gain=497.843 177.864 62.869 49.3841 10.5453 8.78351 7.2696 7.27912 6.23537 10.6205 6.28745 7.67253 7.27028 6.38097
threshold=8.5000000000000018 1.0000000180025095e-35 5.5000000000000009 15.500000000000002 21.650000000000002 2.5000000000000004 5.4500000000000011 0.32500000000000007 2.4500000000000006 0.96500000000000008 68.350000000000009 75.450000000000017 60.750000000000007 5.4500000000000011
decision_type=2 2 2 2 10 2 2 8 2 2 2 2 2 2
left_child=1 2 5 4 8 -1 7 -4 9 -2 12 -12 -10 -14
right_child=3 -3 6 -5 -6 -7 -8 -9 10 -11 11 -13 13 -15
leaf_value=-0.023245152407747931 0.0086150744767037168 0.06019490446980913 0.0079993776874117024 0.037299777428052731 0.024209998311674096 -0.015653087995461258 0.011956436437120544 -0.0060843725526068147 0.013665961505562247 0.030814374035943806 0.021961100900723025 0.003495947473762178 -0.011406430317474335 0.0079016171443268609
leaf_weight=291.94773311913013 45.451375499367714 25.286032527685165 32.60116907954216 161.25001826882362 132.02362030744553 384.46797901391983 20.773715287446976 307.49281466007233 31.704177513718605 37.926599264144897 50.217398047447205 35.463182136416435 31.418156385421753 22.137820169329643
leaf_count=1766 252 131 188 850 718 2285 120 1779 178 208 280 198 177 124
internal_value=0.000286206 -0.0116791 -0.0137116 0.0233998 0.0171958 -0.0190764 -0.00353236 -0.00463797 0.013158 0.019885 0.00940499 0.0149325 0.0033307 -0.00343207
internal_weight=1610.16 1062.57 1037.28 547.592 386.342 676.416 360.868 340.094 254.319 83.378 170.941 85.6806 85.2602 53.556
internal_count=9254 6269 6138 2985 2135 4051 2087 1967 1417 460 957 478 479 301
is_linear=0
shrinkage=0.03


Tree=5
num_leaves=15
num_cat=0
split_feature=0 24 0 0 0 8 0 15 5 10 23 12 4 15
split_gain=421.259 158.602 55.9895 38.9967 11.3253 9.64571 9.41813 7.75031 6.8624 6.41599 5.96786 5.88805 5.69193 4.95556
threshold=8.5000000000000018 1.0000000180025095e-35 5.5000000000000009 15.500000000000002 2.5000000000000004 71.350000000000009 10.500000000000002 3.3500000000000001 57.150000000000013 0.78500000000000014 5.2500000000000009 69.250000000000014 6.0022974083354983 7.5500000000000007
decision_type=2 2 2 2 2 2 2 10 2 2 2 2 2 8
left_child=1 2 4 6 -1 10 13 -8 11 -10 -4 12 -9 -2
right_child=3 -3 5 -5 -6 -7 7 8 9 -11 -12 -13 -14 -15
leaf_value=-0.023080969969959057 -0.0029950274077558824 0.055995204311212736 -0.006617847584133695 0.033469654196909136 -0.014598845356590751 0.0088952946007411268 0.0044139429081624408 0.016246269173778256 0.015884118056102719 0.034643427309138212 0.008471816675527398 0.02217639966297243 -0.0018493761715016942 0.011537517540786314
leaf_weight=284.07488146424294 22.790595099329948 25.80579374730587 293.54928646981716 160.09881009161472 379.24320930242538 43.797561079263687 30.310257121920586 26.012808784842491 43.31797482073307 54.499598443508148 21.378678217530251 48.689399436116219 29.730109378695488 133.36006304621696
leaf_count=1742 127 130 1705 829 2274 251 167 143 234 294 123 265 163 738
internal_value=-0.000138047 -0.0112788 -0.0132417 0.0210429 -0.0183769 -0.00362419 0.0155646 0.0194261 0.0215151 0.0275124 -0.0054771 0.0148973 0.00723728 0.00938934
internal_weight=1596.66 1047.85 1022.04 548.81 663.318 358.726 388.711 232.56 202.25 97.8176 314.928 104.432 55.7429 156.151
internal_count=9185 6225 6095 2960 4016 2079 2131 1266 1099 528 1828 571 306 865
is_linear=0
shrinkage=0.03


Tree=6
num_leaves=15
num_cat=0
split_feature=0 24 0 0 0 0 7 15 5 4 9 0 4 4
split_gain=398.733 151.829 59.5399 40.3307 13.5112 10.883 10.3742 7.18858 6.08246 5.90346 5.52561 9.88152 9.50608 14.2548
threshold=8.5000000000000018 1.0000000180025095e-35 5.5000000000000009 16.500000000000004 2.5000000000000004 11.500000000000002 3.2500000000000004 7.5500000000000007 57.750000000000007 5.6825674230100001 4.0550000000000006 6.5000000000000009 5.6217281388607301 5.5460031614459471
decision_type=2 2 2 2 2 2 2 8 2 2 2 2 2 2
left_child=1 2 4 5 -1 7 -7 -2 9 -9 11 -4 13 -13
right_child=3 -3 10 -5 -6 6 -8 8 -10 -11 -12 12 -14 -15
leaf_value=-0.023113909259607945 -0.002657895256586237 0.054393182365030684 -0.0081896094272058632 0.034904143688315507 -0.013948823822235432 0.029100207130605463 0.014315265035424421 0.018077152013818345 0.017677805925401826 0.0013429088076573107 -0.010251700889499346 0.0012043249309880595 -0.0016891641141619747 0.029568149561007423
leaf_weight=279.89684522151947 29.878790840506554 26.455229982733727 103.31908963620663 132.78388218581676 380.67982667684555 82.012153118848801 125.98011556267738 22.408721119165421 101.06434240937233 64.623737022280693 66.704961314797401 42.107316747307777 126.46202026307583 21.116797178983688
leaf_count=1740 166 130 601 675 2302 436 677 123 550 356 389 244 734 121
internal_value=0.000197681 -0.0107148 -0.01266 0.0205544 -0.0179767 0.0157282 0.0206913 0.0106346 0.0127602 0.00639959 -0.00278383 -0.000940232 0.00311731 0.0121505
internal_weight=1605.49 1046.74 1020.29 558.752 660.577 425.968 207.992 217.976 188.097 87.0325 359.71 293.005 189.686 63.2241
internal_count=9244 6261 6131 2983 4042 2308 1113 1195 1029 479 2089 1700 1099 365
is_linear=0
shrinkage=0.03


Tree=7
num_leaves=15
num_cat=0
split_feature=0 24 0 0 15 0 7 15 7 0 8 23 4 23
split_gain=401.13 127.738 54.6284 30.4889 11.8605 9.87991 7.1529 10.7668 6.37682 9.06211 6.65652 7.07469 5.87977 5.60323
threshold=8.5000000000000018 1.0000000180025095e-35 5.5000000000000009 13.500000000000002 21.650000000000002 2.5000000000000004 2.4500000000000006 14.250000000000002 7.0500000000000007 16.500000000000004 57.350000000000001 3.5500000000000003 5.6723329579150699 3.6500000000000008
decision_type=2 2 2 2 10 2 2 8 2 2 2 2 2 2
left_child=1 2 5 4 6 -1 7 -2 10 -10 -5 -12 -4 -14
right_child=3 -3 12 8 -6 -7 -8 -9 9 -11 11 -13 13 -15
leaf_value=-0.022225207996623673 0.026853238796102585 0.049633680182460928 0.00092761752932752218 0.037465276279566369 0.022133688057203754 -0.014242590439738034 0.005456334786040266 0.0036363238341167335 0.0042263355222246441 0.026413033427553811 0.00798979226892064 0.02922081610871843 -0.0096947339802408595 0.001959713264908567
leaf_weight=282.22048406302929 38.936454460024834 25.61005362868309 167.09395678341389 102.35289943218231 105.18725004792213 378.37387423217297 146.57394573092461 33.466513633728027 28.498559191823006 43.585874333977699 28.043220326304436 39.412141233682632 139.50832109153271 47.961874350905418
leaf_count=1779 210 123 969 522 558 2307 808 181 150 218 144 202 815 279
internal_value=8.20352e-05 -0.0109604 -0.0127248 0.0203031 0.013931 -0.0177943 0.0095847 0.0170499 0.0283874 0.0184846 0.0319423 0.0215549 -0.00316367 -0.00673964
internal_weight=1606.83 1040.77 1015.16 566.057 324.164 660.594 218.977 72.403 241.893 72.0844 169.808 67.4554 354.564 187.47
internal_count=9265 6272 6149 2993 1757 4086 1199 391 1236 368 868 346 2063 1094
is_linear=0
shrinkage=0.03


Tree=8
num_leaves=15
num_cat=0
split_feature=0 24 0 0 0 8 0 8 15 7 5 16 15 11
split_gain=354.751 130.996 50.5752 35.904 12.6346 8.1514 7.05522 6.58844 6.0437 6.77823 10.3501 5.21106 5.01431 6.14558
threshold=8.5000000000000018 1.0000000180025095e-35 5.5000000000000009 17.500000000000004 10.500000000000002 71.350000000000009 2.5000000000000004 61.050000000000004 3.3500000000000001 3.7500000000000004 56.750000000000007 3.9476542270801658 17.550000000000004 5.5500000000000007
decision_type=2 2 2 2 2 2 2 2 10 2 2 8 8 2
left_child=1 2 6 4 -2 7 -1 12 -6 10 -10 -9 -4 -14
right_child=3 -3 5 -5 8 -7 -8 11 9 -11 -12 -13 13 -15
leaf_value=-0.021183517326324123 0.0077154298871029243 0.049249504888189383 -0.0065688669416445146 0.034258065769601602 0.0062196396425362611 0.0084387577504369676 -0.014215444822801774 0.0037541339173831345 0.01461641171013181 0.014844080401438741 0.034334740162613848 -0.011635519249036441 0.0078143003177621132 -0.0091360554697043819
leaf_weight=275.77773930132389 158.27417969703674 27.182234138250351 68.877596065402031 108.58546870946884 37.60983869433403 42.977457284927368 374.58963139355183 20.888770788908005 57.505715191364288 145.32429412007332 61.248719856142998 125.50510077178478 73.021165609359741 20.971357479691505
leaf_count=1762 862 128 403 536 201 246 2303 122 301 763 316 735 425 122
internal_value=-3.28212e-05 -0.0105222 -0.012379 0.0188923 0.0149354 -0.00316123 -0.0173092 -0.00488186 0.0185357 0.0201416 0.0257626 -0.00938813 -0.000672467 0.00376195
internal_weight=1598.34 1029.79 1002.61 568.548 459.963 352.241 650.367 309.264 301.689 264.079 118.754 146.394 162.87 93.9925
internal_count=9225 6246 6118 2979 2443 2053 4065 1807 1581 1380 617 857 950 547
is_linear=0
shrinkage=0.03


Tree=9
num_leaves=15
num_cat=0
split_feature=0 24 0 0 15 0 7 6 8 11 16 12 9 0
split_gain=339.896 126.828 51.1978 34.1363 10.117 8.77564 8.11426 12.791 7.86484 7.64013 8.63828 7.97196 7.14428 8.66872
threshold=8.5000000000000018 1.0000000180025095e-35 5.5000000000000009 15.500000000000002 17.750000000000004 2.5000000000000004 2.4500000000000006 8.1500000000000004 71.350000000000009 2.1500000000000008 5.5677683737830064 68.050000000000011 4.0550000000000006 6.5000000000000009
decision_type=2 2 2 2 10 2 2 2 2 2 8 2 2 2
left_child=1 2 5 4 6 -1 7 -2 12 -8 -11 -12 13 -4
right_child=3 -3 8 -5 -6 -7 9 -9 -10 10 11 -13 -14 -15
leaf_value=-0.021781845789985314 0.000910012417443992 0.047555848976448663 -0.0099912567723125286 0.029439699349404335 0.018539771850733574 -0.014092214301870892 0.013447715314677903 0.025977045281509854 0.0082402331012122881 -0.011379528923135864 -0.0042891543239695308 0.015376430972033216 -0.014025646483790875 0.0014144496117938809
leaf_weight=269.88640889525414 29.955647796392441 27.908038660883904 87.532199174165726 169.22534987330437 175.87762820720673 373.05736020207405 49.60816378891468 43.736343920230865 42.474773392081261 36.005133211612701 33.002495169639587 32.899360656738281 57.366404801607132 167.54013465344906
leaf_count=1747 160 129 515 829 919 2313 270 230 242 196 181 178 339 976
internal_value=-0.00027876 -0.0105885 -0.0124436 0.0181952 0.0131469 -0.0174632 0.0086241 0.0164926 -0.00323408 0.00439251 -0.000438332 0.00592027 -0.00489919 -0.00261644
internal_weight=1596.08 1025.77 997.857 570.31 401.085 642.944 225.207 73.692 354.914 151.515 101.907 65.9019 312.439 255.072
internal_count=9224 6261 6132 2963 2134 4060 1215 390 2072 825 555 359 1830 1491
is_linear=0
shrinkage=0.03


Tree=10
num_leaves=15
num_cat=0
split_feature=0 24 0 0 0 10 15 7 10 23 8 23 16 11
split_gain=309.858 110.374 70.1699 18.9886 17.2062 7.27201 9.84467 8.16623 8.07852 6.74609 8.34783 5.79007 5.75812 5.3674
threshold=6.5000000000000009 1.0000000180025095e-35 10.500000000000002 18.500000000000004 2.5000000000000004 0.82500000000000007 42.050000000000004 2.4500000000000006 0.64500000000000013 3.8500000000000001 71.550000000000011 2.2500000000000004 3.7181278500871997 6.1500000000000012
decision_type=2 2 2 2 2 2 8 2 2 2 2 2 8 2
left_child=1 4 9 5 -1 6 8 -7 -4 10 -2 13 -13 -6
right_child=2 -3 3 -5 11 7 -8 -9 -10 -11 -12 12 -14 -15
leaf_value=-0.021733844928063153 -0.00032046844089313523 0.046737509597910912 0.019479252283890889 0.034480756864720796 -0.010163246741362332 0.031788881819261351 -0.0030881010488931636 0.016603490809709652 0.00065743841313809946 0.01009069105323754 0.015798111815813826 -0.0028829201075989044 -0.016944296689781306 0.0021429183100326915
leaf_weight=265.8028347492218 267.34009842574596 21.763323113322258 99.774050071835518 81.440541326999664 200.44068704545498 56.057065472006798 28.980557262897491 129.63395358622074 25.967246860265732 107.22726948559284 27.400478065013885 32.340036675333977 216.07820899784565 35.914570808410645
leaf_count=1744 1513 99 513 391 1239 282 149 668 134 599 152 200 1327 222
internal_value=0.000113407 -0.013493 0.012874 0.0213497 -0.0155372 0.0177546 0.0122484 0.021901 0.0157661 0.00382596 0.00141652 -0.0119523 -0.0152067 -0.00828765
internal_weight=1596.16 772.34 823.821 421.853 750.576 340.413 154.722 185.691 125.741 401.968 294.741 484.774 248.418 236.355
internal_count=9232 4831 4401 2137 4732 1746 796 950 647 2264 1665 2988 1527 1461
is_linear=0
shrinkage=0.03


Tree=11
num_leaves=15
num_cat=0
split_feature=0 24 0 4 0 16 8 10 4 4 0 17 15 9
split_gain=284.545 90.42 60.818 14.3868 13.6512 9.28196 10.4223 8.0952 7.2464 8.58745 7.1859 6.24244 6.1725 5.64534
threshold=6.5000000000000009 1.0000000180025095e-35 11.500000000000002 6.1719743840192729 2.5000000000000004 5.6589938860766162 60.850000000000001 0.82500000000000007 5.6347965750492053 5.4243776387234393 8.5000000000000018 0.32500000000000007 12.750000000000002 1.3250000000000004
decision_type=2 2 2 2 2 8 2 2 2 2 2 10 8 2
left_child=1 4 8 5 -1 -4 13 -5 9 -2 -10 12 -11 -7
right_child=2 -3 3 7 -6 6 -8 -9 10 11 -12 -13 -14 -15
leaf_value=-0.020101240960490773 -0.0021358978401554859 0.044669714740242845 0.02261101380006808 0.018907261183443245 -0.011335307163694398 0.026322540793686129 -0.0035723172968767304 0.037717654991472969 -0.0016291419530559664 0.0058533728262438042 0.0069602524591559772 0.0017599629031671187 0.025505521535935927 0.0087099247960022285
leaf_weight=263.25250671803951 31.184080377221107 19.206638842821121 118.1596892029047 55.699311763048172 486.42146322131157 25.545966237783432 34.225945860147476 67.656959503889084 159.84697629511356 24.716282248497009 184.99904610216618 23.969848453998566 48.357302442193031 53.678759008646011
leaf_count=1751 176 86 594 270 3020 129 176 328 927 139 987 135 267 271
internal_value=0.000330223 -0.0127685 0.0124968 0.0218017 -0.0145263 0.0167354 0.0099198 0.0302915 0.00535991 0.0113231 0.00301242 0.0155408 0.019659 0.0156146
internal_weight=1596.92 768.881 828.04 354.967 749.674 231.61 113.451 123.356 473.074 128.228 344.846 97.0434 73.0736 79.2247
internal_count=9256 4857 4399 1768 4771 1170 576 598 2631 717 1914 541 406 400
is_linear=0
shrinkage=0.03


Tree=12
num_leaves=15
num_cat=0
split_feature=0 0 0 25 25 7 0 15 9 18 23 12 12 12
split_gain=293.481 37.3944 27.3567 14.9823 11.9756 11.899 8.78436 8.29336 7.52835 7.0547 6.70435 6.6279 6.27766 9.49561
threshold=8.5000000000000018 5.5000000000000009 13.500000000000002 1.0000000180025095e-35 1.0000000180025095e-35 9.9500000000000011 3.5000000000000004 21.650000000000002 3.1150000000000007 147.50000000000003 4.5500000000000007 56.45000000000001 76.950000000000017 66.450000000000017
decision_type=2 2 2 2 2 2 2 10 2 8 2 2 2 2
left_child=1 3 7 6 -3 -4 -1 10 -6 -8 12 -5 13 -2
right_child=2 4 5 11 8 -7 9 -9 -10 -11 -12 -13 -14 -15
leaf_value=-0.018790061065249219 -0.00069844391518186137 -0.0047360987449434309 0.027252995843299752 -0.014852587603788693 0.014995371790895752 0.0081309043221429005 0.0045737881842452576 0.017611959386699804 -0.0047022591166128681 -0.012406403402847365 0.017604908528238108 0.0032840791509963136 -0.0071782031691128862 0.013947505030428898
leaf_weight=352.64235338568687 74.292026057839394 288.64374819397926 207.66975642740726 20.202923685312271 47.586471751332283 40.167216718196869 22.265738129615784 111.69395868480206 23.22647812962532 189.20736229419708 42.081767737865448 60.301332503557205 29.408650457859039 79.795589059591293
leaf_count=2336 399 1694 1006 127 266 195 139 571 132 1201 223 351 157 425
internal_value=1.75189e-05 -0.00981056 0.0168232 -0.0141078 -0.00201643 0.0243759 -0.0158225 0.0109983 0.00865057 -0.0105542 0.0074126 -0.00186978 0.00467019 0.00708607
internal_weight=1589.19 1004.08 585.109 644.62 359.457 247.837 564.115 337.272 70.8129 211.473 225.578 80.5043 183.496 154.088
internal_count=9222 6246 2976 4154 2092 1201 3676 1775 398 1340 1204 478 981 824
is_linear=0
shrinkage=0.03


Tree=13
num_leaves=15
num_cat=0
split_feature=0 24 0 0 15 7 0 23 8 12 18 13 4 0
split_gain=260.563 103.434 41.1306 25.7085 9.39083 9.27551 8.15515 7.9688 8.78102 6.59852 5.14617 5.66124 5.11284 5.41523
threshold=8.5000000000000018 1.0000000180025095e-35 5.5000000000000009 13.500000000000002 16.750000000000004 2.7500000000000004 2.5000000000000004 2.4500000000000006 56.350000000000001 66.450000000000017 149.50000000000003 3.2500000000000004 5.9154285850625064 6.5000000000000009
decision_type=2 2 2 2 10 2 2 2 2 2 8 2 2 2
left_child=1 2 6 4 5 9 -1 -5 -9 -2 -8 -12 13 -4
right_child=3 -3 12 7 -6 -7 10 8 -10 -11 11 -13 -14 -15
leaf_value=-0.019962743005549892 0.0023750208761808937 0.043853284071003751 -0.0066827818616444811 0.0063354150240269346 0.015576532527231884 -0.00011665303888733505 -0.0021684912064809797 0.030313471323159806 0.016610673945057969 0.020713497719175515 -0.0022390379349176417 -0.015159435708910457 -0.01246322005291927 0.0014615084560860622
leaf_weight=255.95126786828041 31.272192776203156 27.037796452641487 108.94423022866249 27.642049685120583 149.38675013184547 113.42618449032307 41.158012270927429 127.0041950494051 98.860589757561684 40.38629837334156 36.321939870715141 279.56165796518326 38.439719572663307 203.12043096125126
leaf_count=1744 164 120 651 134 765 612 259 606 476 210 232 1789 227 1180
internal_value=2.60873e-05 -0.0093512 -0.0110629 0.0157691 0.0100664 0.00532627 -0.0157214 0.022953 0.0248054 0.0133874 -0.0124472 -0.0137318 -0.00280923 -0.00144228
internal_weight=1578.51 990.535 963.497 587.978 334.471 185.085 612.993 253.507 225.865 71.6585 357.042 315.884 350.504 312.065
internal_count=9169 6202 6082 2967 1751 986 4024 1216 1082 374 2280 2021 2058 1831
is_linear=0
shrinkage=0.03


Tree=14
num_leaves=15
num_cat=0
split_feature=0 24 0 0 17 10 15 7 10 9 0 5 0 13
split_gain=244.204 94.4961 43.6256 26.552 7.39096 6.37137 10.0467 10.5015 7.33072 7.44919 6.87989 8.46448 5.64425 5.58963
threshold=8.5000000000000018 1.0000000180025095e-35 5.5000000000000009 16.500000000000004 0.34500000000000003 0.81500000000000006 39.250000000000007 3.7500000000000004 0.64500000000000013 3.5750000000000006 10.500000000000002 56.750000000000007 2.5000000000000004 4.1500000000000012
decision_type=2 2 2 2 10 2 8 2 2 2 2 2 2 2
left_child=1 2 12 4 5 8 7 10 9 13 -7 -12 -1 -2
right_child=3 -3 -4 -5 -6 6 -8 -9 -10 -11 11 -13 -14 -15
leaf_value=-0.019139935746600917 0.020173869403135876 0.040473523339508002 -0.0021957540237023672 0.026263197055893823 -0.0013728718957954182 0.0070236230422299111 0.032004363255804809 0.0056428449219717335 -0.0029721637920369073 0.00012872252080199729 0.01043978296907604 0.035701914986719784 -0.012695530656360048 0.0062132758635697156
leaf_weight=254.11794863641262 68.555771991610527 28.762014999985695 348.80818016827106 145.83491300046444 36.542546689510345 30.283348962664604 28.454031422734261 96.160040184855461 39.423671409487724 41.646136686205864 26.199912026524544 31.58779302239418 357.11226899921894 49.274737954139709
leaf_count=1754 352 126 2051 676 194 159 143 495 205 214 132 154 2298 256
internal_value=9.67735e-05 -0.00902306 -0.010708 0.0152276 0.0113861 0.0125218 0.0161761 0.0129504 0.00831337 0.0111088 0.0201974 0.0259919 -0.0155083 0.0148264
internal_weight=1582.76 988.8 960.038 593.963 448.128 411.585 212.685 184.231 198.9 159.477 88.0711 57.7877 611.23 117.831
internal_count=9209 6229 6103 2980 2304 2110 1083 940 1027 822 445 286 4052 608
is_linear=0
shrinkage=0.03


Tree=15
num_leaves=15
num_cat=0
split_feature=0 0 0 25 0 23 7 23 15 12 5 7 12 0
split_gain=253.843 33.9063 25.8188 12.3538 9.60692 7.8206 7.31315 7.21486 11.8353 9.70176 12.7539 7.03174 6.83256 6.13751
threshold=8.5000000000000018 5.5000000000000009 14.500000000000002 1.0000000180025095e-35 3.5000000000000004 2.3500000000000001 9.9500000000000011 4.5500000000000007 19.250000000000004 60.550000000000004 64.350000000000009 3.2500000000000004 53.95000000000001 6.5000000000000009
decision_type=2 2 2 2 2 2 2 2 8 2 2 2 2 2
left_child=1 3 7 4 -1 -6 -4 8 11 -10 -11 -2 -3 -14
right_child=2 12 6 -5 5 -7 -8 -9 9 10 -12 -13 13 -15
leaf_value=-0.018340446333462896 0.0088238911073340448 0.01236654820266919 0.026012299711451265 -0.0023934211603111591 -0.0037092867689988212 -0.015412849849935739 0.0094018452980126448 0.018670778046745114 0.027813474372579215 0.01385450966632484 -0.0085436234519420395 -0.0040350245643834531 -0.008656619371635985 -0.00019869080802545339
leaf_weight=337.52507221698761 64.498486772179604 22.790059089660645 181.55148029327393 80.187724038958549 105.67345769703388 103.38024887442589 36.084418296813965 73.804558247327805 30.627613171935081 104.19738654792309 25.295319691300392 80.648009732365608 113.16115248203278 223.53359451889992
leaf_count=2315 334 131 847 479 683 671 170 377 156 532 129 431 677 1293
internal_value=-4.32412e-05 -0.00937354 0.0153278 -0.0135603 -0.015162 -0.00972171 0.0235313 0.010373 0.00809828 0.013596 0.00932426 0.00178263 -0.00198806 -0.00312643
internal_weight=1582.96 986.251 596.707 626.767 546.579 209.054 217.636 379.071 305.267 160.12 129.493 145.146 359.485 336.695
internal_count=9225 6249 2976 4148 3669 1354 1017 1959 1582 817 661 765 2101 1970
is_linear=0
shrinkage=0.03


Tree=16
num_leaves=15
num_cat=0
split_feature=0 0 4 25 23 4 15 0 23 16 0 15 9 5
split_gain=209.722 32.7424 27.03 14.6048 8.82687 7.40226 7.36533 7.18362 8.18096 7.05572 7.53035 6.93021 6.58804 8.5211
threshold=8.5000000000000018 5.5000000000000009 6.1719743840192729 1.0000000180025095e-35 3.9500000000000006 5.8195837339240084 30.850000000000005 3.5000000000000004 2.3500000000000001 5.4679630881166057 13.500000000000002 50.250000000000007 4.0250000000000012 60.250000000000007
decision_type=2 2 2 2 2 2 10 2 2 10 2 8 2 2
left_child=1 3 4 7 5 -2 -4 -1 -9 10 -7 -6 -3 -14
right_child=2 12 6 -5 11 9 -8 8 -10 -11 -12 -13 13 -15
leaf_value=-0.017247180771656288 0.014075633312481746 0.00058216336492188862 0.019242558258520028 -0.00064254298443847569 0.017959310192663894 0.0031221070016717572 0.037065478646540029 -0.0034375083657833222 -0.015575890954432438 -0.00065770931545619451 0.022580145206808004 0.0013927178049726338 -0.018467434938504699 0.0019349452810918388
leaf_weight=337.179114818573 83.42693829536438 295.33974649012089 98.078902825713158 78.806138783693314 148.24816529452801 49.593568533658981 38.697351396083832 103.08787167072296 99.140066906809807 132.13442516326904 24.865280330181122 27.720345765352249 36.296582147479057 31.704690143465996
leaf_count=2339 431 1722 459 472 734 257 178 668 650 670 119 139 215 187
internal_value=-4.12935e-05 -0.00858126 0.0138215 -0.012755 0.0101851 0.00677676 0.0254144 -0.0145025 -0.00962046 0.00356635 0.010632 0.0154602 -0.00140298 -0.00947409
internal_weight=1584.32 981.554 602.765 618.213 465.989 290.02 136.776 539.407 202.228 206.593 74.4588 175.969 363.341 68.0013
internal_count=9240 6253 2987 4129 2350 1477 637 3657 1318 1046 376 873 2124 402
is_linear=0
shrinkage=0.03


Tree=17
num_leaves=15
num_cat=0
split_feature=0 24 0 4 9 0 15 15 4 10 25 10 0 0
split_gain=204.636 78.6683 47.1458 14.0278 13.2762 9.92256 6.88607 6.51707 7.97177 9.64782 7.03271 6.54939 5.62448 5.4036
threshold=6.5000000000000009 1.0000000180025095e-35 11.500000000000002 6.1903464077001455 4.6150000000000011 2.5000000000000004 19.750000000000004 22.350000000000005 5.8434819419237884 0.81500000000000006 1.0000000180025095e-35 0.28500000000000009 8.5000000000000018 15.500000000000002
decision_type=2 2 2 2 2 2 10 10 2 2 2 2 2 2
left_child=1 5 4 13 7 -1 -5 8 9 10 -2 -10 -6 -4
right_child=2 -3 3 6 12 -7 -8 -9 11 -11 -12 -13 -14 -15
leaf_value=-0.018279447590800094 -0.0033830004690058825 0.039509329902357677 0.0097732167117904143 0.016277287085330244 -0.015873989382709005 -0.01052424245928857 0.033831890909239513 0.012215615225907148 0.010395910201838481 0.014329830799251481 0.014219605494744164 -0.0061230681695261724 0.0008869893316527964 0.019382202931714936
leaf_weight=244.54790060222149 80.398627445101738 21.57108561694622 161.35202524065971 53.253987193107605 34.256231814622879 465.77590717375278 62.515946805477142 101.65052919089794 22.832519292831421 86.326882481575012 21.869855552911758 93.89760410785675 32.379113152623177 95.269984766840935
leaf_count=1747 454 93 806 246 203 3000 285 542 124 480 118 514 168 438
internal_value=8.45096e-05 -0.0114892 0.0101059 0.0180228 0.00375767 -0.0133033 0.026765 0.00579758 0.00349846 0.00724126 0.000868616 -0.00259765 -0.00823613 0.0136428
internal_weight=1577.9 731.895 846.003 372.392 473.611 710.324 115.77 406.976 305.325 188.595 102.268 116.73 66.6353 256.622
internal_count=9218 4840 4378 1775 2603 4747 531 2232 1690 1052 572 638 371 1244
is_linear=0
shrinkage=0.03


Tree=18
num_leaves=15
num_cat=0
split_feature=0 0 7 0 25 0 9 9 12 10 15 6 4 23
split_gain=179.778 40.7528 14.2654 13.5256 13.3198 11.5312 7.99553 9.58505 6.95905 6.68628 6.26483 9.71671 5.85868 6.85201
threshold=6.5000000000000009 11.500000000000002 12.850000000000003 20.500000000000004 1.0000000180025095e-35 3.5000000000000004 3.8350000000000004 2.8150000000000004 56.45000000000001 0.91500000000000015 12.550000000000002 9.6500000000000004 5.6459966882670667 3.8500000000000001
decision_type=2 2 2 2 2 2 2 2 2 2 10 2 2 2
left_child=4 6 3 -3 5 -1 7 12 -6 -10 -8 -12 -2 -14
right_child=1 2 -4 -5 8 -7 10 -9 9 -11 11 -13 13 -15
leaf_value=-0.01656016644375076 0.0094091398091051669 0.015197930436749911 -0.0039673079275118345 0.032174264081277049 -0.013482202451864654 -0.0081641383821229301 -0.010487914722132148 0.014794302224402103 0.010459310808557722 -0.0073724788913232218 0.014214071730168205 -0.0095037434758616472 -0.0032285837144074596 0.0082800052760527085
leaf_weight=328.74417518079281 82.760625049471855 295.60860539972782 26.59313653409481 51.947460293769836 22.571732997894287 296.9311212003231 54.359172165393829 72.859775751829147 46.587533935904503 25.508699312806129 28.657228082418442 24.230520829558372 151.77488020062447 61.232683882117271
leaf_count=2331 453 1414 127 231 145 1910 309 398 268 152 157 132 833 329
internal_value=-0.000111393 0.00920847 0.0165516 0.0181556 -0.0110967 -0.0126719 0.00332297 0.00540612 -0.000572725 0.0040812 -0.0037591 0.00346545 0.00288594 0.000193783
internal_weight=1570.37 850.024 374.149 347.556 720.343 625.675 475.875 368.628 94.668 72.0962 107.247 52.8877 295.768 213.008
internal_count=9189 4383 1772 1645 4806 4241 2611 2013 565 420 598 289 1615 1162
is_linear=0
shrinkage=0.03


Tree=19
num_leaves=15
num_cat=0
split_feature=0 24 24 0 0 0 10 4 9 4 4 10 12 10
split_gain=197.155 64.4418 44.5876 37.5424 13.305 12.5234 8.55647 6.70604 8.6081 8.09357 8.63972 6.44677 8.45164 6.30676
threshold=6.5000000000000009 1.0000000180025095e-35 1.0000000180025095e-35 9.5000000000000018 2.5000000000000004 19.500000000000004 2.1350000000000002 5.9442074346194635 3.8950000000000005 5.4243776387234393 5.6217281388607301 1.0750000000000004 71.850000000000009 1.8450000000000004
decision_type=2 2 2 2 2 2 2 2 2 2 2 2 2 2
left_child=1 4 3 7 -1 6 13 8 9 -2 -11 12 -12 -5
right_child=2 -3 -4 5 -6 -7 -8 -9 -10 10 11 -13 -14 -15
leaf_value=-0.018714152586961109 -0.010623085828454932 0.034716268133199168 0.045956029322570049 0.010918999033342867 -0.0097585527475363733 0.025653105200812674 0.023560395375620238 -0.0094983580533779654 -0.0072302788770069459 0.016362643469462344 -0.0080002631185400568 0.011507906064541095 0.0094254765196810347 -0.003884505851652236
leaf_weight=237.99573044478893 21.808826804161072 21.818339005112648 25.146883010864258 371.20544490218163 460.36693406105042 66.536948263645172 45.74820365011692 44.916823700070381 60.517896592617035 57.764437422156334 62.296853512525558 46.196536883711815 35.001491501927376 25.397859379649162
leaf_count=1739 122 93 118 1816 3001 294 221 251 353 320 353 259 199 124
internal_value=0.000296249 -0.0112492 0.00994549 0.00859774 -0.0129219 0.0136615 0.0115912 0.000666155 0.00241277 0.00513007 0.00705325 0.00288094 -0.00157734 0.00993445
internal_weight=1582.72 720.181 862.538 837.391 698.363 508.888 442.352 328.503 283.586 223.068 201.259 143.495 97.2983 396.603
internal_count=9263 4833 4430 4312 4740 2455 2161 1857 1606 1253 1131 811 552 1940
is_linear=0
shrinkage=0.03


Tree=20
num_leaves=15
num_cat=0
split_feature=0 24 0 4 23 23 11 0 10 15 12 4 17 6
split_gain=167.253 89.314 33.0306 15.5612 10.3406 8.12495 7.5821 7.04194 6.56555 5.99686 5.56552 5.31344 5.28433 5.27559
threshold=8.5000000000000018 1.0000000180025095e-35 5.5000000000000009 6.2284104152997699 3.9500000000000006 5.4500000000000011 2.9500000000000006 2.5000000000000004 0.94500000000000006 61.750000000000007 76.050000000000011 5.8195837339240084 0.32500000000000007 9.6500000000000004
decision_type=2 2 2 2 2 2 2 2 2 8 2 2 8 2
left_child=1 2 7 4 6 12 10 -1 -5 11 13 -6 -4 -2
right_child=3 -3 5 8 9 -7 -8 -9 -10 -11 -12 -13 -14 -15
leaf_value=-0.017987067903899832 0.01009046730072386 0.038598956665211896 0.0072294653467307032 0.013429656832612482 0.0056759348585595747 0.014098088680518006 0.010844399426984522 -0.010813010130663582 0.031597349294912598 0.0015392064747338458 -0.0088274973196763168 0.019789209808339311 -0.0046816864591046579 -0.0021383617704172379
leaf_weight=234.58553737401962 64.124915733933449 31.269479557871819 33.217215478420258 47.966415464878082 34.70954617857933 20.827308282256126 166.80855639278889 341.55523516237736 45.323155850172043 26.007222294807434 31.298472627997398 142.41341938078403 296.77066165208817 56.019866317510605
leaf_count=1736 323 133 192 216 172 120 836 2289 202 129 156 680 1763 278
internal_value=0.000109192 -0.00771281 -0.00947377 0.0122669 0.0100689 -0.00217076 0.00652666 -0.0138637 0.0234145 0.0153284 0.00157626 0.0172553 -0.00339268 0.00453091
internal_weight=1572.9 958.225 926.956 614.672 521.382 350.815 318.252 576.141 93.2896 203.13 151.443 177.123 329.988 120.145
internal_count=9225 6233 6100 2992 2574 2075 1593 4025 418 981 757 852 1955 601
is_linear=0
shrinkage=0.03


Tree=21
num_leaves=15
num_cat=0
split_feature=0 24 0 0 9 0 10 16 10 10 15 16 5 9
split_gain=169.442 69.211 38.3696 10.6248 10.0165 9.8595 7.48487 9.82486 7.71988 12.244 8.27881 6.20318 5.45299 8.75191
threshold=6.5000000000000009 1.0000000180025095e-35 10.500000000000002 2.5000000000000004 3.7750000000000004 19.500000000000004 0.92500000000000016 5.4679630881166057 1.3650000000000004 2.0950000000000002 25.150000000000002 5.5640354513451644 53.650000000000013 1.5250000000000001
decision_type=2 2 2 2 2 2 2 8 2 2 8 10 2 2
left_child=1 3 4 -1 12 6 7 -4 -8 10 -10 -9 13 -2
right_child=2 -3 5 -5 -6 -7 8 11 9 -11 -12 -13 -14 -15
leaf_value=-0.017886613617419653 0.00068535561429156511 0.035372669704088693 0.018377674036920984 -0.0097795989086411836 -0.0064178442599502018 0.025345269658063819 0.024389763826475067 -0.0056133060845944757 -0.0052945903731316793 0.022702089332913573 0.014016900799268607 0.0076997155631637953 0.0025777351560528267 0.022094318444307044
leaf_weight=234.61491948366165 32.611963003873825 23.381471201777458 53.665645331144333 455.20068342983723 90.001190349459648 69.058577328920364 74.943677946925163 42.160619288682938 42.189420461654663 44.951716110110283 30.019784644246101 92.933978706598282 254.06971652805805 32.124431312084198
leaf_count=1758 179 98 256 3003 512 301 356 205 203 212 141 446 1398 175
internal_value=-6.91705e-05 -0.0108362 0.0088841 -0.0126458 0.0021849 0.0148802 0.0126788 0.00808977 0.0168684 0.0112559 0.00312165 0.0034929 0.00467511 0.0121316
internal_weight=1571.93 713.197 858.731 689.816 408.807 449.923 380.865 188.76 192.105 117.161 72.2092 135.095 318.806 64.7364
internal_count=9243 4859 4384 4761 2264 2120 1819 907 912 556 344 651 1752 354
is_linear=0
shrinkage=0.03


Tree=22
num_leaves=15
num_cat=0
split_feature=0 24 0 4 10 0 7 5 25 8 12 6 7 12
split_gain=164.81 72.2926 29.9394 14.1905 8.59431 7.36254 6.94871 6.22951 11.1304 5.77753 7.32169 5.29273 6.04446 7.91848
threshold=8.5000000000000018 1.0000000180025095e-35 4.5000000000000009 6.218609712010843 0.82500000000000007 13.500000000000002 7.5500000000000007 60.45000000000001 1.0000000180025095e-35 72.450000000000017 55.250000000000007 6.6500000000000012 2.4500000000000006 69.550000000000011
decision_type=2 2 2 2 2 2 2 2 2 2 2 2 2 2
left_child=1 2 -1 5 -5 7 -7 8 -2 10 -4 -9 -13 -14
right_child=3 -3 9 4 -6 6 -8 11 -10 -11 -12 12 13 -15
leaf_value=-0.014802996070959997 -0.0011715076429940044 0.034014780663347004 0.0078882791686493235 0.010766712933903518 0.029683162646430811 0.018154716770515136 0.0037256994229111812 0.0030719627214013021 0.013043615894519672 0.0054775979440391219 -0.0062689027454159623 0.026191388416436291 0.01915070622058165 -0.0030246168527179882
leaf_weight=458.30525515973568 140.74830958247185 31.004118353128433 31.735648691654205 46.374254912137985 57.2255579829216 131.57271420955658 42.39340429008007 41.617317050695419 70.924526423215866 48.342029139399529 377.39959925413132 31.434418842196465 25.236604869365692 25.572822153568268
leaf_count=3301 719 130 191 207 252 602 197 211 357 294 2317 154 128 130
internal_value=6.99376e-06 -0.00782622 -0.00941978 0.012069 0.0221012 0.00983412 0.0148409 0.00705845 0.00378259 -0.00392508 -0.00508878 0.0122927 0.0165152 0.00871862
internal_weight=1559.89 946.787 915.783 613.1 103.6 509.5 173.966 335.534 211.673 457.477 409.135 123.861 82.2438 50.8094
internal_count=9190 6233 6103 2957 459 2498 799 1699 1076 2802 2508 623 412 258
is_linear=0
shrinkage=0.03


Tree=23
num_leaves=15
num_cat=0
split_feature=0 24 0 0 9 8 11 12 8 16 5 16 0 18
split_gain=152.758 73.0781 23.9107 16.7698 7.43572 6.67863 6.61725 7.73803 5.84506 5.70199 7.55574 5.59954 5.4854 6.71453
threshold=8.5000000000000018 1.0000000180025095e-35 5.5000000000000009 16.500000000000004 3.5750000000000006 71.350000000000009 2.9500000000000006 75.350000000000009 63.45000000000001 5.5466253194765551 60.45000000000001 5.6121510136421309 2.5000000000000004 149.50000000000003
decision_type=2 2 2 2 2 2 2 2 2 10 2 10 2 8
left_child=1 2 12 4 6 8 7 11 -4 -8 -11 -2 -1 -14
right_child=3 -3 5 -5 -6 -7 9 -9 -10 10 -12 -13 13 -15
leaf_value=-0.016446085314641205 0.014857777677269661 0.034839668095555242 -0.0012519467578285428 0.02032373844493179 0.0027154022099313679 0.0079564751824082233 0.0089735488965411361 -0.0057315782167903411 -0.0099751217921322868 0.011937651006607959 0.03140556666066005 0.0014255173470532612 0.0016521274409135459 -0.011514573083973127
leaf_weight=229.72706462442875 70.632812440395355 30.749230653047562 203.12875437736511 153.11976933479309 135.10333834588528 41.565900385379791 89.670208558440208 34.013263687491417 101.17887087166309 55.044296696782112 32.831499859690666 46.119502320885658 38.09217581152916 296.8570201843977
leaf_count=1760 351 128 1209 669 668 239 448 169 609 272 160 228 255 2036
internal_value=0.000225765 -0.00736408 -0.00897178 0.0117796 0.00876973 -0.00270528 0.011183 0.00624656 -0.00426667 0.015089 0.0205103 0.00982821 -0.0127527 -0.0100149
internal_weight=1557.83 941.299 910.55 616.535 463.415 345.874 328.312 150.766 304.308 177.546 87.8758 116.752 564.676 334.949
internal_count=9201 6236 6108 2965 2296 2057 1628 748 1818 880 432 579 4051 2291
is_linear=0
shrinkage=0.03


Tree=24
num_leaves=15
num_cat=0
split_feature=0 24 24 0 0 4 17 5 7 0 6 6 12 0
split_gain=144.442 54.3966 37.6622 25.7086 11.7766 8.70776 10.85 10.8367 8.0683 7.62282 8.91998 6.97592 6.43559 6.41378
threshold=6.5000000000000009 1.0000000180025095e-35 1.0000000180025095e-35 13.500000000000002 3.5000000000000004 5.6723329579150699 0.32500000000000007 57.45000000000001 8.0500000000000025 10.500000000000002 5.7500000000000009 13.750000000000002 68.850000000000009 20.500000000000004
decision_type=2 2 2 2 2 2 10 2 2 2 2 2 2 2
left_child=1 4 3 5 -1 6 11 8 -7 10 -9 12 -2 -5
right_child=2 -3 -4 13 -6 7 -8 9 -10 -11 -12 -13 -14 -15
leaf_value=-0.015574838641942082 0.02584735636707498 0.031224598971065838 0.041934139148666789 0.011864708229561469 -0.0074289937814380142 -0.0072561118598089966 -0.0035320485099461472 -0.0095025681877800045 0.0083275056351492724 0.012429394774834908 0.0057319702330064157 0.001936796946788608 0.0081014899796146411 0.023814218563786373
leaf_weight=333.82282523810863 44.057414248585701 23.114503309130669 24.308195620775223 207.60569307208061 335.21686825156212 146.26198552548885 40.911768987774849 43.61159111559391 32.832563474774361 83.463216036558151 115.40586768090725 33.359486848115921 39.920745044946671 56.977882921695709
leaf_count=2507 238 95 110 942 2216 780 230 242 172 404 640 180 219 244
internal_value=0.000249106 -0.0099357 0.00837432 0.00716707 -0.0115788 0.00357254 0.0094583 0.0012782 -0.00425066 0.00536515 0.00139149 0.0139468 0.0183408 0.014832
internal_weight=1560.87 692.154 868.716 844.408 669.04 579.825 158.249 421.575 179.095 242.481 159.017 117.338 83.9782 264.584
internal_count=9219 4818 4401 4291 4723 3105 867 2238 952 1286 882 637 457 1186
is_linear=0
shrinkage=0.03


Tree=25
num_leaves=15
num_cat=0
split_feature=0 24 24 0 0 15 10 11 7 23 9 13 9 11
split_gain=137.562 61.3183 30.6381 30.7063 12.1844 8.18039 9.25848 8.38297 6.7582 6.63472 6.26492 5.8987 5.74753 5.56725
threshold=6.5000000000000009 1.0000000180025095e-35 1.0000000180025095e-35 13.500000000000002 2.5000000000000004 21.250000000000004 0.80500000000000016 4.6500000000000012 9.9500000000000011 2.2500000000000004 0.68500000000000016 5.2500000000000009 4.1550000000000011 2.9500000000000006
decision_type=2 2 2 2 2 10 2 2 2 2 2 2 2 2
left_child=1 4 3 5 -1 6 -2 13 -5 10 -6 12 -7 -8
right_child=2 -3 -4 8 9 11 7 -9 -10 -11 -12 -13 -14 -15
leaf_value=-0.017041725515191182 -0.0035596998483965955 0.033810619528201413 0.037867405124827093 0.017559586966014343 0.0053343446569388553 0.0087458430500930995 0.0048392904167899034 -0.0038460731088282313 0.0038284696930353593 -0.011843967937409765 -0.0069103099740739004 0.020233658991387668 -0.0054375859329259891 0.017722429348633544
leaf_weight=223.13075514137745 203.99244770407677 23.474787428975105 25.836899161338806 225.45387145876884 43.719063699245453 113.45070661604404 95.28793953359127 58.577857196331024 41.295435130596161 225.83664806187153 172.56061027944088 28.165631994605064 29.155702039599419 43.605655893683434
leaf_count=1748 1119 96 115 1003 297 580 510 317 187 1524 1165 146 150 235
internal_value=0.000413878 -0.00955156 0.00835938 0.00723172 -0.0113225 0.00325611 0.0008814 0.00544377 0.0155434 -0.00827779 -0.00437055 0.0086549 0.00576009 0.00935923
internal_weight=1553.54 688.722 864.822 838.985 665.247 572.236 401.464 197.471 266.749 442.116 216.28 170.772 142.606 138.894
internal_count=9192 4830 4362 4247 4734 3057 2181 1062 1190 2986 1462 876 730 745
is_linear=0
shrinkage=0.03


Tree=26
num_leaves=15
num_cat=0
split_feature=0 24 0 4 6 9 23 8 23 4 16 17 13 0
split_gain=139.961 52.5843 20.5456 15.6578 8.58032 6.06948 6.7521 5.71854 5.43331 7.24357 7.1606 6.10522 6.6121 4.92939
threshold=7.5000000000000009 1.0000000180025095e-35 5.5000000000000009 6.1903464077001455 16.950000000000003 4.8050000000000006 4.0500000000000007 71.550000000000011 4.3500000000000005 5.7126000344781183 5.7936297632452813 0.32500000000000007 3.5500000000000003 8.5000000000000018
decision_type=2 2 2 2 2 2 2 2 2 2 8 10 2 2
left_child=1 2 -1 8 -5 6 7 -4 9 11 -10 12 -2 -11
right_child=3 -3 5 4 -6 -7 -8 -9 10 13 -12 -13 -14 -15
leaf_value=-0.012914233596358468 0.0035213572834750404 0.02909215154588719 -0.0052018216749666196 0.024391876280300387 0.0068709347579058713 -0.015015909689098213 0.010116527587787798 0.0098486415966118224 0.016662701500892541 -0.0043266132659450897 0.0030218383189417513 0.00086712795502817631 0.023354391615703081 0.0052359652917196124
leaf_weight=545.16061200201511 24.199440062046051 27.933920726180077 150.18221820890903 86.249827861785889 41.748995065689087 24.476707205176353 38.61018867790699 21.89516369998455 107.85780382156372 53.528976023197174 53.703569769859314 28.601612776517868 46.937905445694923 307.07179543375969
leaf_count=4011 123 114 912 378 183 151 229 127 519 312 265 157 247 1499
internal_value=0.00040943 -0.00822686 -0.00973952 0.00971066 0.0191503 -0.00226422 -0.000469038 -0.00306278 0.00763057 0.00585744 0.0123553 0.0128408 0.0172819 0.0037767
internal_weight=1558.16 808.259 780.325 749.9 127.999 235.164 210.688 172.077 621.901 460.34 161.561 99.739 71.1373 360.601
internal_count=9227 5544 5430 3683 561 1419 1268 1039 3122 2338 784 527 370 1811
is_linear=0
shrinkage=0.03


Tree=27
num_leaves=15
num_cat=0
split_feature=4 4 1 15 6 23 1 23 25 10 4 11 13 11
split_gain=71.9461 34.33 17.7799 13.4887 8.77682 9.26481 8.04059 7.20251 7.19727 6.78018 5.97376 6.86521 5.97821 5.60663
threshold=6.0705791782984067 5.5460031614459471 1.0000000180025095e-35 14.65 20.850000000000005 4.4500000000000011 1.0000000180025095e-35 4.2500000000000009 1.0000000180025095e-35 1.5250000000000001 6.2663935011327005 2.9500000000000006 3.6500000000000008 0.95000000000000007
decision_type=2 2 2 8 2 2 2 2 2 2 2 2 2 2
left_child=1 2 8 6 5 -5 -3 10 -1 13 11 12 -2 -4
right_child=7 3 9 4 -6 -7 -8 -9 -10 -11 -12 -13 -14 -15
leaf_value=-0.0064309086117244636 0.0074067019722893705 0.009555542305772987 -0.0036151895449745182 0.0009552807448684385 0.016567314076253233 0.012921266782934917 -0.0054147043527118218 0.020468781993160313 0.0042519319180254209 0.0015041853878705244 0.018989952881006859 0.012208776341905933 -0.010730216140483383 -0.019611692950950884
leaf_weight=307.94740041345358 27.70094333589077 32.19565811753273 25.516267187893391 324.40154878050089 44.878050550818443 66.237584471702576 257.36819764226675 100.57597433030605 65.658548727631569 17.885843530297279 41.408321186900139 63.6067775785923 27.913391172885895 150.71009607613087
leaf_count=2163 129 162 190 1819 231 339 1521 445 378 128 179 296 132 1114
internal_value=-4.90799e-05 -0.00296306 -0.00845396 0.00136461 0.00467972 0.00312191 -0.00361627 0.014158 -0.00452212 -0.015718 0.00970803 0.00584959 -0.00183062 -0.0174592
internal_weight=1554 1292.8 567.718 725.081 435.517 390.639 289.564 261.205 373.606 194.112 160.629 119.221 55.6143 176.226
internal_count=9226 8045 3973 4072 2389 2158 1683 1181 2541 1432 736 557 261 1304
is_linear=0
shrinkage=0.03


Tree=28
num_leaves=15
num_cat=0
split_feature=24 23 15 15 8 10 17 5 10 13 5 16 23 16
split_gain=86.6934 45.4892 18.4786 12.3673 11.4654 11.8616 7.99227 10.1205 7.69231 6.88675 6.6458 6.63514 6.34906 6.12559
threshold=1.0000000180025095e-35 3.8500000000000001 16.350000000000005 34.250000000000007 64.050000000000011 0.64500000000000013 0.15500000000000003 67.950000000000017 2.0550000000000002 3.3500000000000001 65.050000000000011 5.0690236953196885 2.4500000000000006 5.4584187563771112
decision_type=2 2 10 10 2 2 10 2 2 2 2 10 2 8
left_child=1 2 4 6 5 9 7 8 -3 -1 11 -4 -12 -6
right_child=-2 3 10 -5 13 -7 -8 -9 -10 -11 12 -13 -14 -15
leaf_value=0.0030554963614920117 0.037746243370688493 0.0070688262391511133 -0.0059784928459612917 0.020430690202306458 -0.015762554144034466 0.0015186370416922404 -0.0052416971429914737 -0.0076267003322085629 0.022645052068813919 -0.011803721146681967 0.0014053110432774663 0.0059069387830821534 -0.014306709734324182 -0.007263391930405514
leaf_weight=32.670112177729607 49.209499463438988 241.89049937576056 47.512646213173866 53.817217633128166 134.19481506943703 213.93053470551968 50.645064935088158 32.892516978085041 29.441586993634701 138.56466325372458 51.03220196813345 225.42757695913315 36.178351581096649 208.3554245531559
leaf_count=190 208 1254 316 251 979 1299 292 203 140 902 344 1194 214 1401
internal_value=0.000476147 -0.000870975 -0.0040755 0.00760518 -0.00681133 -0.00319613 0.00540331 0.00723152 0.00913813 -0.00896246 0.00147005 0.00376763 -0.00553499 -0.0107718
internal_weight=1545.76 1496.55 1087.87 408.687 727.716 385.165 354.87 304.225 271.332 171.235 360.151 272.94 87.2106 342.55
internal_count=9187 8979 6839 2140 4771 2391 1889 1597 1394 1092 2068 1510 558 2380
is_linear=0
shrinkage=0.03


Tree=29
num_leaves=15
num_cat=0
split_feature=0 24 0 4 23 0 23 4 4 12 6 16 16 7
split_gain=116.299 50.0861 24.853 12.5311 8.69722 6.58836 7.15539 6.24515 5.90585 5.90246 7.31748 5.36676 9.38683 5.1565
threshold=8.5000000000000018 1.0000000180025095e-35 5.5000000000000009 6.1719743840192729 4.2500000000000009 2.5000000000000004 2.4500000000000006 5.6459966882670667 5.549022868977084 61.45000000000001 9.4500000000000011 5.4487086229334984 5.5677683737830064 2.3500000000000001
decision_type=2 2 2 2 2 2 2 2 2 2 2 8 8 2
left_child=1 2 5 4 -2 -1 13 8 -4 -5 -11 -9 -13 -7
right_child=3 -3 7 9 -6 6 -8 11 -10 10 -12 12 -14 -15
leaf_value=-0.016276437377217054 0.0047103039447594242 0.027659099148929899 -0.0017775668273927723 0.0053455984861846342 0.013467586933523438 0.00058150325545016138 -0.014328038563643328 -0.013545363679304643 0.010347861517911415 0.031159075993814494 0.01357850257164862 0.012694917882385382 -0.0057269750474959096 -0.0093029989678850653
leaf_weight=215.18802747130394 336.48867309093475 31.793714612722397 91.847112745046616 32.409760147333145 148.07033537328243 80.636957004666328 136.93537852168083 46.946366503834724 53.380864873528481 39.26466092467308 71.692695990204811 25.898956999182701 125.04617197811604 108.67081156373024
leaf_count=1744 1646 129 551 141 696 568 976 284 309 171 312 155 750 764
internal_value=3.80098e-05 -0.00676372 -0.0081495 0.00993891 0.00749655 -0.0121245 -0.00918158 -0.001793 0.0028754 0.0176629 0.0208751 -0.00520546 -0.00226048 -0.00518601
internal_weight=1544.27 916.344 884.551 627.926 484.559 541.431 326.243 343.119 145.228 143.367 110.957 197.891 150.945 189.308
internal_count=9196 6230 6101 2966 2342 4052 2308 2049 860 624 483 1189 905 1332
is_linear=0
shrinkage=0.03


Tree=30
num_leaves=15
num_cat=0
split_feature=0 0 4 25 6 8 15 23 16 16 23 13 4 16
split_gain=102.848 19.1704 14.1518 10.2263 8.84616 5.91345 5.64177 4.55708 5.92367 6.18207 4.95197 4.99027 4.51777 5.60729
threshold=8.5000000000000018 5.5000000000000009 6.1719743840192729 1.0000000180025095e-35 16.850000000000005 71.350000000000009 19.750000000000004 1.8500000000000003 5.4004040358472851 5.6989517445575499 1.0500000000000003 4.9500000000000011 6.1194157252056671 5.736993345901058
decision_type=2 2 2 2 2 2 10 2 8 8 2 2 2 8
left_child=1 3 12 7 6 -3 -4 8 -1 -10 -11 -12 13 -2
right_child=2 5 4 -5 -6 -7 -8 -9 9 10 11 -13 -14 -15
leaf_value=-0.013009953149668331 0.010270063456137018 -0.0025599093629456423 0.011623399387175031 0.00028951461340208877 0.0055651726581975747 0.0086666900138487862 0.02816008275134296 -0.014416168712456644 0.0087837319032421143 -0.013013128931191203 -0.0080464399832736334 0.010118081231879381 -0.0014542481745131652 0.0031314716698324307
leaf_weight=111.70784492790699 263.99269846081734 315.15535567700863 42.40967746078968 75.308118566870689 46.320774406194687 43.704276382923126 58.067908018827438 253.17609439045191 25.10689203441143 48.253398403525352 24.162537224590778 20.537811309099197 54.604419574141502 166.16677604615688
leaf_count=877 1273 1875 186 470 201 249 248 1905 180 372 180 156 253 813
internal_value=-0.000125333 -0.00652772 0.00915003 -0.009981 0.0172114 -0.00109235 0.0220621 -0.0115691 -0.00819176 -0.00328946 -0.00683235 0.000477643 0.00655805 0.00758015
internal_weight=1548.67 917.112 631.562 558.253 146.798 358.86 100.478 482.945 229.768 118.061 92.9537 44.7003 484.764 430.159
internal_count=9238 6264 2974 4140 635 2124 434 3670 1765 888 708 336 2339 2086
is_linear=0
shrinkage=0.03


Tree=31
num_leaves=15
num_cat=0
split_feature=0 24 0 0 9 0 7 0 10 16 23 7 10 16
split_gain=101.487 45.883 13.7402 12.4267 8.45491 8.90209 7.86093 9.12432 6.60874 6.39501 6.90191 6.1402 6.11416 5.90383
threshold=7.5000000000000009 1.0000000180025095e-35 2.5000000000000004 11.500000000000002 4.6150000000000011 6.5000000000000009 12.950000000000001 20.500000000000004 0.80500000000000016 3.7275409828871884 2.2500000000000004 1.8500000000000003 2.2750000000000004 5.4758185782739766
decision_type=2 2 2 2 2 2 2 2 2 10 2 2 2 10
left_child=1 2 -1 8 5 9 7 12 -2 11 13 -4 -5 -11
right_child=3 -3 4 6 -6 -7 -8 -9 -10 10 -12 -13 -14 -15
leaf_value=-0.014890489207870776 4.0878134756328143e-05 0.027243853861673373 0.0066494973680626679 0.0091854676455512072 -0.016883372882333911 0.0031988038632216865 -0.0031774346993421153 0.024192623594999872 0.0082019929188505512 -0.011249345340647629 -0.014240474351113188 -0.0058352560564010232 0.023567915863863982 0.001633756624688513
leaf_weight=213.40205412358046 176.67139258980751 28.991034224629402 49.45702688395977 284.55850172042847 52.197207227349281 102.21480506658554 26.806070640683174 55.224100679159164 175.68405605852604 52.498705700039864 127.68063314259052 97.211443230509758 27.702808812260628 69.784734934568405
leaf_count=1764 936 117 345 1296 347 592 122 230 917 367 888 677 124 479
internal_value=0.000439196 -0.00701017 -0.00847782 0.00834937 -0.00588284 -0.00457567 0.0119872 0.0131212 0.00416783 -0.00659408 -0.00946831 -0.00154494 0.0108128 -0.00412185
internal_weight=1540.08 793.438 764.447 746.647 551.045 498.847 394.291 367.485 352.355 396.633 249.964 146.668 312.261 122.283
internal_count=9201 5576 5459 3625 3695 3348 1772 1650 1853 2756 1734 1022 1420 846
is_linear=0
shrinkage=0.03


Tree=32
num_leaves=15
num_cat=0
split_feature=0 0 0 6 0 1 12 8 8 18 1 17 5 12
split_gain=103.871 15.1821 9.28807 6.50454 5.38529 6.55075 5.2716 6.03932 5.97459 5.20176 5.01873 7.48522 5.16417 8.69175
threshold=8.5000000000000018 5.5000000000000009 18.500000000000004 16.950000000000003 2.5000000000000004 1.0000000180025095e-35 54.250000000000007 71.350000000000009 61.050000000000004 149.50000000000003 1.0000000180025095e-35 0.39500000000000007 57.050000000000004 61.250000000000007
decision_type=2 2 2 2 2 2 2 2 2 10 2 10 2 2
left_child=1 4 10 -4 -1 9 -3 8 -8 -6 11 -2 13 -12
right_child=2 6 3 -5 5 -7 7 -9 -10 -11 12 -13 -14 -15
leaf_value=-0.013255735408608681 0.016920939971660671 0.010855781716052662 0.023185639693479931 0.0052556463237460578 0.0014881113525743981 -0.010675438489846503 -6.9527972553685291e-05 0.0074833085776273576 -0.0086302409238254892 -0.010473335437190022 -0.0093586942121289627 0.0013727594454704876 0.0091704839839759564 0.0055394429625425642
leaf_weight=217.75596532225609 97.672718703746796 23.453016012907028 63.167247340083122 29.731385990977287 105.42694608867168 183.53356808423996 153.3886429220438 41.679904520511627 135.79544827342033 41.813137322664261 40.339484319090843 39.536407664418221 204.54626640677452 155.69249798357487
leaf_count=1779 465 135 264 125 735 1312 911 237 816 296 194 198 966 739
internal_value=5.82484e-05 -0.00645411 0.00935834 0.0180088 -0.00955944 -0.00696493 -0.00158053 -0.00261055 -0.00416784 -0.00214111 0.00771191 0.0126466 0.00588658 0.00231719
internal_weight=1533.53 902.847 630.686 92.8986 548.53 330.774 354.317 330.864 289.184 147.24 537.787 137.209 400.578 196.032
internal_count=9172 6221 2951 389 4122 2343 2099 1964 1727 1031 2562 663 1899 933
is_linear=0
shrinkage=0.03


Tree=33
num_leaves=15
num_cat=0
split_feature=24 4 4 1 23 1 8 10 13 6 15 4 5 7
split_gain=66.2752 58.7958 25.6888 10.916 10.826 9.96958 8.72264 7.70243 7.19384 6.91416 6.8394 6.63079 6.43117 10.6044
threshold=1.0000000180025095e-35 5.5460031614459471 6.0705791782984067 1.0000000180025095e-35 4.4500000000000011 1.0000000180025095e-35 50.650000000000013 0.72500000000000009 6.2500000000000009 8.3500000000000032 6.4500000000000011 5.4243776387234393 58.750000000000007 5.1500000000000012
decision_type=2 2 2 2 2 2 2 2 2 2 8 2 2 2
left_child=1 3 4 6 5 7 -1 -3 -5 -7 -11 -8 -12 -14
right_child=-2 2 -4 8 -6 9 11 -9 -10 10 12 -13 13 -15
leaf_value=0.01200808290517651 0.033715890962438107 -0.0016209225234425533 0.011742792744534667 -0.016692616582458533 0.0086539131814180881 -0.0069195564826915034 -0.0088036207070126618 0.011955496814206988 0.00160598675513068 -0.011387734676272132 -0.0034646785865409288 0.0015535109689110939 0.01402336309004693 -0.0059006427132863417
leaf_weight=19.617191433906555 46.985717386007309 68.382224410772324 255.83942390978336 160.6602148860693 121.50075839459896 223.13365218043327 262.1548508182168 75.79789187759161 20.947990573942661 30.851976864039898 77.23807093501091 68.5511679276824 69.445110753178596 32.106894195079803
leaf_count=123 196 375 1139 1250 623 1343 1946 403 168 188 427 415 408 185
internal_value=0.000419334 -0.000742824 0.00370894 -0.00868955 0.000703654 -0.00103055 -0.00546562 0.00567792 -0.0145954 -0.00330482 0.000614115 -0.00666556 0.00293861 0.00774285
internal_weight=1533.21 1486.23 954.296 531.931 698.457 576.956 350.323 144.18 181.608 432.776 209.642 330.706 178.79 101.552
internal_count=9189 8993 5091 3902 3952 3329 2484 778 1418 2551 1208 2361 1020 593
is_linear=0
shrinkage=0.03


Tree=34
num_leaves=15
num_cat=0
split_feature=0 0 4 8 12 25 17 13 23 16 8 16 13 4
split_gain=96.8337 19.07 9.5328 8.98797 8.89847 7.88374 6.60789 10.2394 5.73423 5.46656 5.70778 5.20691 4.6489 4.47805
threshold=8.5000000000000018 4.5000000000000009 6.2284104152997699 72.350000000000009 55.250000000000007 1.0000000180025095e-35 0.36500000000000005 5.2500000000000009 4.2500000000000009 3.7817553687198897 62.050000000000004 5.7542152726621625 3.1500000000000008 5.8114573652474384
decision_type=2 2 2 2 2 2 10 2 2 8 2 8 2 2
left_child=1 5 8 4 -3 6 12 -8 13 -6 11 -11 -1 -2
right_child=2 3 -4 -5 9 -7 7 -9 -10 10 -12 -13 -14 -15
leaf_value=-0.00098599181593847745 0.010831265044760698 0.011138520961218324 0.017632193962322427 0.009583079923528276 0.0061256280018600782 0.00018695210339849048 -0.01117502311370968 0.016022017391414057 0.012102046418193955 -0.0067241591679369044 -0.0098530370877324309 0.0030239200470127845 -0.014304306718251442 0.0032779889915216459
leaf_weight=26.309689790010452 94.097219944000244 31.100609838962555 101.07206046581268 51.520297050476074 35.33852806687355 55.112027503550053 27.082318067550659 15.375952705740927 169.18058580160141 97.458248153328896 154.03401356935501 90.895061358809471 313.07646409422159 273.62494373321533
leaf_count=206 459 185 427 314 220 349 212 121 775 613 969 553 2498 1308
internal_value=0.000381918 -0.0059588 0.00927704 -0.00166562 -0.00318184 -0.0104118 -0.0119242 -0.000675473 0.007556 -0.00449104 -0.0056592 -0.00206341 -0.0133012 0.00533018
internal_weight=1535.28 897.303 637.975 460.347 408.826 436.956 381.844 42.4583 536.903 377.726 342.387 188.353 339.386 367.722
internal_count=9209 6240 2969 2854 2540 3386 3037 333 2542 2355 2135 1166 2704 1767
is_linear=0
shrinkage=0.03


Tree=35
num_leaves=15
num_cat=0
split_feature=0 24 24 0 7 0 0 16 9 4 10 13 7 10
split_gain=83.5017 33.4678 28.3041 22.4139 8.51447 9.19467 6.87088 6.60148 6.24307 6.65076 6.07247 11.4021 9.13186 7.77008
threshold=6.5000000000000009 1.0000000180025095e-35 1.0000000180025095e-35 10.500000000000002 12.850000000000003 20.500000000000004 2.5000000000000004 5.2454410913657279 3.8950000000000005 5.9442074346194635 0.92500000000000016 3.9500000000000006 2.4500000000000006 0.34500000000000003
decision_type=2 2 2 2 2 2 2 8 2 2 2 2 2 2
left_child=1 6 3 8 5 7 -1 -5 9 -2 11 -9 -12 -13
right_child=2 -3 -4 4 -6 -7 -8 10 -10 -11 12 13 -14 -15
leaf_value=-0.013570233924625936 0.0042962937917235882 0.02402172505437573 0.035303927850030364 0.021789257828114021 -0.005070334263848314 0.022271750938874887 -0.0067181079581170909 0.010354613878805893 -0.0068542151975321975 -0.0064395384829018677 0.021091421457111716 0.0068783803513764539 0.0063338366183405652 -0.011651201504836775
leaf_weight=202.1357870772481 254.07874359190464 24.163413807749748 24.813993155956268 30.177301108837128 29.013430655002594 54.16393780708313 429.47769664227962 93.150285422801971 83.030725613236427 60.267496407032013 56.247896954417229 28.554436519742012 116.65652044117451 48.942374557256699
leaf_count=1732 1391 97 106 137 132 223 3029 424 476 322 249 132 533 229
internal_value=0.00045812 -0.00761103 0.00648644 0.00544883 0.0099429 0.0110077 -0.00900036 0.00910271 0.00022219 0.00216939 0.00769175 0.00352192 0.0115925 -0.00482071
internal_weight=1534.87 655.777 879.097 854.283 456.906 427.893 631.613 373.729 397.377 314.346 343.552 170.647 172.904 77.4968
internal_count=9212 4858 4354 4248 2059 1927 4761 1704 2189 1713 1567 785 782 361
is_linear=0
shrinkage=0.03


Tree=36
num_leaves=15
num_cat=0
split_feature=0 24 24 0 4 5 11 4 0 8 6 15 4 16
split_gain=85.4386 32.6236 22.5654 15.0267 7.88855 10.1361 8.49276 9.03541 7.70674 8.12276 7.55192 6.7226 9.30647 6.64777
threshold=6.5000000000000009 1.0000000180025095e-35 1.0000000180025095e-35 13.500000000000002 5.6389835613919983 57.650000000000013 1.1500000000000001 5.5753558576740643 10.500000000000002 57.250000000000007 5.7500000000000009 16.150000000000002 5.5671846314244098 5.4356429300065816
decision_type=2 2 2 2 2 2 2 2 2 2 2 10 2 8
left_child=1 11 3 4 6 -6 -2 -8 10 -10 -7 -1 -13 -12
right_child=2 -3 -4 -5 5 8 7 -9 9 -11 13 12 -14 -15
leaf_value=-0.010659912816912684 0.02369787177579976 0.024513213315900763 0.032233233896967695 0.011522624378915965 -0.0040299793454975589 -0.0086184168569364682 -0.00028735372042060312 0.017867550077232345 0.0012032938647971408 0.019731858585997769 -0.0068447215865330268 -0.0089600711176804782 0.0058767237311262337 0.0088195468510685032
leaf_weight=474.22104521095753 24.3525360673666 22.697371616959572 25.414520457386971 274.62288919091225 194.5773833245039 46.081131234765053 81.701237961649895 30.250229075551033 37.107936799526215 47.239694610238075 28.302556857466698 92.821837894618511 57.897414363920689 93.434913635253906
leaf_count=3632 130 91 108 1187 1021 257 445 159 173 222 156 710 395 512
internal_value=0.000679567 -0.00756371 0.00673358 0.00579553 0.00302296 0.00105619 0.00920366 0.00517241 0.00498285 0.0121039 0.00115709 -0.00891404 -0.00325496 0.00505142
internal_weight=1530.72 647.638 883.085 857.671 583.048 446.744 136.304 111.951 252.166 84.3476 167.819 624.94 150.719 121.737
internal_count=9198 4828 4370 4262 3075 2341 734 604 1320 395 925 4737 1105 668
is_linear=0
shrinkage=0.03


Tree=37
num_leaves=15
num_cat=0
split_feature=0 4 25 0 6 12 1 7 0 10 10 12 12 12
split_gain=75.272 13.2002 11.0517 11.4297 7.76498 6.29121 5.97453 5.14315 5.97563 5.33593 6.32467 5.14248 11.5629 6.1572
threshold=7.5000000000000009 6.2385873703561474 1.0000000180025095e-35 3.5000000000000004 16.350000000000005 56.45000000000001 1.0000000180025095e-35 13.850000000000003 9.5000000000000018 2.3150000000000004 1.5250000000000001 75.950000000000017 79.450000000000017 68.050000000000011
decision_type=2 2 2 2 2 2 2 2 2 2 2 2 2 2
left_child=2 7 3 -1 -3 -4 -5 8 -2 10 11 13 -13 -10
right_child=1 4 5 6 -6 -7 -8 -9 9 -11 -12 12 -14 -15
leaf_value=-0.012067971706852559 0.0019748532870298486 0.023829380235674841 -0.0096675082556051967 0.00057990967356992161 0.0047178462307769708 0.0059105608903706388 -0.007061438383253041 -0.0063195852641062932 0.0065789525487418947 0.018808085367396365 -0.00099572874496303677 -0.011928042238170808 0.013282948956221317 0.016094276864976144
leaf_weight=280.41646333038807 206.92809161543846 58.723678201436996 25.718470595777035 151.64099442958832 31.556439563632011 93.879467099905014 226.72436574101448 26.877648234367371 168.52449326217175 35.85288704931736 71.370491787791252 28.550892412662506 26.983629480004311 104.46236249804497
leaf_count=2354 1125 245 173 1009 133 556 1531 130 786 160 329 133 126 480
internal_value=0.000535195 0.00722817 -0.00600272 -0.00751733 0.0177473 0.00230712 -0.00403132 0.00568877 0.00623589 0.00821402 0.00704367 0.00877895 0.000407048 0.0104441
internal_weight=1538.21 759.831 778.38 658.782 90.2801 119.598 378.365 669.55 642.673 435.745 399.892 328.521 55.5345 272.987
internal_count=9270 3647 5623 4894 378 729 2540 3269 3139 2014 1854 1525 259 1266
is_linear=0
shrinkage=0.03


Tree=38
num_leaves=15
num_cat=0
split_feature=0 24 24 0 4 11 5 4 4 0 5 0 9 10
split_gain=73.8369 29.8664 23.1788 12.6513 9.92292 14.591 8.28145 6.83655 6.70757 6.47484 5.50196 5.33122 5.32886 4.43915
threshold=6.5000000000000009 1.0000000180025095e-35 1.0000000180025095e-35 12.500000000000002 5.6723329579150699 0.95000000000000007 57.750000000000007 5.5753558576740643 6.0818669689277494 2.5000000000000004 49.650000000000013 22.500000000000004 1.2650000000000003 1.1650000000000003
decision_type=2 2 2 2 2 2 2 2 2 2 2 2 2 2
left_child=1 9 3 4 5 -2 10 -7 -8 -1 -6 13 -12 -5
right_child=2 -3 -4 11 6 7 8 -9 -10 -11 12 -13 -14 -15
leaf_value=-0.013584773214077889 0.027023851558664859 0.021976632108904316 0.030489983423864733 0.0044630272974761813 0.0040604291206610731 -0.0017216403776858632 0.00081263109659815349 0.01179907394850967 0.016263914455962706 -0.0068386554507295682 -0.01779302645881756 0.019962384038362948 -0.0043891741428533559 0.012221022488780167
leaf_weight=198.10532712191343 24.601881861686707 24.471190750598907 27.573640197515488 174.20864243805408 34.927745059132576 84.086263403296471 191.60872508585453 49.964707553386688 24.241347044706345 416.67735958844423 36.898886114358902 34.213117524981499 87.316754892468452 113.11047415435314
leaf_count=1742 130 98 116 769 182 457 1020 266 115 2979 196 140 468 494
internal_value=-2.23195e-05 -0.00775342 0.00558837 0.0046129 0.00174862 0.00791379 -0.000929567 0.00356098 0.00287683 -0.00910456 -0.00602265 0.00926717 -0.00890529 0.00767396
internal_weight=1522.01 639.254 882.752 855.179 533.646 158.653 374.993 134.051 215.85 614.783 159.143 321.532 124.216 287.319
internal_count=9172 4819 4353 4237 2834 853 1981 723 1135 4721 846 1403 664 1263
is_linear=0
shrinkage=0.03


Tree=39
num_leaves=15
num_cat=0
split_feature=0 24 0 15 23 12 4 4 7 7 8 0 12 5
split_gain=68.5471 47.6496 19.0875 8.96806 7.36172 7.55599 7.11192 7.80337 5.47511 8.82252 5.45345 5.41345 6.51816 6.08048
threshold=9.5000000000000018 1.0000000180025095e-35 4.5000000000000009 29.450000000000003 5.8500000000000005 52.550000000000004 6.1719743840192729 5.9849431757877873 12.550000000000002 8.6500000000000004 75.750000000000014 16.500000000000004 69.65000000000002 56.650000000000013
decision_type=2 2 2 10 2 2 2 2 2 2 2 2 2 2
left_child=1 2 -1 8 5 -4 7 -5 9 11 -7 13 -13 -2
right_child=3 -3 4 6 -6 10 -8 -9 -10 -11 -12 12 -14 -15
leaf_value=-0.011027109152932039 -0.0021354608285258036 0.028218875098025484 0.011882304779320936 0.017914109109681175 0.013204332679757107 -0.0047774026990237252 0.024410205158930859 0.00013950231957187006 -0.0054997977583127553 0.01838808259045142 0.0081585554382682338 0.017980616024311849 0.00088938518026088426 0.0069803774361496809
leaf_weight=406.5642789080739 116.42956590652466 32.846386536955833 23.683266162872314 39.888713911175728 21.019082218408585 470.87256835401058 45.052382439374924 44.193170592188835 30.458927035331726 49.036085531115532 26.796786993741989 49.611798778176308 32.622157856822014 141.28268985450268
leaf_count=3327 554 133 139 180 120 2887 187 197 141 223 161 207 136 662
internal_value=-0.000124663 -0.00486431 -0.00615135 0.00832517 -0.00242912 -0.00317885 0.0151549 0.00910403 0.00606873 0.00703289 -0.00400665 0.00515215 0.0116401 0.00289975
internal_weight=1530.36 981.782 948.936 548.575 542.372 521.353 129.134 84.0819 419.441 388.982 497.669 339.946 82.234 257.712
internal_count=9254 6767 6634 2487 3307 3187 564 377 1923 1782 3048 1559 343 1216
is_linear=0
shrinkage=0.03


Tree=40
num_leaves=15
num_cat=0
split_feature=0 24 0 7 0 4 9 10 7 12 1 4 12 5
split_gain=67.4479 37.814 15.9168 7.43411 6.87631 5.3772 5.09416 6.7837 6.26951 5.72858 5.6628 7.05614 6.33052 4.88985
threshold=9.5000000000000018 1.0000000180025095e-35 5.5000000000000009 13.850000000000003 20.500000000000004 5.9442074346194635 1.0850000000000002 0.80500000000000016 3.0500000000000003 62.650000000000013 1.0000000180025095e-35 6.1903464077001455 61.45000000000001 60.250000000000007
decision_type=2 2 2 2 2 2 2 2 2 2 2 2 2 2
left_child=1 2 -1 4 6 -4 9 8 -8 -2 -9 12 -12 -10
right_child=3 -3 5 -5 -6 -7 7 10 13 -11 11 -13 -14 -15
leaf_value=-0.0093606007653057061 0.023472849489494681 0.02467682749427684 -0.00024181079095371411 -0.0054969971545889944 0.019202650067879336 -0.010237803651769035 -0.005909317445097143 0.019053618137856422 0.010318801568398095 0.0084151740807274396 -0.0086526382139072485 0.018178859187899681 0.0067406484674099954 -0.0040650750838393795
leaf_weight=499.92320933938026 32.794262275099754 33.412852615118027 383.78439442813396 28.74701951444149 55.264042407274246 50.472645863890648 60.803419962525368 41.934488445520401 65.207219690084457 84.296498075127602 27.748403087258339 31.272583767771721 87.826381281018257 27.298586040735245
leaf_count=4025 150 135 2245 132 225 287 280 191 303 386 128 132 403 127
internal_value=0.00017827 -0.00456553 -0.00573725 0.00859301 0.00942569 -0.00150693 0.00805483 0.00605121 0.00129054 0.013421 0.00978428 0.00659705 0.00283932 0.00608331
internal_weight=1510.79 967.593 934.18 543.193 514.446 434.257 459.182 342.091 153.309 117.091 188.782 146.847 115.575 92.5058
internal_count=9149 6692 6557 2457 2325 2532 2100 1564 710 536 854 663 531 430
is_linear=0
shrinkage=0.03


Tree=41
num_leaves=15
num_cat=0
split_feature=0 24 24 0 17 7 0 9 4 6 6 15 15 10
split_gain=63.613 27.4663 24.451 11.6228 8.37798 5.97746 7.2555 5.76692 5.94765 5.56562 12.5054 5.84024 5.56936 5.38784
threshold=6.5000000000000009 1.0000000180025095e-35 1.0000000180025095e-35 9.5000000000000018 0.32500000000000007 13.850000000000003 22.500000000000004 4.0550000000000006 5.9849431757877873 8.1500000000000004 12.050000000000002 14.65 13.250000000000002 2.3150000000000004
decision_type=2 2 2 2 8 2 2 2 2 2 2 10 8 2
left_child=1 -1 3 4 -2 6 13 8 9 12 -11 -12 -6 -5
right_child=2 -3 -4 5 7 -7 -8 -9 -10 10 11 -13 -14 -15
leaf_value=-0.0085613089811121448 0.012879872963158357 0.021480812070124519 0.030710638537299311 0.0055147883207487874 0.0060602076993957641 -0.0056334783771314501 0.020846378636609524 -0.010360406667423971 -0.012733786483208467 0.01719217303035912 -0.0092422947679853939 0.007035597738753634 -0.0083658620854694318 0.016959463062791291
leaf_weight=603.88902699202299 33.571882769465446 23.996528938412666 27.660267263650894 436.48762759566307 32.572782456874847 28.896613702178001 31.058980837464333 54.206244558095932 23.747982040047646 47.183356881141663 39.316226452589035 31.158240243792534 64.259487152099609 37.369524940848351
leaf_count=4717 184 96 115 1992 185 133 126 322 133 262 219 169 359 164
internal_value=2.27494e-05 -0.00725252 0.00518169 0.00418764 -0.000279232 0.00689297 0.00765807 -0.00198098 9.93652e-05 0.00177794 0.00604899 -0.00205618 -0.00345388 0.006585
internal_weight=1515.37 627.886 887.489 859.829 326.016 533.813 504.916 292.444 238.238 214.49 117.658 70.4745 96.8323 473.857
internal_count=9176 4813 4363 4248 1833 2415 2282 1649 1327 1194 650 388 544 2156
is_linear=0
shrinkage=0.03


Tree=42
num_leaves=15
num_cat=0
split_feature=0 24 24 4 0 4 15 17 4 23 11 4 13 4
split_gain=50.9357 28.0818 19.3971 10.2806 8.13937 8.09403 7.50721 6.6041 8.98133 8.90012 8.85343 8.26709 6.45502 6.23841
threshold=6.5000000000000009 1.0000000180025095e-35 1.0000000180025095e-35 6.1903464077001455 3.5000000000000004 5.3630174730259288 28.950000000000003 0.32500000000000007 5.6389835613919983 3.8500000000000001 3.8500000000000001 5.4243776387234393 4.8500000000000005 5.7879667366994099
decision_type=2 2 2 2 2 2 10 10 2 2 2 2 2 2
left_child=1 4 3 7 -1 12 -5 8 11 -10 -9 -2 -6 -11
right_child=2 -3 -4 6 5 -7 -8 10 9 13 -12 -13 -14 -15
leaf_value=-0.0113746201211786 -0.0040527095813715757 0.022695035044533907 0.027385546452222371 0.005818174326694985 -0.0030358266059058712 -0.0070383709897532632 0.020994707448251364 0.0031232594321332009 -0.0012326354325129624 -0.0051407154599594782 -0.015079061298693462 0.015390545927729062 0.013744339104903362 0.0087897899831699319
leaf_weight=289.59222104400396 23.01042677462101 23.741227045655251 27.7463089376688 90.477613434195518 46.809396877884865 234.34689650684595 43.153285473585129 50.852337807416916 333.14740739762783 31.03842394053936 38.394472926855087 83.328321069478989 30.016976028680801 175.34394164383411
leaf_count=2505 125 95 115 382 338 1660 178 269 1712 160 207 430 219 818
internal_value=0.000100359 -0.00644823 0.00467264 0.00379467 -0.00777774 -0.00430337 0.0112996 0.00236329 0.00342467 0.00180543 -0.00509202 0.0111902 0.00395961 0.0066227
internal_weight=1521 624.507 896.493 868.746 600.765 311.173 133.631 735.115 645.869 539.53 89.2468 106.339 76.8264 206.382
internal_count=9213 4817 4396 4281 4722 2217 560 3721 3245 2690 476 555 557 978
is_linear=0
shrinkage=0.03


Tree=43
num_leaves=15
num_cat=0
split_feature=0 24 0 0 6 1 5 6 9 9 17 17 7 0
split_gain=57.6776 29.5426 9.57657 7.97162 5.86777 6.80692 7.08835 5.51996 5.75163 8.15953 5.28376 6.79729 4.92099 5.21441
threshold=7.5000000000000009 1.0000000180025095e-35 4.5000000000000009 10.500000000000002 6.4500000000000011 1.0000000180025095e-35 61.850000000000001 13.15 1.0050000000000001 2.0250000000000004 0.32500000000000007 1.0550000000000004 12.950000000000001 20.500000000000004
decision_type=2 2 2 2 2 2 2 2 2 2 8 8 2 2
left_child=1 2 -1 10 5 6 -4 8 -6 -10 -2 -12 13 -5
right_child=3 -3 4 12 7 -7 -8 -9 9 -11 11 -13 -14 -15
leaf_value=-0.01005569115696936 0.013742001099226245 0.02308969330668826 0.0099970137864926114 0.007603245489647875 -0.0060074351662085081 -0.013195221007601754 -0.010471036019169974 -0.0059714706554935678 0.019017871687399244 0.00091194507081278874 -0.011635403584243155 0.0023757620828118659 -0.0033723295691492289 0.017246426428119806
leaf_weight=393.49940969049931 25.471252366900444 25.978523194789886 28.077514067292213 394.59747977554798 33.595722079277039 78.755453824996948 23.233069866895676 76.371379137039185 31.343717396259308 59.795836687088013 30.931084677577019 230.1951210796833 28.281295418739319 58.505969390273094
leaf_count=3309 133 104 181 1766 219 528 151 492 204 393 171 1215 129 237
internal_value=0.000164842 -0.00572953 -0.0069138 0.00592599 -0.00308658 -0.00792298 0.000622385 0.000157696 0.0039959 0.00780397 0.0019185 0.000528678 0.00826764 0.00902305
internal_weight=1518.63 750.651 724.672 767.982 331.173 130.066 51.3106 201.107 124.735 91.1396 286.597 261.126 481.385 453.103
internal_count=9232 5581 5477 3651 2168 860 332 1308 816 597 1519 1386 2132 2003
is_linear=0
shrinkage=0.03


Tree=44
num_leaves=15
num_cat=0
split_feature=0 24 24 4 12 0 23 8 0 13 16 12 5 13
split_gain=54.18 20.789 17.319 11.0205 7.13086 6.76969 7.10412 5.82557 5.74035 6.66829 9.53782 5.39024 5.16777 4.9802
threshold=6.5000000000000009 1.0000000180025095e-35 1.0000000180025095e-35 6.0705791782984067 61.45000000000001 2.5000000000000004 2.3500000000000001 74.65000000000002 22.500000000000004 4.0500000000000007 5.579398847042806 78.15000000000002 57.050000000000004 5.5500000000000007
decision_type=2 2 2 2 2 2 2 2 2 2 10 2 2 2
left_child=1 5 3 -2 12 13 11 -8 9 -6 -11 -7 -5 -1
right_child=2 -3 -4 4 8 6 7 -9 -10 10 -12 -13 -14 -15
leaf_value=-0.015538941673861122 0.0018433388950779275 0.018806036506629886 0.025987520320563607 -0.0079418854813203838 0.013869706383448541 0.0003974800063357077 -0.011147102997868278 0.0055118777354184788 0.0238313886796187 -0.0090829785363177699 0.011988229553660889 -0.012834867650829184 0.0084138111860620653 -0.00446634330231777
leaf_weight=130.92100243270397 601.67366115748882 23.21181158721447 29.099155277013779 30.533613279461861 104.94274114072323 185.7640784829855 175.65987986326218 18.093005917966366 27.8866156488657 33.083853870630264 34.401136174798012 27.507442869246006 29.043856531381607 57.149244241416454
leaf_count=1209 3112 93 120 134 458 1362 1297 132 113 148 152 202 127 526
internal_value=0.000235597 -0.00655704 0.00496138 0.00410538 0.00920858 -0.00769479 -0.00540733 -0.00949193 0.0118601 0.00930694 0.00174429 -0.00156412 6.55754e-05 -0.0123771
internal_weight=1508.97 618.306 890.665 861.565 259.892 595.095 407.024 193.753 200.314 172.428 67.485 213.272 59.5775 188.07
internal_count=9185 4821 4364 4244 1132 4728 2993 1429 871 758 300 1564 261 1735
is_linear=0
shrinkage=0.03


Tree=45
num_leaves=15
num_cat=0
split_feature=0 0 9 9 7 0 5 5 4 10 25 16 16 13
split_gain=44.3682 9.47653 7.56861 6.9223 6.82311 6.97695 6.36233 13.9826 7.20391 6.06821 5.99478 5.94938 5.66125 5.55574
threshold=8.5000000000000018 4.5000000000000009 4.0550000000000006 1.0050000000000001 13.950000000000001 20.500000000000004 61.850000000000001 63.350000000000001 5.8393413264772702 2.5550000000000002 1.0000000180025095e-35 5.2353352361336283 5.4800558342000931 5.7500000000000009
decision_type=2 2 2 2 2 2 2 2 2 2 2 8 10 2
left_child=1 10 3 11 5 9 8 -8 -5 -2 13 -3 -9 -1
right_child=4 2 -4 6 -6 -7 7 12 -10 -11 -12 -13 -14 -15
leaf_value=-0.010919181288345176 0.0048465054040036934 0.0074031972383850758 -0.0095078255529217181 0.010438307155343458 -0.0067443838854787776 0.016424891725120419 -0.020559432307900229 -0.0031926690618188621 -0.0057205076613687043 0.018463528939783081 0.001599639805004438 -0.0087760022843484404 0.010728019094679528 -0.0015928816435692992
leaf_weight=276.78168196976185 532.63257573544979 21.769541054964066 77.674290791153908 117.66682325303555 31.560944944620132 57.410467624664307 23.198758751153946 53.135646760463715 27.689331740140915 27.122092634439468 54.036970399320126 92.725382760167122 43.915595091879368 74.600892677903175
leaf_count=2377 2465 139 501 732 146 232 148 329 166 121 355 583 280 647
internal_value=0.00018154 -0.00426385 -0.00128068 0.000502168 0.00608394 0.00678889 0.0031516 -0.00192089 0.0072723 0.00566392 -0.00757562 -0.00551871 0.00332342 -0.00898927
internal_weight=1511.92 863.195 457.775 380.101 648.726 617.165 265.606 120.25 145.356 559.755 405.42 114.495 97.0512 351.383
internal_count=9221 6257 2878 2377 2964 2818 1655 757 898 2586 3379 722 609 3024
is_linear=0
shrinkage=0.03


Tree=46
num_leaves=15
num_cat=0
split_feature=24 15 8 23 7 10 6 12 23 16 11 9 7 5
split_gain=40.5443 17.7018 9.32292 7.29163 7.25789 7.08154 6.98952 6.88963 6.8879 5.99363 5.28824 5.12382 5.78392 4.96439
threshold=1.0000000180025095e-35 16.350000000000005 66.550000000000011 4.1500000000000012 9.7500000000000018 2.5550000000000002 14.950000000000001 53.250000000000007 6.3500000000000005 5.7636933452782619 5.6500000000000012 2.0050000000000003 2.9500000000000006 51.250000000000007
decision_type=2 10 2 2 2 2 2 2 2 10 2 2 2 2
left_child=1 2 5 7 6 8 -4 -3 13 11 -9 -5 -13 -1
right_child=-2 3 4 9 -6 -7 -8 10 -10 -11 -12 12 -14 -15
leaf_value=0.0043195507583669249 0.025102725646398587 0.016232074099722965 -0.010819134684342945 0.019119146215119277 0.0094200122364097635 0.014142120874793329 0.0031352686391984178 0.0020102464656098062 0.013238355624237927 -0.0016610725566775469 -0.0066799120365607393 -0.0046232224852741973 0.012562843739465779 -0.0036638607747291507
leaf_weight=76.779366366565228 51.188763737678528 20.729395911097527 237.61312457919121 49.209572084248066 16.700045272707939 20.665770761668682 35.01432628184557 292.44190402328968 20.876587823033333 35.502805322408676 74.969518087804317 25.755354709923267 39.462630473077297 512.88523016870022
leaf_count=404 208 114 1833 245 100 102 229 1695 105 167 433 125 183 3278
internal_value=9.49004e-05 -0.00086549 -0.0033858 0.00343773 -0.00779742 -0.00131825 -0.00900274 0.00122446 -0.00195218 0.00894306 0.000171161 0.0121649 0.00592994 -0.00259677
internal_weight=1509.79 1458.61 920.534 538.071 289.327 631.207 272.627 388.141 610.541 149.93 367.411 114.428 65.218 589.665
internal_count=9221 9013 6051 2962 2162 3889 2062 2242 3787 720 2128 553 308 3682
is_linear=0
shrinkage=0.03


Tree=47
num_leaves=15
num_cat=0
split_feature=0 24 0 0 12 23 0 9 6 1 16 11 16 4
split_gain=45.1788 22.0756 8.98399 7.52969 6.37473 4.67129 5.52279 7.27287 5.79666 5.21215 4.97358 4.78251 4.59313 4.12034
threshold=7.5000000000000009 1.0000000180025095e-35 19.500000000000004 5.5000000000000009 52.850000000000001 2.1500000000000008 1.5000000000000002 0.70500000000000007 4.9500000000000011 1.0000000180025095e-35 3.7181278500871997 6.1500000000000012 5.5677683737830064 5.6422052461077703
decision_type=2 2 2 2 2 2 2 2 2 2 8 2 8 2
left_child=1 3 4 5 -2 6 -1 8 -8 10 -7 -9 -4 -5
right_child=2 -3 12 13 -6 9 7 11 -10 -11 -12 -13 -14 -15
leaf_value=-0.012325619249107151 0.015982678822192356 0.019391565295549324 0.0053500826533068781 0.0026412541655636466 0.0032487833450266269 0.005501069303282596 0.01817322079271207 -0.0082749998423608112 -0.0017303768045373491 -0.016272505248230137 -0.0097294964153588261 0.0053289871452091931 0.020843064269675377 -0.0053342063390574559
leaf_weight=75.747523114085197 32.902514576911926 26.654877573251724 34.502118989825249 103.0255302041769 661.35117834806442 21.480437397956848 18.02599086612463 130.90739064663649 28.951076440513134 108.65742412954569 78.945439890027046 24.459770806133747 41.690100073814392 122.72454251348972
leaf_count=713 155 107 140 630 3186 175 149 1059 234 901 650 195 169 770
internal_value=3.24781e-05 -0.00524579 0.00510044 -0.00629557 0.00396224 -0.00837866 -0.00566317 -0.00293201 0.00692052 -0.0117738 -0.00636538 -0.00603392 0.0145889 -0.00171608
internal_weight=1510.03 739.58 770.446 712.925 694.254 487.175 278.092 202.344 46.9771 209.083 100.426 155.367 76.1922 225.75
internal_count=9233 5583 3650 5476 3341 4076 2350 1637 383 1726 825 1254 309 1400
is_linear=0
shrinkage=0.03


Tree=48
num_leaves=15
num_cat=0
split_feature=24 0 0 23 15 10 4 9 4 8 16 18 6 10
split_gain=35.9704 35.6257 10.7771 7.39028 5.89665 6.03584 5.86479 5.45645 5.20795 4.9299 6.05816 6.29839 7.49224 7.30142
threshold=1.0000000180025095e-35 9.5000000000000018 4.5000000000000009 5.9500000000000011 29.450000000000003 0.75500000000000012 6.1630289172999086 1.925 5.9907789173581056 72.450000000000017 3.6420189770348306 176.50000000000003 8.8500000000000032 0.60500000000000009
decision_type=2 2 2 2 10 2 2 2 2 2 8 10 2 2
left_child=1 2 -1 8 -3 7 -7 -6 9 10 -4 12 -12 -13
right_child=-2 4 3 -5 5 6 -8 -9 -10 -11 11 13 -14 -15
leaf_value=-0.0083269420770422792 0.02373603437175691 0.0033114518465773659 0.0095513945056926331 0.014082514689546148 0.011661555590027706 0.0076898398208699609 0.02572305318113189 -0.0054582636631701808 -0.014470570851648677 0.0066035594976739881 -0.0093980027991016346 -0.0068996190579032248 -0.00051937147164885249 0.011934798915467943
leaf_weight=382.62676050513983 50.262667641043663 413.74745097756386 28.57537679374218 20.440901227295399 27.464282318949699 43.436554506421089 28.998900562524796 30.228124052286148 25.847497090697289 52.097860932350159 184.90891464799643 27.109901085495949 156.7654245942831 40.236804731190205
leaf_count=3314 204 1875 176 115 120 191 118 132 146 319 1177 167 963 238
internal_value=-2.42764e-05 -0.000918962 -0.00451332 -0.00173906 0.00513775 0.0106072 0.0161041 0.00297165 -0.00249562 -0.00172368 -0.00277848 -0.00374482 -0.00539059 0.00440028
internal_weight=1512.75 1462.48 918.609 535.983 543.875 130.128 72.4355 57.6924 515.542 489.694 437.596 409.021 341.674 67.3467
internal_count=9255 9051 6615 3301 2436 561 309 252 3186 3040 2721 2545 2140 405
is_linear=0
shrinkage=0.03


Tree=49
num_leaves=15
num_cat=0
split_feature=24 4 1 4 15 4 10 12 23 7 16 13 16 9
split_gain=33.5264 27.7402 16.7703 11.4737 10.7143 10.0181 9.27837 6.39871 6.23476 5.64295 5.42084 5.39028 8.62129 5.38587
threshold=1.0000000180025095e-35 5.5460031614459471 1.0000000180025095e-35 6.0705791782984067 13.950000000000001 5.6217281388607301 1.5250000000000001 61.45000000000001 3.8500000000000001 3.2500000000000004 3.7181278500871997 4.0500000000000007 5.6374812235346061 2.9150000000000005
decision_type=2 2 2 2 8 2 2 2 2 2 8 2 10 2
left_child=1 2 10 4 8 -6 -4 13 -3 -10 -1 -9 -13 -5
right_child=-2 3 6 7 5 -7 -8 11 9 -11 -12 12 -14 -15
leaf_value=0.0044341109439125902 0.022894922683937169 -0.0075169405441393384 -0.016365278155915711 0.0067510331663008976 0.013471689414850246 0.0010919257036961498 0.0066392095929100215 0.013724512269402611 0.010902234380692273 -0.0048324655251035832 -0.004541892344668827 -0.0054695980261308562 0.013864283555090768 -0.0097823739962986152
leaf_weight=74.554342813789845 51.208034977316856 182.5108732432127 149.28071536123753 33.680407777428627 64.976345829665661 376.47243045270443 14.88591894507408 127.00032414495945 33.714076496660709 39.249236471951008 255.24765120446682 41.871960431337357 32.714289993047714 27.79037418961525
leaf_count=560 208 1151 1297 148 397 2037 121 546 182 205 1932 185 142 120
internal_value=0.000159771 -0.00071668 -0.00645749 0.00225547 0.00022505 0.00304456 -0.0141448 0.00753016 -0.00461186 0.00267096 -0.00247688 0.0100595 0.0033487 -0.000897161
internal_weight=1505.16 1453.95 493.969 959.98 696.923 441.449 164.167 263.057 255.474 72.9633 329.802 201.587 74.5863 61.4708
internal_count=9231 9023 3910 5113 3972 2434 1418 1141 1538 387 2492 873 327 268
is_linear=0
shrinkage=0.03


Tree=50
num_leaves=15
num_cat=0
split_feature=0 24 24 0 9 12 8 9 12 15 8 12 9 11
split_gain=39.6737 15.0362 11.8326 8.68914 6.84118 7.70461 7.82079 6.24804 8.91512 6.3037 6.17358 5.91333 5.856 7.37952
threshold=6.5000000000000009 1.0000000180025095e-35 1.0000000180025095e-35 13.500000000000002 1.1150000000000004 61.45000000000001 48.250000000000007 4.7250000000000005 53.250000000000007 21.250000000000004 57.250000000000007 64.850000000000009 1.6850000000000003 5.5500000000000007
decision_type=2 2 2 2 2 2 2 2 2 10 2 2 2 2
left_child=1 -1 3 7 10 -6 -7 8 -2 12 -5 -9 -10 -14
right_child=2 -3 -4 4 5 6 -8 11 9 -11 -12 -13 13 -15
leaf_value=-0.0066489043027844899 0.018660393720828419 0.015782652958468636 0.022098959439439261 0.024260316146690802 -0.0047648251830827958 0.020575158623266188 0.0046598722323404757 -0.015305875709058047 -0.0045832125946023402 0.0069531916768856492 0.004851071693489902 0.0005903647469436878 0.006460699394752311 -0.007391612940389143
leaf_weight=580.7447914108634 24.796534940600395 23.534849107265472 27.462450578808784 33.593708232045174 50.631900697946548 31.714551568031311 134.81888662278652 30.973635956645012 161.25133742392063 140.13272359967232 28.866339087486267 49.953282594680786 138.55178374052048 41.055246070027351
leaf_count=4738 126 95 112 141 215 133 571 165 857 696 123 269 732 220
internal_value=0.000257921 -0.00565291 0.00426332 0.00357437 0.00787861 0.00513973 0.00820217 0.00147376 0.00272169 0.00171648 0.0163146 -0.0060303 -0.000505822 0.00317985
internal_weight=1498.08 604.28 893.802 866.34 279.625 217.165 166.533 586.715 505.788 480.991 62.46 80.9269 340.858 179.607
internal_count=9193 4833 4360 4248 1183 919 704 3065 2631 2505 264 434 1809 952
is_linear=0
shrinkage=0.03


Tree=51
num_leaves=15
num_cat=0
split_feature=0 24 0 23 23 1 16 7 7 10 9 9 15 0
split_gain=38.1419 23.0166 10.3277 7.57422 8.04617 6.9622 7.60131 7.51058 5.73953 6.46549 5.45444 5.45784 5.295 7.34922
threshold=9.5000000000000018 1.0000000180025095e-35 2.5000000000000004 6.0500000000000007 2.4500000000000006 1.0000000180025095e-35 5.4004040358472851 1.6500000000000001 13.850000000000003 2.5550000000000002 0.9850000000000001 1.385 13.250000000000002 7.5000000000000009
decision_type=2 2 2 2 2 2 10 2 2 2 2 2 8 2
left_child=1 2 -1 4 5 7 -7 -4 9 -2 -6 -12 -9 -14
right_child=8 -3 3 -5 10 6 -8 12 -10 -11 11 -13 13 -15
leaf_value=-0.011208066155625395 0.0057755709330117692 0.018233594810691582 0.014872872540609473 0.01223771416390183 -0.012793367283388613 -0.013143360715148319 -0.00024365034594292978 0.011607089937342659 -0.006309528691398344 0.019303705081136335 0.005480142502271231 -0.006202105517866925 -0.0083269534491895517 0.011245676937374471
leaf_weight=178.78603535145521 495.63118076324463 35.810901999473572 39.204083018004894 22.792804591357708 96.842723786830902 53.662850081920624 138.0694183409214 22.367370665073395 28.408270135521889 30.353769898414612 38.365540236234665 234.53781156241894 63.319269344210625 18.380860298871994
leaf_count=1723 2211 145 271 137 637 393 941 156 130 129 251 1516 447 102
internal_value=-0.000199919 -0.00386773 -0.00483625 -0.00320463 -0.00378675 -0.000402191 -0.00409636 0.00451293 0.00601205 0.00673068 -0.00680701 -0.00449073 0.000107252 -0.00352892
internal_weight=1496.53 942.14 906.329 727.543 704.75 335.004 191.732 143.272 554.393 525.985 369.746 272.903 104.068 81.7001
internal_count=9189 6719 6574 4851 4714 2310 1334 976 2470 2340 2404 1767 705 549
is_linear=0
shrinkage=0.03


Tree=52
num_leaves=15
num_cat=0
split_feature=0 24 24 23 16 8 12 8 8 4 4 7 16 16
split_gain=36.1464 14.4906 13.8448 7.43676 9.41598 5.83258 6.12457 7.25125 4.98487 4.94465 5.79474 5.08519 4.71916 8.98308
threshold=5.5000000000000009 1.0000000180025095e-35 1.0000000180025095e-35 4.1500000000000012 5.7542152726621625 71.550000000000011 53.250000000000007 60.650000000000013 63.350000000000001 5.6723329579150699 5.451328112785383 3.9500000000000006 5.8132222443679877 5.5240980436289089
decision_type=2 2 2 2 8 2 2 2 2 2 2 2 8 10
left_child=1 -1 3 5 -5 6 -2 9 -6 10 -8 -12 13 -11
right_child=2 -3 -4 4 8 -7 7 -9 -10 12 11 -13 -14 -15
leaf_value=-0.0075231094906285257 0.011689579761312666 0.016547442098683848 0.022038211446893208 0.010649665312256315 0.0034149050945485064 0.010063366801927208 -0.0038604918736406505 -0.0045958508027155011 -0.010568252436978186 0.0040006853463401479 0.0043900298824115442 0.02275014345553196 0.0062583490315961309 -0.0083526270600638945
leaf_weight=472.23825145512819 34.120910063385963 19.013151526451111 29.94258151948452 188.35295252501965 76.866285532712936 53.933511301875114 21.881098359823227 235.67914997041225 26.893180534243584 101.73206393420696 31.744210585951805 23.500864550471306 78.134116366505623 100.80635283887386
leaf_count=4051 173 77 122 875 363 290 128 1293 137 498 175 130 390 499
internal_value=0.000195003 -0.00643416 0.00345576 0.00277461 0.00673703 0.00103958 0.000190701 -0.000562544 -0.000528594 0.00212089 0.00859571 0.0134402 0.000222362 -0.00220084
internal_weight=1494.84 491.251 1003.59 973.645 292.112 681.532 627.599 593.478 103.759 357.799 77.1262 55.2451 280.673 202.538
internal_count=9201 4128 5073 4951 1375 3576 3286 3113 500 1820 433 305 1387 997
is_linear=0
shrinkage=0.03


Tree=53
num_leaves=15
num_cat=0
split_feature=0 24 0 8 23 6 16 4 16 23 12 16 8 13
split_gain=33.9542 24.1259 7.54864 6.13097 5.88875 5.63695 5.32199 6.07369 6.0083 7.06437 5.75811 5.68473 4.81349 8.16587
threshold=9.5000000000000018 1.0000000180025095e-35 3.5000000000000004 55.850000000000001 6.0500000000000007 22.950000000000003 3.9336895645565888 5.4602805185488377 5.4714178717934514 2.1500000000000008 68.550000000000011 5.5358881356258705 59.050000000000004 4.3500000000000005
decision_type=2 2 2 2 2 2 8 2 8 2 2 8 2 2
left_child=1 2 -1 5 6 -2 7 10 -8 -10 -4 -11 13 -5
right_child=3 -3 4 12 -6 -7 8 -9 9 11 -12 -13 -14 -15
leaf_value=-0.0087837596781918745 0.010948635799509741 0.018806680161505156 0.0075345079162463073 0.0041210919763229725 0.011129675449957776 -0.0015884047515958061 -0.0099780637423406687 0.013394892505464421 0.0027485884067179056 0.0078849491901739361 -0.011465587681767621 -0.0068098592392782818 0.0050991583580245808 -0.013845052043336607
leaf_weight=271.26153174042702 214.20227983593941 36.442956984043121 22.087587684392929 53.079277917742729 21.460919611155987 36.47693145275116 128.58318711072206 29.636621437966824 141.83878226578236 22.044145070016384 26.010231956839561 241.46692933887243 217.29712162911892 32.840502932667732
leaf_count=2514 941 148 151 234 125 156 851 175 933 141 179 1538 983 149
internal_value=-0.000167778 -0.00363138 -0.00463397 0.00569526 -0.00280111 0.00912895 -0.00337616 0.00377708 -0.00444297 -0.00258697 -0.00285245 -0.00545662 0.00275447 -0.00312972
internal_weight=1494.73 940.833 904.39 553.896 633.128 250.679 611.667 77.7344 533.933 405.35 48.0978 263.511 303.217 85.9198
internal_count=9218 6755 6607 2463 4093 1097 3968 505 3463 2612 330 1679 1366 383
is_linear=0
shrinkage=0.03


Tree=54
num_leaves=15
num_cat=0
split_feature=0 24 24 23 12 5 16 12 4 11 16 6 16 6
split_gain=35.0599 15.397 15.0821 8.74955 7.53011 7.6645 9.48804 6.24419 5.22423 9.86499 7.39057 6.60332 5.84307 7.51768
threshold=6.5000000000000009 1.0000000180025095e-35 1.0000000180025095e-35 4.1500000000000012 74.750000000000014 54.750000000000007 5.7240529142314669 64.750000000000014 5.7126000344781183 0.95000000000000007 5.3706823701022435 12.15 5.8259639419541855 6.3500000000000005
decision_type=2 2 2 2 2 2 8 2 2 2 10 2 8 2
left_child=2 3 -1 8 5 6 -5 -7 9 -2 11 -11 -10 -14
right_child=1 -3 -4 4 -6 7 -8 -9 12 10 -12 -13 13 -15
leaf_value=-0.0062427499161615482 0.021792188178827016 0.024177435233453129 0.016279020007819223 0.010380587818081412 -0.0016130840702696762 0.0066894016550204773 -0.0095563801975118452 0.020244032836199251 -0.0024866767434904833 0.0030556617861545159 0.012790993392548217 -0.013219341422012705 -0.0059080559517287095 0.0098546249147382099
leaf_weight=573.50456347316504 23.942324593663216 28.26191683113575 23.353287220001221 49.805480107665062 59.907908722758293 61.947216689586639 30.565800830721855 73.404789283871651 325.28528299927711 65.24583674967289 36.96675942838192 28.167548879981041 35.294589623808861 84.063372820615768
leaf_count=4758 124 115 95 220 277 287 141 341 1595 358 193 154 181 415
internal_value=0.000382602 0.00410372 -0.00523362 0.00332131 0.00769479 0.0102576 0.00268278 0.0144997 0.00126169 0.00592325 0.00231194 -0.00227414 -0.000404074 0.00514341
internal_weight=1499.72 902.859 596.858 874.597 275.631 215.723 80.3713 135.352 598.966 154.322 130.38 93.4134 444.643 119.358
internal_count=9254 4401 4853 4286 1266 989 361 628 3020 829 705 512 2191 596
is_linear=0
shrinkage=0.03


Tree=55
num_leaves=15
num_cat=0
split_feature=24 0 0 23 18 17 6 6 16 23 16 4 5 7
split_gain=30.5064 30.3906 7.20827 9.40453 6.22754 5.92844 6.27077 6.07706 7.47606 6.98383 8.78607 5.68929 5.54488 7.1275
threshold=1.0000000180025095e-35 5.5000000000000009 10.500000000000002 5.9500000000000011 120.50000000000001 0.32500000000000007 5.3500000000000005 13.750000000000002 5.4923076668908521 1.9500000000000002 5.9314393085257562 5.757438156300454 57.050000000000004 1.4500000000000002
decision_type=2 2 2 2 10 8 2 2 10 2 8 2 2 2
left_child=1 -1 3 5 11 -3 -7 9 -9 -8 -11 -4 -13 -14
right_child=-2 2 4 -5 -6 6 7 8 -10 10 -12 12 13 -15
leaf_value=-0.0071128191949240711 0.022047598576156839 0.0089045602675571212 0.016956165557233102 0.016805213875045653 -0.007269340016540198 -0.0079369905599453953 0.011999817996609067 -0.013110962610613551 0.0024145364235199909 0.0037919147414978145 -0.011591914889876697 0.0014726545631045063 0.020861532494128761 0.005450759130220412
leaf_weight=464.43662376701832 49.393793687224388 41.646108582615852 33.066356644034386 22.300637856125832 31.523480325937271 123.40236596763134 50.658730030059814 53.928861126303673 50.528973147273064 120.31259894371033 40.564190998673439 227.6718143671751 29.902869120240211 150.15217204391956
leaf_count=4039 201 231 148 115 146 726 296 307 286 686 236 993 128 654
internal_value=-7.9989e-06 -0.00083815 0.00216978 -0.000331699 0.00481112 -0.00129086 -0.0023465 -7.36597e-05 -0.00583364 0.00283969 -0.000319524 0.0057469 0.00464343 0.00850463
internal_weight=1489.49 1440.1 975.659 503.342 472.317 481.042 439.396 315.993 104.458 211.536 160.877 440.793 407.727 180.055
internal_count=9192 8991 4952 2883 2069 2768 2537 1811 593 1218 922 1923 1775 782
is_linear=0
shrinkage=0.03


Tree=56
num_leaves=15
num_cat=0
split_feature=0 24 24 4 4 0 5 4 11 8 0 15 8 10
split_gain=26.4147 10.8733 10.1218 7.31449 7.43099 6.02585 7.07866 5.75184 10.0982 8.61371 8.02401 7.66926 5.73856 6.56196
threshold=6.5000000000000009 1.0000000180025095e-35 1.0000000180025095e-35 6.2284104152997699 6.3575818042818728 2.5000000000000004 76.050000000000011 5.6723329579150699 0.95000000000000007 57.350000000000001 15.500000000000002 17.250000000000004 72.950000000000017 2.1450000000000005
decision_type=2 2 2 2 2 2 2 2 2 2 2 8 2 2
left_child=1 5 3 7 -5 6 -1 8 -2 -10 12 -12 13 -9
right_child=2 -3 -4 4 -6 -7 -8 10 9 -11 11 -13 -14 -15
leaf_value=-0.011549463011005357 0.022230251773881653 0.014004717848245517 0.020233059151639456 0.016281705895523774 -0.00076778734912136845 -0.0031028297399599211 0.0089914926486284047 -0.0028533450592097727 0.013414449803842385 -0.0016379085902678628 0.016294295617124144 0.0010156619234891252 0.012112589289291978 0.0094006408920814036
leaf_weight=161.38310562819242 26.821118757128716 22.985103994607925 27.536763623356819 64.27373206615448 33.797813355922699 390.76085749268532 12.959307074546812 428.55873750150204 46.273862347006798 100.11729508638382 47.339365690946579 69.6140978038311 23.494309738278389 38.376521125435829
leaf_count=1606 136 94 112 265 138 2991 129 2188 239 534 198 290 120 185
internal_value=0.000552044 -0.00437744 0.00375754 0.00312965 0.0106538 -0.00524139 -0.00981449 0.00212254 0.00686277 0.003406 0.000725739 0.00761451 -0.000977305 -0.00175729
internal_weight=1494.29 588.088 906.204 878.667 98.0715 565.103 174.342 780.595 173.212 146.391 607.383 116.953 490.43 466.935
internal_count=9225 4820 4405 4293 403 4726 1735 3890 909 773 2981 488 2493 2373
is_linear=0
shrinkage=0.03


Tree=57
num_leaves=15
num_cat=0
split_feature=0 24 0 23 23 4 6 11 15 23 15 15 11 5
split_gain=26.8579 18.6508 9.16979 5.93428 4.59762 7.81907 6.22068 5.39447 6.27269 5.16196 4.80979 4.36491 4.12595 4.0632
threshold=9.5000000000000018 1.0000000180025095e-35 2.5000000000000004 6.0500000000000007 2.4500000000000006 5.753695639122272 6.0500000000000007 5.5500000000000007 16.550000000000004 3.8500000000000001 4.5500000000000007 32.45000000000001 6.8500000000000005 56.95000000000001
decision_type=2 2 2 2 2 2 2 2 8 2 10 8 2 2
left_child=1 2 -1 4 5 13 10 8 9 -8 -6 -10 -9 -4
right_child=-2 -3 3 -5 6 -7 7 12 11 -11 -12 -13 -14 -15
leaf_value=-0.010239336983936944 0.0049840407939090899 0.016923648759982438 -0.0043815187025698305 0.01104251971951299 -0.0021483269979197966 -0.0085657899427901089 -0.011471466451583192 -0.018241694192394495 0.011430336277223351 0.003931067923844107 -0.014510549109468165 -0.00061114184869770049 -0.0014972866262730334 0.0041825818577274389
leaf_weight=175.27191948890686 560.77568513154984 34.479294687509537 62.53098376095295 22.714259035885334 43.846904702484608 78.239624179899693 50.247155860066414 24.695880115032196 44.21053758263588 27.180060967803001 86.643768630921841 59.217730328440666 25.667102500796318 189.56043715029955
leaf_count=1756 2486 141 433 135 297 491 345 160 279 171 594 373 163 1376
internal_value=-0.000170009 -0.00330628 -0.00418015 -0.00263351 -0.00315838 -0.000581922 -0.00547131 -0.00241995 8.59967e-05 -0.00615408 -0.0105892 0.00482574 -0.010614 0.00201437
internal_weight=1485.28 924.506 890.026 714.754 692.04 330.331 361.709 231.218 180.855 77.4272 130.491 103.428 50.363 252.091
internal_count=9200 6714 6573 4817 4682 2300 2382 1491 1168 516 891 652 323 1809
is_linear=0
shrinkage=0.03


Tree=58
num_leaves=15
num_cat=0
split_feature=24 0 23 10 15 5 15 9 12 9 13 0 1 12
split_gain=23.6296 22.2439 6.87945 6.77157 5.64291 8.55581 5.00725 6.21804 7.4771 5.11744 4.68486 4.60863 7.61128 6.39234
threshold=1.0000000180025095e-35 6.5000000000000009 3.9500000000000006 0.18500000000000003 17.050000000000004 65.550000000000011 34.250000000000007 3.5550000000000002 72.050000000000011 0.70500000000000007 5.2500000000000009 1.5000000000000002 1.0000000180025095e-35 63.150000000000013
decision_type=2 2 2 2 8 2 10 2 2 2 2 2 2 2
left_child=1 3 4 -1 -3 10 7 8 9 -4 -6 -5 13 -13
right_child=-2 2 6 11 5 -7 -8 -9 -10 -11 -12 12 -14 -15
leaf_value=-0.012389269191139285 0.019239194830122174 -0.0032303803286357641 2.8720351918468592e-05 -0.0099901587431228036 0.0032404201708265564 -0.0080929392467579634 0.014343294830402645 -0.0024852804642081288 -0.0011161519826406883 0.014429705319201343 0.013942946075926494 -0.0060791627650660608 -0.0057879052389622904 0.006176489403142648
leaf_weight=90.394757576286793 52.158469706773758 215.73892666399479 28.387225016951561 77.833197571337223 243.95350290834904 49.011430948972702 49.997772097587585 83.343892440199852 64.211303859949112 97.355435758829117 39.653713673353195 50.257819689810276 220.70996206998825 122.06219427287579
leaf_count=769 213 1122 134 788 1198 252 216 385 298 451 204 404 1785 977
internal_value=0.000323393 -0.000429655 0.00256555 -0.00506289 0.000504441 0.00293884 0.00600056 0.00424404 0.00718461 0.011304 0.00495247 -0.00354099 -0.00215439 0.00253145
internal_weight=1485.07 1432.91 871.653 561.258 548.358 332.619 323.296 273.298 189.954 125.743 283.607 470.863 393.03 172.32
internal_count=9196 8983 4260 4723 2776 1654 1484 1268 883 585 1402 3954 3166 1381
is_linear=0
shrinkage=0.03


Tree=59
num_leaves=15
num_cat=0
split_feature=0 24 0 8 24 23 7 0 16 16 5 1 16 11
split_gain=28.181 14.4339 8.7079 7.97215 7.76121 6.776 6.70341 5.67608 7.77824 5.05387 4.94594 6.71982 4.58531 9.2543
threshold=4.5000000000000009 1.0000000180025095e-35 10.500000000000002 71.550000000000011 1.0000000180025095e-35 6.0500000000000007 13.850000000000003 20.500000000000004 5.2454410913657279 5.4633979689785752 54.850000000000001 1.0000000180025095e-35 5.6254626782429096 5.5500000000000007
decision_type=2 2 2 2 2 2 2 2 8 10 2 2 10 2
left_child=4 2 3 5 -1 12 7 8 -4 -5 11 -10 13 -2
right_child=1 -3 6 9 -6 -7 -8 -9 10 -11 -12 -13 -14 -15
leaf_value=-0.007714865048570968 0.0018615090153239631 0.020430182247907817 0.018059546775926846 0.00062403915479822226 0.010929255189334417 0.013377474309522465 -0.0083700756991351346 0.014714119774118196 0.0098622769369777138 0.01626368828838182 0.0061157599634707252 -0.0044368613720870099 -0.0067853615794879222 -0.0097652467718240335
leaf_weight=361.33652387559414 291.33750937134027 34.841857627034187 30.29013492166996 36.33308931440115 16.986010983586311 20.794637024402618 27.179476425051689 53.991300031542778 34.236292198300362 34.004678174853325 210.31798648834229 115.52956919372082 146.36874797940254 72.803563684225082
leaf_count=3307 1768 142 133 217 70 110 122 217 152 206 924 511 894 445
internal_value=0.000270243 0.00268544 0.00201727 -0.000379148 -0.00674614 -0.0016598 0.00504675 0.00595139 0.0045687 0.00876258 0.00320206 -0.00095508 -0.00239613 -0.000563839
internal_weight=1486.35 1108.03 1073.19 601.642 378.323 531.304 471.545 444.365 390.374 70.3378 360.084 149.766 510.51 364.141
internal_count=9218 5841 5699 3640 3377 3217 2059 1937 1720 423 1587 663 3107 2213
is_linear=0
shrinkage=0.03


Tree=60
num_leaves=15
num_cat=0
split_feature=0 24 24 0 12 15 23 1 16 23 5 17 5 5
split_gain=23.0732 10.6211 9.28605 7.59491 9.52835 8.03933 6.85067 5.95576 6.21751 6.82004 6.62573 6.04559 5.00818 8.78687
threshold=5.5000000000000009 1.0000000180025095e-35 1.0000000180025095e-35 16.500000000000004 52.050000000000004 28.150000000000002 5.9500000000000011 1.0000000180025095e-35 5.5118840154684099 2.1500000000000008 70.550000000000011 0.28500000000000009 56.95000000000001 66.550000000000011
decision_type=2 2 2 2 2 10 2 2 10 2 2 8 2 2
left_child=1 7 3 4 -2 6 -6 11 10 -10 -9 -1 -13 -14
right_child=2 -3 -4 -5 5 -7 -8 8 9 -11 -12 12 13 -15
leaf_value=-0.01031889368765959 0.016248372389037122 0.014642060700419353 0.018512486986689197 0.0084265290170222277 -0.0014973447182150177 0.0070159280740106997 0.011794151966888737 -0.015840797963177645 0.0053475244648785846 -0.010315696570704403 0.00079964425628616142 -0.010377517813208708 0.0093048619520290921 -0.0054041011528388628
leaf_weight=55.388575822114944 32.206578344106674 19.366910085082054 29.456967189908028 163.31689634919167 608.19879132509232 142.6091223359108 32.024003848433495 116.71950446814299 44.508938074111938 46.180314049124718 25.597879275679588 25.225254960358143 80.092066034674644 59.719351477921009
leaf_count=497 162 80 120 669 3275 702 155 1094 359 390 242 209 701 540
internal_value=0.000612534 -0.00482396 0.0031742 0.0026206 0.00141293 0.000703338 -0.000746259 -0.00580602 -0.00910427 -0.00275068 -0.0129222 -0.0021949 0.000754878 0.00305238
internal_weight=1480.61 472.799 1007.81 978.355 815.038 782.832 640.223 453.432 233.007 90.6893 142.317 220.425 165.037 139.811
internal_count=9195 4112 5083 4963 4294 4132 3430 4032 2085 749 1336 1947 1450 1241
is_linear=0
shrinkage=0.03


Tree=61
num_leaves=15
num_cat=0
split_feature=0 24 0 8 24 12 1 17 11 16 16 9 11 5
split_gain=20.1741 11.7684 8.28553 8.29676 5.69951 5.62937 5.23578 9.13761 8.70484 8.65848 8.67705 7.06201 6.23987 8.65304
threshold=4.5000000000000009 1.0000000180025095e-35 13.500000000000002 73.550000000000011 1.0000000180025095e-35 52.050000000000004 1.0000000180025095e-35 0.32500000000000007 4.5500000000000007 5.3706823701022435 5.6254626782429096 1.3450000000000004 3.7500000000000004 63.650000000000013
decision_type=2 2 2 2 2 2 2 10 2 10 10 2 2 2
left_child=4 2 3 5 -1 -2 7 -7 -9 -8 11 -11 -12 -14
right_child=1 -3 -4 -5 -6 6 9 8 -10 10 12 -13 13 -15
leaf_value=-0.0064022974306055924 0.011516202811194289 0.018720305361709134 0.0061995852935396644 0.011273802942273595 0.0099326497542796943 0.0065367367980562379 -0.011728296402619692 0.0017366585221002516 -0.01699577681587083 -0.0045277791026218902 -0.0091906894079874582 0.0082303038853031359 -0.0051344850443290572 0.013494239831986766
leaf_weight=358.70920140296221 28.047931022942066 33.55592392385006 281.81265859305859 52.050322949886322 15.941132754087446 160.2746183052659 79.373744569718838 58.696445219218731 30.249702200293541 54.909247793257236 126.02385833114386 111.1764412894845 64.417250387370586 28.187848880887032
leaf_count=3312 153 137 1182 304 66 906 460 346 181 313 716 625 361 163
internal_value=0.00038802 0.00242249 0.00182957 0.000248263 -0.0055856 -0.000596175 -0.00114929 0.00232821 -0.00519954 -0.00302166 -0.00109789 0.00400332 -0.004976 0.000936662
internal_weight=1483.43 1108.78 1075.22 793.407 374.65 741.357 713.309 249.221 88.9461 464.088 384.715 166.086 218.629 92.6051
internal_count=9225 5847 5710 4528 3378 4224 4071 1433 527 2638 2178 938 1240 524
is_linear=0
shrinkage=0.03


Tree=62
num_leaves=15
num_cat=0
split_feature=24 0 23 16 10 10 4 6 5 16 16 9 16 9
split_gain=22.9323 22.9111 4.7665 7.3512 5.49987 4.42898 4.26325 10.5651 6.90059 4.71919 6.74167 4.7754 5.14457 4.35913
threshold=1.0000000180025095e-35 6.5000000000000009 4.1500000000000012 5.7636933452782619 0.97500000000000009 0.18500000000000003 5.6760338950757658 13.750000000000002 61.95000000000001 5.8259639419541855 5.6151527449461494 1.2450000000000003 5.9544323447457046 0.54500000000000015
decision_type=2 2 2 8 2 2 2 2 2 8 10 2 10 2
left_child=1 5 6 -4 -5 -1 7 8 -3 10 13 -11 -13 -8
right_child=-2 2 3 4 -6 -7 9 -9 -10 11 -12 12 -14 -15
leaf_value=-0.011051381842414212 0.01919323285919973 0.015994352409762214 0.0092339634880966165 -0.007418494316412283 0.0064594844445072372 -0.0038554114895723796 0.011266490575017081 -0.0078283224430311174 -0.00064171833048200049 -0.0035744397387654694 -0.0080142381683311198 0.012812249806768396 -0.0023214309688811712 -0.0007723683807100845
leaf_weight=90.575666755437851 50.915980577468872 64.73175023496151 185.22055257856846 50.165350049734116 43.203543111681938 466.93456149101257 26.442568764090538 34.041466310620308 32.536378130316734 42.120792344212532 111.4778958261013 61.014707878232002 27.181417480111122 191.06184957921505
leaf_count=787 209 340 830 241 197 3969 128 182 176 214 555 307 132 940
internal_value=0.00034646 -0.000390819 0.00264952 0.00584865 -0.000994967 -0.00511234 0.00110406 0.00576333 0.0106702 -0.000275699 -0.00218774 0.00445369 0.00827384 0.000911512
internal_weight=1477.62 1426.71 869.198 278.589 93.3689 557.51 590.609 131.31 97.2681 459.299 328.982 130.317 88.1961 217.504
internal_count=9207 8998 4242 1268 438 4756 2974 698 516 2276 1623 653 439 1068
is_linear=0
shrinkage=0.03


Tree=63
num_leaves=15
num_cat=0
split_feature=24 0 15 4 4 9 12 11 11 9 23 7 23 15
split_gain=20.9866 15.1915 5.09999 5.79928 7.18156 5.86793 4.42189 6.80764 6.25008 5.09226 5.06279 4.5967 4.7103 4.52152
threshold=1.0000000180025095e-35 5.5000000000000009 29.250000000000004 6.1630289172999086 5.9970019466003057 1.4450000000000001 69.65000000000002 5.6500000000000012 4.8500000000000005 3.4950000000000006 1.3500000000000003 8.7500000000000018 1.3500000000000003 13.15
decision_type=2 2 10 2 2 2 2 2 2 2 2 2 2 8
left_child=1 -1 6 4 5 -4 7 8 10 -9 -3 12 -8 -14
right_child=-2 2 3 -5 -6 -7 11 9 -10 -11 -12 -13 13 -15
leaf_value=-0.0053968942103940244 0.017815083720479786 -0.0094582854679601709 0.016402690741866784 0.014095380055486575 -0.0070016183521982535 0.0010050856653425579 0.0075308619072647579 -0.00032678685155356488 0.014632891004447538 -0.015468677775715357 0.0036116013074360079 0.0053373918532612936 -6.6477246931235788e-05 -0.0080561817798336082
leaf_weight=450.05833970755339 51.228314250707626 24.494550719857216 31.985658347606659 48.132786467671394 45.118852987885475 57.790813013911247 25.335428684949875 63.19515161216259 38.820895075798035 24.388982459902763 294.58042688667774 54.326947465538979 102.52126635611057 163.92188136279583
leaf_count=4049 211 141 162 196 201 295 146 323 201 128 1499 266 532 846
internal_value=-0.000163402 -0.000869916 0.00123743 0.00567888 0.00227929 0.00706689 0.000181298 0.00214733 0.00397972 -0.00515093 0.00247781 -0.00234377 -0.00383977 -0.00503978
internal_weight=1475.9 1424.67 974.614 183.028 134.895 89.7765 791.586 445.48 357.896 87.5841 319.075 346.106 291.779 266.443
internal_count=9196 8985 4936 854 658 457 4082 2292 1841 451 1640 1790 1524 1378
is_linear=0
shrinkage=0.03


Tree=64
num_leaves=15
num_cat=0
split_feature=0 24 0 11 9 0 23 10 10 9 15 10 12 7
split_gain=16.9728 9.36576 7.67462 5.7544 6.7324 5.69296 5.36435 5.27681 5.11318 6.34062 5.36796 5.087 5.29271 4.96026
threshold=8.5000000000000018 1.0000000180025095e-35 2.5000000000000004 3.2500000000000004 2.9350000000000005 19.500000000000004 1.8500000000000003 2.1150000000000007 1.4850000000000001 1.0850000000000002 7.2500000000000009 1.0750000000000004 74.750000000000014 2.0500000000000003
decision_type=2 2 2 2 2 2 2 2 2 2 10 2 2 2
left_child=1 2 3 4 6 7 -1 8 9 10 -2 12 -11 -4
right_child=5 -3 13 -5 -6 -7 -8 -9 -10 11 -12 -13 -14 -15
leaf_value=0.0073777728912117427 -0.0024990120025327766 0.012379788458907279 0.0020294598130246233 -0.014427463720505415 -0.019549148998948881 0.011466311456483483 -0.0077815793975803587 0.010831120536980939 -0.00468709816453823 0.0012687427331997088 0.012344380038587547 0.0077469562391641357 -0.0087323055376851491 -0.0035977118486525809
leaf_weight=42.245175644755363 26.62666454911232 31.164938449859619 210.29396346956491 80.309882432222366 13.365094222128389 73.342745706439018 32.861312262713909 60.791982069611549 86.807844564318657 200.07962445914745 89.265672281384468 70.893970295786858 57.125538259744644 407.19105903059244
leaf_count=438 128 130 1499 836 140 296 343 268 392 918 404 322 268 2850
internal_value=0.000293582 -0.00259497 -0.00326299 -0.00883802 -0.00326386 0.00383746 0.000673396 0.0028035 0.00179161 0.0030964 0.00897175 0.000917569 -0.00107666 -0.00168038
internal_weight=1482.37 817.431 786.266 168.781 88.4716 664.934 75.1065 591.591 530.799 443.991 115.892 328.099 257.205 617.485
internal_count=9232 6236 6106 1757 921 2996 781 2700 2432 2040 532 1508 1186 4349
is_linear=0
shrinkage=0.03


Tree=65
num_leaves=15
num_cat=0
split_feature=24 0 16 10 13 6 10 15 6 11 15 7 7 15
split_gain=20.8326 15.4125 5.55026 6.44019 6.68515 5.28768 5.64235 5.18764 5.83208 4.6347 4.47461 4.38291 6.29485 5.66398
threshold=1.0000000180025095e-35 8.5000000000000018 5.7996261893141243 0.58500000000000008 4.1500000000000012 5.9500000000000011 0.74500000000000011 16.150000000000002 14.550000000000002 6.0500000000000007 4.9500000000000011 13.850000000000003 8.8500000000000032 14.550000000000002
decision_type=2 2 10 2 2 2 2 8 2 2 10 2 2 8
left_child=1 2 3 -1 10 -4 -7 9 -9 -6 -5 12 -3 -14
right_child=-2 11 5 4 7 6 -8 8 -10 -11 -12 -13 13 -15
leaf_value=-0.0075789559714179106 0.018105717401500937 0.0020427728619074317 -0.0058406890597364879 -0.00040717698231619175 -0.006332491868120526 0.017644859484803484 -0.001443170081215266 0.0020605306345515932 0.017975436703914389 0.009236908434288451 -0.01103525137245499 -0.007505180463560906 -0.00028948660140818837 0.016648757489643676
leaf_weight=316.57245792448521 49.589645087718964 536.1693492680788 28.876716688275337 59.728542275726795 90.498932160437107 26.528026349842548 23.722929336130619 116.96085319668055 20.659428395330906 16.380220673978329 84.925288744270802 31.534082934260368 26.236720874905586 48.967702105641365
leaf_count=2546 205 2425 219 440 745 187 161 912 143 134 628 144 120 215
internal_value=-8.39765e-05 -0.000776729 -0.00358752 -0.00443294 -0.00181001 0.00376799 0.00931849 0.00122359 0.00499609 -0.00364017 -0.00680707 0.00265585 0.00323657 0.0110898
internal_weight=1477.35 1427.76 784.853 705.726 389.153 79.1277 50.251 244.499 137.62 106.879 144.654 642.908 611.374 75.2044
internal_count=9224 9019 6115 5548 3002 567 348 1934 1055 879 1068 2904 2760 335
is_linear=0
shrinkage=0.03


Tree=66
num_leaves=15
num_cat=0
split_feature=0 24 24 17 13 13 6 15 9 9 15 12 10 9
split_gain=21.0549 8.52901 7.64397 5.90092 7.72405 7.34706 7.29323 5.4579 9.65604 6.63248 7.56624 5.217 5.04612 4.94132
threshold=5.5000000000000009 1.0000000180025095e-35 1.0000000180025095e-35 0.28500000000000009 3.1500000000000008 4.7500000000000009 5.0500000000000007 15.850000000000003 4.8450000000000006 2.7150000000000003 6.5500000000000007 66.350000000000009 2.0950000000000002 3.3050000000000002
decision_type=2 2 2 10 2 2 2 10 2 2 10 2 2 2
left_child=2 7 3 4 6 -5 -1 8 9 12 11 -11 -2 -6
right_child=1 -3 -4 5 13 -7 -8 -9 -10 10 -12 -13 -14 -15
leaf_value=0.019319940817279894 -0.0018918497278161367 0.017215538471174709 0.011013408827948273 -0.0071094374652359658 -0.0068864964040172708 0.011435384795881486 -0.0053909272054185964 0.0045937883869131974 -0.0095774214861129477 0.023074713406843066 0.00018079949983715012 0.0058163235414309469 0.010953195237555797 -0.016903513543906904
leaf_weight=13.802427142858503 283.02274376153946 30.490286648273468 21.146393656730652 33.90767440199852 288.31504938006401 33.276231192052364 21.33855015784502 453.98722402751446 73.920050203800201 27.433056846261024 71.417352557182312 39.862226217985153 25.450063794851303 52.385255232453346
leaf_count=124 1512 125 89 297 2660 295 184 2192 379 146 371 214 126 468
internal_value=0.000309059 0.00274632 -0.00494403 -0.00582012 -0.00726983 0.00223169 0.00551239 0.00220836 0.000106275 0.0017952 0.0071193 0.013961 -0.000674286 -0.00864889
internal_weight=1469.75 1005.58 464.172 443.025 375.841 67.1839 35.141 975.093 521.105 447.185 138.713 67.2953 308.473 340.7
internal_count=9182 5065 4117 4028 3436 592 308 4940 2748 2369 731 360 1638 3128
is_linear=0
shrinkage=0.03


Tree=67
num_leaves=15
num_cat=0
split_feature=24 0 15 9 12 4 5 13 0 23 8 12 15 23
split_gain=14.8287 14.6571 5.56764 6.44631 8.30847 6.94169 5.90614 5.27103 4.87818 4.76189 7.47744 6.61235 5.9146 5.76049
threshold=1.0000000180025095e-35 4.5000000000000009 16.550000000000004 0.70500000000000007 66.050000000000011 5.5460031614459471 64.450000000000017 6.1500000000000012 3.5000000000000004 3.5500000000000003 71.550000000000011 55.250000000000007 29.250000000000004 3.2500000000000004
decision_type=2 2 8 2 2 2 2 2 2 2 2 2 10 2
left_child=1 2 -1 4 -4 7 -6 8 -5 10 11 -3 -11 -13
right_child=-2 9 3 5 6 -7 -8 -9 -10 12 -12 13 -14 -15
leaf_value=-0.0095505286829612734 0.015523514897049579 0.0089225988845342205 -0.0071020420373076338 -0.013917737035896568 0.0014459299007581771 0.010815467133465222 0.028593613502683975 0.0073026655240867331 0.0009266302003896116 0.0017500960818120079 0.009457503954386437 -0.001257036182242601 0.0099941955588502898 -0.01040546019983611
leaf_weight=171.77167281508446 49.147759765386581 44.691428147256374 17.900158271193504 75.247628301382065 13.201152600347998 16.519667245447636 12.543417550623415 14.296451464295385 25.710101246833801 368.86673586070538 56.556003071367741 446.31627576053143 95.537070631980896 67.315682396292686
leaf_count=1653 204 237 169 739 122 137 120 135 209 1843 333 2541 430 353
internal_value=0.000113261 -0.000470052 -0.0057858 -0.00193682 0.00750974 -0.00522576 0.017172 -0.00787909 -0.0102721 0.00125874 -0.000474699 -0.00155581 0.00353446 -0.00254477
internal_weight=1475.62 1426.47 347.19 175.419 43.6447 131.774 25.7446 115.254 100.958 1079.28 614.879 558.323 464.404 513.632
internal_count=9225 9021 3284 1631 411 1220 242 1083 948 5737 3464 3131 2273 2894
is_linear=0
shrinkage=0.03


Tree=68
num_leaves=15
num_cat=0
split_feature=0 24 16 16 0 16 7 10 13 23 4 10 11 11
split_gain=17.7457 9.18766 6.35161 5.40893 6.12424 5.05734 5.4681 5.28842 7.69108 8.86071 7.70906 5.65692 5.65471 5.27003
threshold=8.5000000000000018 1.0000000180025095e-35 5.7996261893141243 5.6989517445575499 1.5000000000000002 3.7181278500871997 1.2500000000000002 0.42500000000000004 4.5500000000000007 1.9500000000000002 5.390487315513778 1.2450000000000003 2.6500000000000008 5.8500000000000005
decision_type=2 2 10 10 2 8 2 2 2 2 2 2 2 2
left_child=1 2 3 4 -1 6 -6 -7 11 10 -10 -9 -11 -14
right_child=-2 -3 -4 -5 5 7 -8 8 9 12 -12 -13 13 -15
leaf_value=-0.010406951825882573 0.0039691931696587265 0.012503986625760098 0.0045093975407139077 -0.013533833728280641 0.016016940726662144 -0.007964326661463017 -0.00020191396068237679 -0.0015217255339349946 0.025321468937045375 -0.010052579101288676 0.0030161646642276898 -0.012904033113024809 0.0095032133080613611 -0.0081552105072858188
leaf_weight=91.839126966893673 660.36760134994984 29.817044973373413 80.426132999360561 47.270862124860287 20.580814220011234 151.75993572175503 69.186220787465572 114.09440666437149 20.311079077422619 39.17967277765274 34.588881991803646 56.253602519631386 41.345541775226593 18.147713124752045
leaf_count=981 2966 126 575 339 172 1161 557 827 176 288 252 390 305 128
internal_value=0.000330226 -0.00262525 -0.00327543 -0.00418959 -0.00342047 -0.00220446 0.00416545 -0.00343737 -0.00122762 0.00358105 0.0126932 -0.00554125 -0.00185644 0.00390207
internal_weight=1475.17 814.801 784.984 704.558 657.287 565.448 89.767 475.681 323.921 153.573 54.9 170.348 98.6729 59.4933
internal_count=9243 6277 6151 5576 5237 4256 729 3527 2366 1149 428 1217 721 433
is_linear=0
shrinkage=0.03


Tree=69
num_leaves=15
num_cat=0
split_feature=0 24 4 4 23 8 13 6 23 16 4 9 4 7
split_gain=20.8219 7.9644 6.04504 5.50663 4.74819 5.69582 8.03126 8.58733 7.03143 4.35641 6.56308 5.23416 6.06884 5.25461
threshold=6.5000000000000009 1.0000000180025095e-35 6.2284104152997699 6.3152570869009379 2.1500000000000008 66.950000000000017 4.2500000000000009 4.3500000000000005 1.4500000000000002 3.7181278500871997 5.5880637467126633 1.7650000000000003 5.2768419326554152 2.7500000000000004
decision_type=2 2 2 2 2 2 2 2 2 10 2 2 2 2
left_child=1 4 -2 -4 5 6 7 -1 -8 11 -11 12 13 -6
right_child=2 -3 3 -5 9 -7 8 -9 -10 10 -12 -13 -14 -15
leaf_value=0.0083116643225614288 0.001607206204439863 0.01154023418186287 0.01590137639290579 0.002082847055481828 0.020286054667608241 -0.0074801066019724522 -0.00084609303508204471 -0.014544708961790677 0.014429150654027806 -0.017681851198626239 -0.0045574961818535108 -0.010485150707038992 -0.006750078548329071 -0.0026927866101777906
leaf_weight=17.813910111784935 798.02367420494556 21.168370172381401 49.617633000016212 52.772068127989769 16.248148627579216 126.86021406203508 61.439237490296364 41.474741481244564 42.833993501961231 76.239489138126373 67.321462899446487 50.043845869600773 30.479556381702423 13.679386638104914
leaf_count=156 3944 90 204 215 151 1173 553 347 364 686 519 431 245 127
internal_value=-0.000312165 -0.00479958 0.00251758 0.00920783 -0.00553413 -0.00283892 0.00087594 -0.00756494 0.00580188 -0.00850139 -0.0118878 -0.00377555 0.00215958 0.0109009
internal_weight=1466.02 565.602 900.413 102.39 544.434 290.422 163.562 59.2887 104.273 254.012 143.561 110.451 60.4071 29.9275
internal_count=9205 4842 4363 419 4752 2593 1420 503 917 2159 1205 954 523 278
is_linear=0
shrinkage=0.03


Tree=70
num_leaves=15
num_cat=0
split_feature=24 4 4 1 13 11 9 15 23 18 11 18 7 23
split_gain=14.4654 13.6695 6.90704 5.90283 8.94112 5.08657 7.13517 9.81412 6.89372 6.78122 6.48439 6.80596 8.14925 14.5817
threshold=1.0000000180025095e-35 5.4396594755956835 6.2284104152997699 1.0000000180025095e-35 6.1500000000000012 3.2500000000000004 4.8050000000000006 12.550000000000002 4.0500000000000007 178.50000000000003 5.6500000000000012 33.500000000000007 3.0500000000000003 2.4500000000000006
decision_type=2 2 2 2 2 2 2 10 2 10 2 10 2 2
left_child=1 3 5 -1 -5 8 10 -8 9 -3 -7 12 -12 -14
right_child=-2 2 -4 4 -6 6 7 -9 -10 -11 11 -13 13 -15
leaf_value=-0.0028491759694818817 0.015503568585655976 -0.0050515003773270875 0.0086028590394178761 -0.014865610661650958 0.008721106046997296 0.0073092744185080695 -0.019379890220341943 0.0034377735615334463 0.0041367315620497681 0.0078671650635460215 -0.0058259838096149427 -0.013614669571867492 0.025424543612594441 -0.00039902839010728318
leaf_weight=251.22854930907488 48.880464151501656 329.33064502477646 101.62063199281693 87.022149063646793 13.751226484775541 241.97538983076811 24.442356541752815 37.127096712589264 135.58833278715611 36.563525415956974 60.608047090470791 23.979867711663246 24.381161600351334 59.144520871341228
leaf_count=2112 204 1963 415 873 139 1376 138 189 666 207 355 145 151 308
internal_value=0.000244399 -0.000330691 0.00135308 -0.00541867 -0.0113869 0.000555913 0.00277782 -0.00639582 -0.00154064 -0.00367189 0.00421557 -0.00031988 0.00227431 0.00814913
internal_weight=1475.64 1426.76 1074.76 352.002 100.773 973.141 471.658 61.5695 501.483 365.894 410.089 168.114 144.134 83.5257
internal_count=9241 9037 5913 3124 1012 5498 2662 327 2836 2170 2335 959 814 459
is_linear=0
shrinkage=0.03


Tree=71
num_leaves=15
num_cat=0
split_feature=4 24 4 15 5 1 4 23 4 16 6 8 12 10
split_gain=10.0015 9.28758 5.78588 5.05954 4.28245 5.69122 10.5761 9.39331 7.79815 6.38825 7.6611 5.65856 5.66555 5.55828
threshold=6.218609712010843 1.0000000180025095e-35 4.4018650053024659 19.750000000000004 45.95000000000001 1.0000000180025095e-35 5.5621381532263205 2.0500000000000003 5.6126058646306207 5.8132222443679877 8.3500000000000032 50.650000000000013 62.650000000000013 0.17500000000000002
decision_type=2 2 2 10 2 2 2 2 2 8 2 2 2 2
left_child=1 2 -1 -2 -4 11 7 -7 -8 -10 -11 -6 -13 -14
right_child=3 -3 4 -5 5 6 8 -9 9 10 -12 12 13 -15
leaf_value=-0.014333504825263767 0.0011569180693657569 0.012290334524034151 0.008653831796624956 0.014011981223526924 0.011397849192723441 -0.0022701630182842408 0.012435713219485958 -0.017420291879553691 -0.0033655094631342719 -0.0041376584129656779 0.010591911552138502 -0.0051653724795283256 -0.0070058940192885659 0.0040979665669728443
leaf_weight=24.119571402668953 48.970155403017998 43.30709020793438 36.768530994653702 61.012877598404884 41.658381909132004 76.283064603805542 31.871477946639061 69.49257580935955 469.63645231723785 52.597063407301903 67.92888779938221 115.09209859371185 42.950351372361183 269.47932536154985
leaf_count=260 202 181 187 248 231 737 239 643 2584 303 347 793 323 1851
internal_value=9.51885e-05 -0.000630522 -0.00110717 0.00858744 -0.000801656 -0.00111642 -0.00270046 -0.00983055 -0.000964431 -0.00178649 0.00425521 0.00147698 0.000389695 0.00248519
internal_weight=1451.17 1341.18 1297.88 109.983 1273.76 1236.99 767.81 145.776 622.034 590.162 120.526 469.18 427.522 312.43
internal_count=9129 8679 8498 450 8238 8051 4853 1380 3473 3234 650 3198 2967 2174
is_linear=0
shrinkage=0.03


Tree=72
num_leaves=15
num_cat=0
split_feature=0 7 0 10 10 11 9 16 4 16 17 4 13 12
split_gain=16.8094 4.61069 6.54946 5.03766 6.5805 5.72957 5.62969 5.29566 4.68321 5.38647 8.08357 5.35954 6.24656 4.41947
threshold=7.5000000000000009 13.850000000000003 22.500000000000004 0.80500000000000016 0.64500000000000013 4.7500000000000009 3.6750000000000003 5.7307447370594149 5.8434819419237884 5.4923076668908521 0.26500000000000007 6.076390460511834 4.0500000000000007 61.250000000000007
decision_type=2 2 2 2 2 2 2 8 2 8 10 2 2 2
left_child=13 2 3 4 -2 8 7 -7 9 -5 -11 -10 -13 -1
right_child=1 -3 -4 5 -6 6 -8 -9 11 10 -12 12 -14 -15
leaf_value=-0.0077536702149765208 0.0021544469155822398 -0.0074318562670531909 0.015395835768221951 0.0017069956954918778 -0.0084480331940488193 0.0093479175949490057 -0.011534906089315193 -0.0053656771913514409 -0.00023066489083230395 0.026886306996100982 0.0036412808041964805 0.016219520302743182 0.00076578763398400546 -0.0020253546999299643
leaf_weight=153.99097141623497 273.06029675900936 31.553103417158127 34.981129243969917 26.884495690464973 60.002244099974632 47.680438131093979 26.349804133176804 33.533744260668755 99.4697135835886 32.494965061545372 23.791046053171158 50.806655123829842 41.611167892813683 536.65649976581335
leaf_count=1246 1310 146 141 130 285 218 125 159 471 154 121 216 179 4358
internal_value=4.88503e-05 0.00305125 0.00353815 0.00285578 0.00014768 0.0051808 -0.000674499 0.00331376 0.00744174 0.0132398 0.0181597 0.00465623 0.0096579 -0.00334912
internal_weight=1472.87 782.219 750.666 715.685 333.063 382.622 107.564 81.2142 275.058 83.1705 56.286 191.888 92.4178 690.647
internal_count=9259 3655 3509 3368 1595 1773 502 377 1271 405 275 866 395 5604
is_linear=0
shrinkage=0.03


Tree=73
num_leaves=15
num_cat=0
split_feature=0 24 0 15 1 16 4 16 17 5 4 23 4 5
split_gain=14.4506 8.5657 6.46042 6.20777 4.83712 10.8388 5.55781 7.90405 5.53179 5.39843 5.0816 5.07746 5.07424 4.77121
threshold=11.500000000000002 1.0000000180025095e-35 2.5000000000000004 17.050000000000004 1.0000000180025095e-35 5.3706823701022435 5.5621381532263205 5.981675882704967 0.32500000000000007 60.850000000000001 5.6126058646306207 1.5500000000000003 5.2198817249088663 57.95000000000001
decision_type=2 2 2 10 2 10 2 10 10 2 2 2 2 2
left_child=1 2 3 -1 8 -6 11 10 9 13 -8 -7 -10 -4
right_child=-2 -3 4 -5 5 6 7 -9 12 -11 -12 -13 -14 -15
leaf_value=-0.0098724207499133135 0.0050325775324291718 0.011767670638328537 0.0038438628293729475 0.0062250725386378001 -0.01112872297483293 0.0049275918339218407 0.015289278282794963 -0.012892428658892121 0.0094561149741655103 0.0089124702836876901 0.0012433610762917645 -0.013326006830317786 -0.0062379717599769209 -0.0089415905176683033
leaf_weight=138.21912337839603 410.09135076403618 36.693406820297241 75.878330580890179 21.874645657837391 107.35118847340345 15.871814012527464 20.289031162858009 28.76945536583662 17.981668017804623 112.64946676045656 294.84115772694349 45.151578180491924 97.761753939092159 33.911323085427284
leaf_count=1498 1754 155 463 235 752 130 142 176 133 769 1755 372 617 219
internal_value=0.000293421 -0.00157748 -0.0021176 -0.007551 -0.00105664 -0.00288378 -0.000588845 0.000928896 0.00171278 0.00444736 0.00237235 -0.00856473 -0.00350916 -0.000322711
internal_weight=1457.34 1047.24 1010.55 160.094 850.457 512.274 404.923 343.9 338.183 222.439 315.13 61.0234 115.743 109.79
internal_count=9170 7416 7261 1733 5528 3327 2575 2073 2201 1451 1897 502 750 682
is_linear=0
shrinkage=0.03


Tree=74
num_leaves=15
num_cat=0
split_feature=0 0 13 15 23 15 5 4 23 4 12 12 4 9
split_gain=16.5202 6.33484 5.9655 7.46018 9.41677 5.35709 5.18044 4.33672 5.25691 4.39404 5.52065 6.12457 8.73707 4.11814
threshold=10.500000000000002 3.5000000000000004 1.9500000000000002 16.150000000000002 1.5500000000000003 19.550000000000004 52.350000000000001 5.7979879895265087 3.8500000000000001 5.6799790408864412 68.950000000000017 66.050000000000011 5.571166495774313 2.9650000000000003
decision_type=2 2 2 8 2 8 2 2 2 2 2 2 2 2
left_child=1 -1 -3 6 13 -6 -4 9 -9 10 11 12 -7 -5
right_child=-2 2 3 4 5 7 -8 8 -10 -11 -12 -13 -14 -15
leaf_value=-0.0063705008140513657 0.0043271370027156454 -0.01529176144950381 0.0060690591986886609 0.0058778401273417054 0.0096774977949743695 -0.0079017613934389587 -0.0055212815000825078 -0.0012921988760067988 0.014260847472795617 -0.010174154256801866 -0.0067538958601571671 0.017108344799836517 0.013342442871892457 0.021628549692133046
leaf_weight=258.30939178168774 491.87634836137295 20.07838337123394 35.838978789746761 47.446264311671257 40.499803580343723 44.581148512661457 255.10584933310747 50.579696096479893 26.152790173888206 58.923949256539345 70.99567949026823 19.2749332934618 21.86837811768055 21.545512303709984
leaf_count=2557 2127 116 220 306 253 294 1706 283 134 347 464 118 131 138
internal_value=-0.000126396 -0.00239255 -0.00091685 -0.000393667 0.00224534 9.21808e-05 -0.00401515 -0.00137596 0.00455688 -0.00354246 -0.000811597 0.00421072 -0.000465904 0.0119258
internal_weight=1463.08 971.201 712.891 692.813 401.868 332.876 290.945 292.377 76.7325 215.644 156.72 85.7245 66.4495 68.9918
internal_count=9194 7067 4510 4394 2468 2024 1926 1771 417 1354 1007 543 425 444
is_linear=0
shrinkage=0.03


Tree=75
num_leaves=15
num_cat=0
split_feature=0 13 12 9 0 6 9 0 8 9 9 10 23 6
split_gain=11.5753 5.1563 4.73429 7.4186 5.1042 5.8011 5.611 4.62515 4.61407 5.68212 5.20119 6.21636 6.28639 6.23582
threshold=5.5000000000000009 7.0500000000000007 52.850000000000001 2.1850000000000005 16.500000000000004 19.550000000000004 1.3050000000000004 18.500000000000004 71.350000000000009 3.7450000000000006 3.0350000000000006 2.1350000000000002 5.9500000000000011 4.3500000000000005
decision_type=2 2 2 2 2 2 2 2 2 2 2 2 2 2
left_child=1 -1 3 -2 8 6 -6 -8 9 10 11 12 13 -4
right_child=2 -3 4 -5 5 -7 7 -9 -10 -11 -12 -13 -14 -15
leaf_value=-0.0042766434635579231 0.020332475740319191 0.011747598720075039 -0.009207187756833754 -0.0014292162225455804 0.019991926774496103 -0.0029266086211894886 -0.0027368751266895097 0.010644082403600881 0.0077951380400238766 -0.0046935633152171696 0.0086254967442967612 0.011294456841136606 0.012293322716910537 2.2569863231447664e-05
leaf_weight=440.78059331327677 26.132930904626846 14.116490937769411 76.675202868878841 24.644396737217903 29.960732147097588 42.214108183979988 36.373553454875946 52.09963621199131 67.560785457491875 179.73280533403158 71.834010258316994 36.686493687331676 25.739710345864296 340.54104726016521
leaf_count=4023 122 131 419 123 122 172 150 211 359 947 372 177 120 1790
internal_value=0.000292418 -0.00365706 0.00208014 0.0105893 0.00157723 0.0063707 0.00966891 0.0052907 0.00057954 -0.000135565 0.00137877 0.000215663 -0.00081773 -0.0017626
internal_weight=1465.09 454.897 1010.2 50.7773 959.418 160.648 118.434 88.4732 798.77 731.209 551.476 479.642 442.956 417.216
internal_count=9238 4154 5084 245 4839 655 483 361 4184 3825 2878 2506 2329 2209
is_linear=0
shrinkage=0.03


Tree=76
num_leaves=15
num_cat=0
split_feature=24 0 23 13 9 7 6 12 9 15 15 4 6 5
split_gain=12.8066 12.4613 5.67119 6.65987 7.17425 6.68935 6.73868 5.5637 5.0603 5.3 4.60335 6.82691 5.19429 4.57021
threshold=1.0000000180025095e-35 2.5000000000000004 3.8500000000000001 2.5500000000000003 3.4950000000000006 3.8500000000000001 4.8500000000000005 67.250000000000014 2.3050000000000002 10.15 6.7500000000000009 5.390487315513778 2.2500000000000004 76.050000000000011
decision_type=2 2 2 2 2 2 2 2 2 10 8 2 2 2
left_child=1 13 10 -4 5 6 -5 -6 9 -7 11 -3 -12 -1
right_child=-2 2 3 4 7 8 -8 -9 -10 -11 12 -13 -14 -15
leaf_value=-0.0096583338382890873 0.014489097181047406 0.0083414520094427739 0.01279177429254417 -0.0031517782523775716 -0.011858930787824275 -0.011887984500618259 0.01320311197086081 0.0017364986981898145 0.0087399157333809419 0.0019939261837621939 -0.0083782750205096193 -0.0098653316940893309 0.00085358608094151926 0.0068229787460795006
leaf_weight=146.11802238970995 49.33851346373558 19.068187646567822 55.096299819648266 27.216572865843773 45.58383547514677 37.052485086023808 94.148893788456917 55.967006467282772 36.050213605165482 57.299000605940819 54.594827242195606 88.163100615143776 684.3174641802907 13.295487202703951
leaf_count=1606 207 158 251 157 220 202 490 276 181 275 364 572 4132 143
internal_value=0.00019663 -0.000351383 0.000663817 0.0035445 0.00194411 0.00463693 0.00955589 -0.00463629 -0.000124993 -0.00378152 -0.000739278 -0.00640037 0.000119759 -0.00811806
internal_weight=1463.31 1413.97 1254.56 408.414 353.318 251.767 121.365 101.551 130.402 94.3515 846.144 107.231 738.912 159.414
internal_count=9234 9027 7278 2052 1801 1305 647 496 658 477 5226 730 4496 1749
is_linear=0
shrinkage=0.03


Tree=77
num_leaves=15
num_cat=0
split_feature=24 0 0 11 13 8 16 6 12 9 12 9 8 7
split_gain=16.7563 9.55648 6.20034 5.78659 8.78761 5.10256 4.13304 6.84205 6.18839 5.86635 7.89896 5.08804 4.76843 3.96966
threshold=1.0000000180025095e-35 2.5000000000000004 13.500000000000002 3.0500000000000003 5.4500000000000011 75.750000000000014 5.3484956511275712 23.750000000000004 71.950000000000017 1.135 61.650000000000013 2.3850000000000002 54.250000000000007 2.0500000000000003
decision_type=2 2 2 2 2 2 8 2 2 2 2 2 2 2
left_child=1 3 5 4 -1 13 -4 8 9 -8 -11 -10 -12 -3
right_child=-2 2 6 -5 -6 -7 7 -9 11 10 12 -13 -14 -15
leaf_value=-0.008418863182835511 0.01658164564243321 0.0016551130885524943 0.012480222987249124 -0.012779320108036629 0.011083731504051545 0.0082959528869631545 0.018619274786295766 -0.0083785618871936966 -0.010037867880588212 -0.0060355595692639296 0.017618121633343097 0.0055284910928602967 0.0020625209564882211 -0.0025641104415006864
leaf_weight=52.218329340219498 48.928863376379013 289.32352285087109 41.8357954621315 78.894466936588287 27.723950244486332 48.514825731515884 32.528955534100533 37.745064243674278 33.955373704433441 37.805831328034401 33.409466207027435 32.200955078005791 35.750235140323639 630.09216528385878
leaf_count=579 206 1844 174 874 301 332 135 157 142 158 138 135 149 3891
internal_value=0.000169125 -0.000456108 0.000433028 -0.00727019 -0.00140107 -0.000716753 0.00427993 0.00264759 0.00482216 0.00831281 0.00448704 -0.00260502 0.0102583 -0.00123463
internal_weight=1460.93 1412 1253.16 158.837 79.9423 967.931 285.232 243.396 205.651 139.494 106.966 66.1563 69.1597 919.416
internal_count=9215 9009 7255 1754 880 6067 1188 1014 857 580 445 277 287 5735
is_linear=0
shrinkage=0.03


Tree=78
num_leaves=15
num_cat=0
split_feature=0 8 10 4 8 5 9 16 4 15 25 11 15 8
split_gain=12.4377 7.12241 8.25299 6.98881 6.42894 9.43641 7.37809 6.84281 6.04712 4.9189 4.91369 4.53679 8.06091 5.1341
threshold=4.5000000000000009 73.550000000000011 0.82500000000000007 6.2385873703561474 56.550000000000004 61.750000000000007 2.0850000000000004 5.6330025904283287 5.8971994580844385 16.350000000000005 1.0000000180025095e-35 4.3500000000000005 40.050000000000004 59.850000000000001
decision_type=2 2 2 2 2 2 2 8 2 10 2 2 8 2
left_child=-1 2 4 8 5 6 9 -7 -4 -2 11 13 -13 -6
right_child=1 -3 3 -5 10 7 -8 -9 -10 -11 -12 12 -14 -15
leaf_value=-0.0048683493027324113 0.0044771882022892886 0.011662773348759462 0.0054631552127871602 0.013626319333504373 -0.018650716084552703 -0.017779301901639514 -9.8113638441528093e-05 0.0019962760163045714 -0.0012518388959221985 0.020634138833398132 0.0020874596737119207 0.0046583537465975638 -0.014962621661534939 -0.0059030583371059752
leaf_weight=352.77626267075539 36.463049076497555 54.493303589522839 259.56926447153091 51.381096616387367 36.007775776088238 25.057102724909782 77.018434755504131 31.19402664154768 219.11674381047487 33.79564917832613 79.929908119142056 64.430427260696888 20.876173481345177 122.18494175374508
leaf_count=3374 193 311 1484 209 203 136 374 169 1013 154 410 374 124 719
internal_value=-6.31129e-07 0.00155918 0.000985849 0.0036128 -0.00166573 0.00247431 0.00642319 -0.00754502 0.00240823 0.0131035 -0.00426899 -0.00635554 -0.000705861 -0.00928721
internal_weight=1464.29 1111.52 1057.02 530.067 526.957 203.528 147.277 56.2511 478.686 70.2587 323.429 243.499 85.3066 158.193
internal_count=9247 5873 5562 2706 2856 1026 721 305 2497 347 1830 1420 498 922
is_linear=0
shrinkage=0.03


Tree=79
num_leaves=15
num_cat=0
split_feature=0 24 10 15 15 10 9 1 12 18 23 16 23 4
split_gain=13.2507 6.34134 5.31673 5.60391 5.81186 5.16191 6.70843 4.81704 8.31169 7.78818 5.83679 5.76983 5.0202 6.99762
threshold=10.500000000000002 1.0000000180025095e-35 0.18500000000000003 16.350000000000005 17.950000000000003 0.91500000000000015 1.425 1.0000000180025095e-35 67.550000000000011 176.50000000000003 2.6500000000000008 5.3901372533073788 2.2500000000000004 5.7191895361592762
decision_type=2 2 2 10 10 2 2 2 2 8 2 10 2 2
left_child=1 2 -1 7 -5 6 -6 8 -4 -10 -11 -9 13 -13
right_child=-2 -3 3 4 5 -7 -8 11 9 10 -12 12 -14 -15
leaf_value=-0.0075760525093181734 0.0043295124649946172 0.0098646915518927226 -0.0053800648487008669 0.013844706780770773 0.013417489250434518 -0.0041912418427085211 -0.0010239688170413596 -0.011469384559702743 -0.0043883494329485474 0.015471216801932777 0.00097651560307368817 0.012807853814278588 -0.0061929338313640569 -0.0058531548399131461
leaf_weight=134.41408222913742 497.23573666810989 36.267324686050415 139.88945028185844 30.206543475389481 44.219433292746544 99.865562073886395 68.72595701366663 95.43729330599308 53.505269885063171 55.107351131737232 44.036472283303738 33.32031487673521 105.81369765102863 30.093528218567371
leaf_count=1063 2147 155 1058 215 314 635 458 886 425 426 290 264 715 194
internal_value=0.000371229 -0.00166775 -0.00216537 -0.00121513 0.0025515 0.000667511 0.00495914 -0.00286597 -0.000196403 0.00457394 0.00938912 -0.00575834 -0.00230083 0.00417157
internal_weight=1468.14 970.902 934.635 800.221 243.017 212.811 112.945 557.203 292.539 152.649 99.1438 264.665 169.228 63.4138
internal_count=9245 7098 6943 5880 1622 1407 772 4258 2199 1141 716 2059 1173 458
is_linear=0
shrinkage=0.03


Tree=80
num_leaves=15
num_cat=0
split_feature=0 24 23 8 6 12 13 16 13 7 23 23 16 8
split_gain=13.2402 7.86906 5.26036 9.82919 5.09065 8.05908 5.2487 5.01435 5.40082 4.99786 5.67949 4.24317 10.4383 5.27332
threshold=5.5000000000000009 1.0000000180025095e-35 2.1500000000000008 69.65000000000002 3.8500000000000001 64.950000000000017 4.9500000000000011 3.7181278500871997 4.5500000000000007 1.3500000000000003 1.0500000000000003 4.0500000000000007 5.7542152726621625 71.550000000000011
decision_type=2 2 2 2 2 2 2 8 2 2 2 2 8 2
left_child=2 11 3 4 5 -1 -6 8 -4 -8 -11 13 -13 -2
right_child=1 -3 7 -5 6 -7 9 -9 -10 10 -12 12 -14 -15
leaf_value=0.024748495117689763 -0.00056380715855340764 0.015934112442448002 0.013360804009592126 -0.0093403248014070992 -0.0054294961927532134 0.00067098400594927971 -0.0062719204572372197 -0.01002771023752028 -0.0073978258675893105 -0.0021891614653220693 0.020667220049761563 0.0083851064610179615 -0.0028921851177464469 0.0087670654929156103
leaf_weight=16.817693002521992 610.8931619822979 31.00649781525135 15.516499824821947 82.453777357935905 71.430398158729076 30.008643455803394 15.352269463241099 154.52935653924942 20.288240358233452 14.206232808530329 21.225920364260674 205.95748214423656 110.50923824310303 54.808616995811462
leaf_count=156 3210 129 143 797 644 279 145 1406 193 129 188 943 529 290
internal_value=0.000258169 0.00214664 -0.00404793 -0.00115424 0.00299234 0.0108718 -0.000335299 -0.00774404 0.00213306 0.00667433 0.0123657 0.00163288 0.00446338 0.000264053
internal_weight=1455 1013.17 441.829 251.495 169.041 46.8263 122.215 190.334 35.8047 50.7844 35.4322 982.168 316.467 665.702
internal_count=9181 5101 4080 2338 1541 435 1106 1742 336 462 317 4972 1472 3500
is_linear=0
shrinkage=0.03


Tree=81
num_leaves=15
num_cat=0
split_feature=24 0 7 7 11 11 12 12 16 6 16 15 16 0
split_gain=9.66038 7.54892 5.02992 5.45657 6.10294 5.6959 7.03202 5.72199 4.45567 4.05575 8.59019 5.70211 4.40985 3.58049
threshold=1.0000000180025095e-35 9.5000000000000018 13.850000000000003 8.8500000000000032 5.4500000000000011 3.4500000000000006 75.350000000000009 65.65000000000002 5.5677683737830064 9.6500000000000004 5.3810382390117431 10.15 5.682616128751742 2.5000000000000004
decision_type=2 2 2 2 2 2 2 2 10 2 10 10 8 2
left_child=1 13 3 4 5 6 9 -7 -6 11 -11 -3 -12 -1
right_child=-2 2 -4 -5 8 7 -8 -9 -10 10 12 -13 -14 -15
leaf_value=-0.0060492947979806748 0.012547918356559964 -0.0034981419391295313 -0.008547471498550667 0.010840753620456433 -0.010354379064099604 0.00087883181825934825 -0.0082980148228649995 0.01463443159558651 0.0021390172627243939 0.012472794020998513 -0.012182705980289574 0.012238845467889886 0.0018434544787246992 -0.001076282725150145
leaf_weight=156.2652073353529 50.144262447953224 26.086898013949394 30.345649600028992 67.48541833460331 50.394568428397179 45.680126592516899 50.930933743715286 64.885993272066116 45.242537960410118 27.721512287855148 38.774052903056145 69.688678070902824 35.288709297776222 696.40815340727568
leaf_count=1753 212 120 137 294 222 200 227 282 198 121 168 303 153 4815
internal_value=0.000230562 -0.000251912 0.00246663 0.0031817 0.00193939 0.00372918 0.00114542 0.00923524 -0.00463156 0.00372467 -0.000476543 0.00799159 -0.00580572 -0.00201761
internal_weight=1455.34 1405.2 552.525 522.179 454.694 359.057 248.491 110.566 95.6371 197.56 101.784 95.7756 74.0628 852.673
internal_count=9205 8993 2425 2288 1994 1574 1092 482 420 865 442 423 321 6568
is_linear=0
shrinkage=0.03


Tree=82
num_leaves=15
num_cat=0
split_feature=24 15 11 11 8 8 7 15 13 1 18 18 13 7
split_gain=9.35902 5.69039 5.00965 6.35058 5.598 4.73342 4.05126 6.51693 6.70103 5.50186 5.32999 4.03146 4.00066 4.60175
threshold=1.0000000180025095e-35 16.350000000000005 0.35000000000000003 0.95000000000000007 46.050000000000004 74.850000000000009 2.0500000000000003 12.750000000000002 4.0500000000000007 1.0000000180025095e-35 323.50000000000006 165.50000000000003 2.0500000000000003 8.8500000000000032
decision_type=2 10 2 2 2 2 2 8 2 2 8 10 2 2
left_child=1 2 -1 11 -5 12 7 8 -6 -10 -9 -4 -3 -14
right_child=-2 5 3 4 6 -7 -8 10 9 -11 -12 -13 13 -15
leaf_value=-0.010309518770066138 0.012580040060430302 -0.0084288510729019963 0.0025643514741623416 0.010085809888125498 0.013417043150962944 0.013973664065526723 -0.0041784186765494828 0.0017113548891184217 0.010255325553097437 -0.0060006489495091544 -0.010916010886755612 0.017511297340620437 0.0009637603207029602 0.0092622084321181044
leaf_weight=52.383987165987492 48.132298141717911 29.340399518609047 68.727427244186401 27.95088467746973 48.411734588444233 24.069323897361755 471.60803920030594 59.629554994404316 23.382029816508293 50.186438836157322 53.421043552458286 17.262525238096714 414.15768449753523 65.683327957987785
leaf_count=367 204 135 479 141 321 166 3176 469 196 409 393 107 2319 324
internal_value=0.000220241 -0.000245887 -0.00173402 -0.00112745 -0.00204128 0.00218375 -0.00258846 0.000622501 0.00532792 -0.000510224 -0.00446521 0.00636234 0.00149597 0.0021835
internal_weight=1454.35 1406.21 872.964 820.58 734.59 533.251 706.639 235.031 121.98 73.5685 113.051 85.99 509.181 479.841
internal_count=9206 9002 6058 5691 5105 2944 4964 1788 926 605 862 586 2778 2643
is_linear=0
shrinkage=0.03


Tree=83
num_leaves=15
num_cat=0
split_feature=0 7 12 12 7 7 11 11 8 11 8 16 16 12
split_gain=12.0445 6.25753 4.56191 11.7082 6.43747 7.25541 6.2809 7.53317 5.68525 5.23214 5.68146 5.04927 4.71089 5.27184
threshold=8.5000000000000018 13.850000000000003 69.65000000000002 64.550000000000011 1.5500000000000003 9.6500000000000004 5.0500000000000007 3.8500000000000001 61.050000000000004 0.95000000000000007 62.350000000000001 5.3706823701022435 5.2137978848011679 73.850000000000009
decision_type=2 2 2 2 2 2 2 2 2 2 2 10 10 2
left_child=2 -2 3 11 8 -6 7 9 -4 -5 -11 -1 13 -10
right_child=1 -3 4 6 5 -7 -8 -9 12 10 -12 -13 -14 -15
leaf_value=-0.0071190168662269675 0.0040190644864481146 -0.0089050494028362261 0.011842852654411084 0.015062761803329581 -0.0086451216980015545 0.0089508799607830487 -0.0034418391757810498 0.021687806285571227 -0.0086402835026748673 0.0095109868273681019 -0.0059013521295393006 0.0012778801623041269 -0.01290502265737019 0.010822936332552029
leaf_weight=169.43482407182455 632.66365532577038 30.971651464700699 29.441116653382778 26.870445683598518 231.09478996694088 19.138869866728783 46.860873378813267 27.614218100905418 16.828623339533806 32.123545296490192 46.275539875030518 100.1015635356307 22.108090274035931 24.943091943860054
leaf_count=1409 2828 141 222 207 1800 136 371 213 153 238 386 722 166 234
internal_value=0.000385143 0.00335382 -0.0021052 -0.000105925 -0.00468072 -0.00715033 0.00573428 0.00897767 0.00196822 0.00481133 0.000605361 -0.00403406 -0.00311214 0.00289634
internal_weight=1456.47 663.635 792.836 449.281 343.555 250.234 179.745 132.884 93.3209 105.27 78.3991 269.536 63.8798 41.7717
internal_count=9226 2969 6257 3546 2711 1936 1415 1044 775 831 624 2131 553 387
is_linear=0
shrinkage=0.03


Tree=84
num_leaves=15
num_cat=0
split_feature=24 0 7 9 15 13 8 13 7 1 13 16 15 12
split_gain=9.57741 9.93439 6.0924 6.40693 5.47835 4.82011 4.65002 5.89474 5.38946 4.63333 6.06133 7.32644 5.33145 5.29549
threshold=1.0000000180025095e-35 14.500000000000002 9.9500000000000011 1.0250000000000001 16.350000000000005 2.6500000000000008 74.950000000000017 2.3500000000000001 9.6500000000000004 1.0000000180025095e-35 6.2500000000000009 5.3950650364007915 13.250000000000002 66.050000000000011
decision_type=2 2 2 2 10 2 2 2 2 2 2 10 10 2
left_child=1 4 3 -3 9 -5 7 -6 -9 12 11 -11 13 -1
right_child=-2 2 -4 5 6 -7 -8 8 -10 10 -12 -13 -14 -15
leaf_value=-0.0042251450106394212 0.012472119214065469 0.017574059452289646 -0.0050435218766055447 0.013552236099643704 -0.01174280705944253 0.0013885269610897811 0.01342811746725555 0.00034092408352036959 0.012595756672448109 -0.012372390619562071 0.007705667614748884 -0.0032272668226423127 -0.015136901267092735 0.0031002690908560034
leaf_weight=140.84735576063395 49.392457857728004 38.773037537932396 39.797692105174065 34.035738080739975 27.606083579361439 123.51550282537937 21.72924031317234 319.20712298154831 30.973343282938004 115.91077302396297 25.861770085990429 242.19059028476477 16.488853015005589 222.15611661225557
leaf_count=1055 210 158 167 139 144 510 152 1952 164 1023 220 1548 122 1612
internal_value=0.000120894 -0.000358005 0.00518742 0.00733512 -0.0015013 0.00435228 0.00133413 0.000472207 0.00158692 -0.0029841 -0.00528558 -0.00631698 -0.000617062 0.000239179
internal_weight=1448.49 1399.09 236.122 196.324 1162.97 157.551 399.516 377.787 350.18 763.455 383.963 358.101 379.492 363.003
internal_count=9176 8966 974 807 7992 649 2412 2260 2116 5580 2791 2571 2789 2667
is_linear=0
shrinkage=0.03


Tree=85
num_leaves=15
num_cat=0
split_feature=24 0 11 15 9 11 10 15 7 10 6 10 10 12
split_gain=7.03537 7.05661 5.51126 5.42094 5.40465 5.16391 8.9677 5.44722 7.31855 7.06817 6.35855 5.62904 3.97151 3.98198
threshold=1.0000000180025095e-35 9.5000000000000018 5.6500000000000012 13.65 2.5450000000000004 4.9500000000000011 0.80500000000000016 35.150000000000013 2.3500000000000001 1.6050000000000002 9.6500000000000004 2.0950000000000002 0.18500000000000003 69.65000000000002
decision_type=2 2 2 10 2 2 2 10 2 2 2 2 2 2
left_child=1 12 5 -4 -5 6 -3 8 -8 10 -10 -11 -1 -14
right_child=-2 2 3 4 -6 -7 7 -9 9 11 -12 -13 13 -15
leaf_value=-0.0070436451406247847 0.010583974009748696 -0.0024486432741847248 -0.011848408688930919 0.0081981204628132544 -0.0078603184231297186 0.013128028701055689 0.012969227259773336 0.01708512431256386 0.013567437162746786 -0.015665061832050062 -0.0028069095691377857 0.0022707818139487751 0.00063028884370858402 -0.0038016887109311843
leaf_weight=124.46798849105835 48.532411381602287 180.12453527748585 40.350475296378136 39.515448361635208 27.851492509245872 41.379239201545715 55.2105862647295 32.07771460711956 40.80785109102726 28.560882493853569 37.284704342484474 27.583682045340538 410.90779840946198 321.45729121565819
leaf_count=1014 207 797 186 169 120 181 237 134 182 128 163 120 3159 2451
internal_value=-9.16493e-05 -0.000495898 0.00214194 -0.00382027 0.0014747 0.00361804 0.00248892 0.00646914 0.00427852 0.000366734 0.00605115 -0.00738811 -0.00219401 -0.00132763
internal_weight=1456.11 1407.58 550.747 107.717 67.3669 443.029 401.65 221.525 189.448 134.237 78.0926 56.1446 856.833 732.365
internal_count=9248 9041 2417 475 289 1942 1761 964 830 593 345 248 6624 5610
is_linear=0
shrinkage=0.03


Tree=86
num_leaves=15
num_cat=0
split_feature=0 7 24 7 5 6 0 5 15 11 4 5 15 15
split_gain=10.5622 5.13056 4.81652 4.48681 5.04493 5.85472 5.76817 4.48791 4.38371 6.0856 4.60615 5.66199 8.03437 4.36557
threshold=8.5000000000000018 13.850000000000003 1.0000000180025095e-35 8.8500000000000032 54.750000000000007 9.1500000000000004 13.500000000000002 50.250000000000007 16.350000000000005 0.65000000000000002 5.5043301444424904 68.750000000000014 28.350000000000005 14.550000000000002
decision_type=2 2 2 2 2 2 2 2 10 2 2 2 10 8
left_child=2 3 8 4 5 7 -7 -2 -1 -10 -11 12 -12 -5
right_child=1 -3 -4 13 -6 6 -8 -9 9 10 11 -13 -14 -15
leaf_value=-0.0041121083711511972 0.01161638128295215 -0.0081814965546926112 0.0088324440144462446 4.4161895494262394e-05 0.0046994425212419783 -0.012583146851449156 0.00035405775225580107 -0.00137141561106628 0.014638813670949959 -0.0068464605114113104 -0.006361804735870555 0.016228743534957152 0.010308704556527442 0.014873783740204718
leaf_weight=547.8542393296957 38.371604889631271 31.117990061640739 29.18043440580368 26.432964146137238 347.04904642701149 50.690929114818573 69.409742772579193 51.388478010892868 20.791028775274754 68.101664461195469 66.876825779676437 17.601159073412418 35.78762074559927 50.315763011574745
leaf_count=4563 170 142 128 120 1561 241 287 234 153 594 447 121 232 218
internal_value=0.00011724 0.00288924 -0.00223011 0.0034927 0.00250307 -0.00115392 -0.00539103 0.00450072 -0.00271169 0.000966818 -0.000881732 0.00263432 -0.000341792 0.0100814
internal_weight=1450.97 664.777 786.193 633.659 556.91 209.861 120.101 89.7601 757.013 209.158 188.367 120.266 102.664 76.7487
internal_count=9211 2973 6238 2831 2493 932 528 404 6110 1547 1394 800 679 338
is_linear=0
shrinkage=0.03


Tree=87
num_leaves=15
num_cat=0
split_feature=24 10 7 0 15 17 8 7 9 7 12 4 15 10
split_gain=8.13841 8.90524 9.67585 9.8362 8.33186 7.26836 7.07645 5.84462 5.79317 5.80405 5.59656 5.57662 5.57446 5.55106
threshold=1.0000000180025095e-35 0.81500000000000006 1.4500000000000002 7.5000000000000009 50.250000000000007 0.045000000000000005 65.750000000000014 3.9500000000000006 2.1050000000000004 3.0500000000000003 70.65000000000002 6.0022974083354983 0.65000000000000002 1.3650000000000004
decision_type=2 2 2 2 8 10 2 2 2 2 2 2 10 2
left_child=1 8 5 7 13 6 -3 12 -1 -10 -9 -11 -4 -5
right_child=-2 2 3 4 -6 -7 -8 10 9 11 -12 -13 -14 -15
leaf_value=8.4921880322353214e-06 0.011607117844747047 0.017166354958845123 0.0014699251918965943 0.0054883717924950528 0.012969904866152458 -0.0039120976515018063 0.00018762665569326724 0.0066764684667389084 -0.0092370115759259734 -0.0049435671872861886 -0.0079623092370312148 0.0062461256299937932 -0.013878583686987508 -0.0028960410693460222
leaf_weight=403.45111262798309 49.720159947872162 78.646631494164467 28.148521266877651 132.46087752282619 62.32379350066185 27.530936561524868 30.173336386680603 52.581245705485344 165.02148220688105 120.54490453004837 34.751489147543907 54.050947681069374 72.411206670105457 142.54927489161491
leaf_count=2861 213 459 234 611 297 195 239 410 1135 806 275 238 599 645
internal_value=0.000256392 -0.000185135 0.00233708 0.000457549 0.00350626 0.00930481 0.0126736 -0.00496498 -0.00243136 -0.00528787 0.000735662 -0.00140204 -0.00971613 0.00116827
internal_weight=1454.37 1404.65 661.577 525.226 337.334 136.351 108.82 187.892 743.068 339.617 87.3327 174.596 100.56 275.01
internal_count=9217 9004 3964 3071 1553 893 698 1518 5040 2179 685 1044 833 1256
is_linear=0
shrinkage=0.03


Tree=88
num_leaves=15
num_cat=0
split_feature=24 0 15 4 12 9 8 7 23 23 4 9 23 4
split_gain=8.36065 7.49328 6.12397 4.29729 4.11947 7.82197 4.0349 5.44141 6.63805 3.42121 6.44622 7.76426 7.73834 9.94704
threshold=1.0000000180025095e-35 2.5000000000000004 18.350000000000005 5.2022512127496361 52.850000000000001 2.0250000000000004 66.950000000000017 3.0500000000000003 1.0500000000000003 3.8500000000000001 5.7126000344781183 6.5050000000000008 2.4500000000000006 5.6675528755660816
decision_type=2 2 10 2 2 2 2 2 2 2 2 2 2 2
left_child=1 2 3 6 5 -3 7 8 -1 10 12 -12 13 -6
right_child=-2 4 -4 -5 9 -7 -8 -9 -10 -11 11 -13 -14 -15
leaf_value=-0.0069786463740792205 0.011777302081420034 0.017553928733533963 0.0083934241046646225 -0.016949177601017027 0.002830459833425893 -0.0026802910526043419 -0.010037164897629654 -0.010990835532650263 0.018816519397105953 0.0023041084727877322 -0.0047315944768512933 0.011421910601843775 -0.0033892737183456091 0.022261613201556455
leaf_weight=11.615163601934912 47.745565176010132 29.63552837818861 17.667039148509502 36.603232391178608 203.89967504143715 31.874547898769379 55.28836577385664 14.565734177827833 17.179795004427433 381.17340648174286 394.71720077097416 23.99806822091341 156.53960769623518 22.189178943634033
leaf_count=133 205 168 195 423 1509 177 639 164 192 1914 2114 116 1100 149
internal_value=5.20458e-05 -0.00038928 -0.00654549 -0.00872651 0.000390631 0.00765531 -0.00500509 0.00178557 0.00891835 -1.78909e-05 -0.00112983 -0.00368192 0.00167443 0.00517791
internal_weight=1444.69 1396.95 152.919 135.252 1244.03 61.5101 98.6491 43.3607 28.795 1182.52 801.344 418.715 382.628 226.089
internal_count=9198 8993 1746 1551 7247 345 1128 489 325 6902 4988 2230 2758 1658
is_linear=0
shrinkage=0.03


Tree=89
num_leaves=15
num_cat=0
split_feature=0 24 12 12 7 0 1 11 4 4 10 8 17 11
split_gain=11.0658 7.31773 4.83177 6.20142 4.3536 6.00508 4.73775 7.89699 6.72362 6.7004 6.09409 7.23558 7.07148 6.74557
threshold=3.5000000000000004 1.0000000180025095e-35 63.250000000000007 64.850000000000009 14.750000000000002 15.500000000000002 1.0000000180025095e-35 5.1500000000000012 5.549022868977084 5.6126058646306207 0.59500000000000008 57.250000000000007 1.8400000000000003 2.0500000000000003
decision_type=2 2 2 2 2 2 2 2 2 2 2 2 8 2
left_child=2 4 -1 -4 5 6 7 10 -8 -10 -2 12 -12 -13
right_child=1 -3 3 -5 -6 -7 8 -9 9 -11 11 13 -14 -15
leaf_value=-0.011912865165184876 -0.00021218657807729323 0.013620379265637477 0.013141520330752755 -0.0046639672841068446 -0.0098122393837230867 0.0058811697424396136 -0.011581065229066326 -0.0050480485760944415 0.012395381637747902 -0.0013110059888465201 0.005157400258165675 0.012345166326089636 0.028832036764821822 -0.0023742228835678288
leaf_weight=73.375155843794346 100.76436049491167 36.297014966607094 14.86717353761196 159.54076433926821 29.061018966138363 189.19971059262753 49.05883913487196 79.981332533061504 29.137900412082672 534.41954822093248 23.571857817471027 46.885946609079838 23.000499352812767 58.04075613617897
leaf_count=762 622 155 151 1644 143 772 405 497 208 2963 130 277 122 343
internal_value=9.91753e-06 0.00120756 -0.00569659 -0.00282222 0.000763552 0.00107645 8.845e-05 0.00294772 -0.00147355 -0.000499562 0.00553166 0.00923671 0.0185112 0.00446541
internal_weight=1447.2 1199.42 247.783 174.408 1163.12 1134.06 944.861 332.245 612.616 563.557 252.263 151.499 46.5724 104.927
internal_count=9194 6637 2557 1795 6482 6339 5567 1991 3576 3171 1494 872 252 620
is_linear=0
shrinkage=0.03


Tree=90
num_leaves=15
num_cat=0
split_feature=0 8 24 0 6 12 5 6 8 6 8 23 0 8
split_gain=8.10495 5.95962 5.39636 5.19188 5.25293 5.2299 3.78634 3.69425 3.75623 12.0639 5.44195 4.62012 6.02117 4.84467
threshold=4.5000000000000009 74.850000000000009 1.0000000180025095e-35 19.500000000000004 12.750000000000002 52.850000000000001 76.050000000000011 2.2500000000000004 60.850000000000001 25.750000000000004 60.150000000000013 1.7500000000000002 6.5000000000000009 61.650000000000013
decision_type=2 2 2 2 2 2 2 2 2 2 2 2 2 2
left_child=6 2 3 5 -5 -2 -1 -7 9 10 -9 12 -10 -13
right_child=1 -3 -4 4 -6 7 -8 8 11 -11 -12 13 -14 -15
leaf_value=-0.0046204331002488962 0.0091270408431560288 0.012212401119218844 0.012119692201645153 0.015353634751185721 -0.00035359633792720095 -0.0075595897852687149 0.0075886405825431186 0.00206925811071045 0.015483837552515579 -0.014145260331013911 0.014842797078241796 -0.014754684103933883 -0.0028037644566090234 -0.0025164212569536641
leaf_weight=325.44203295558691 47.88377807289362 39.27828661352396 32.690524682402611 36.20550274848938 35.408339783549309 58.446417577564716 20.115681402385235 430.00040864944458 22.973553776741028 35.241567425429821 27.555473931133747 28.194185204803944 35.551023289561272 269.34694340080023
leaf_count=3188 246 225 139 146 143 334 201 2223 168 168 152 155 191 1521
internal_value=0.000162954 0.00142453 0.000969116 0.000557105 0.0080712 -4.53464e-05 -0.00381162 -0.000576793 -5.45577e-05 0.00163543 0.00299065 -0.00238378 0.00502864 -0.00390077
internal_weight=1444.33 1098.78 1059.5 1026.81 71.6138 955.193 345.558 907.31 848.863 492.797 457.556 356.066 58.5246 297.541
internal_count=9200 5811 5586 5447 289 5158 3389 4912 4578 2543 2375 2035 359 1676
is_linear=0
shrinkage=0.03


Tree=91
num_leaves=15
num_cat=0
split_feature=24 0 8 8 8 16 17 5 16 0 25 13 23 4
split_gain=8.2892 8.8598 4.43271 4.29639 5.46078 4.76731 5.37938 4.27859 7.71596 6.61116 5.59829 5.59311 5.27646 4.97595
threshold=1.0000000180025095e-35 5.5000000000000009 75.750000000000014 47.350000000000001 49.850000000000001 6.0394864804899884 0.48500000000000004 64.250000000000014 5.5048832096221565 7.5000000000000009 1.0000000180025095e-35 5.0500000000000007 4.8500000000000005 6.1719743840192729
decision_type=2 2 2 2 2 10 10 2 8 2 2 2 2 2
left_child=1 -1 3 -3 -5 6 7 10 9 -9 11 12 13 -6
right_child=-2 2 -4 4 5 -7 -8 8 -10 -11 -12 -13 -14 -15
leaf_value=-0.0044239465511158611 0.011476002092558077 0.0066813918263600603 0.012094732073993787 -0.0088134535232030232 0.00030849561024753251 -0.010736405453618578 -0.0071276392030824977 -0.013664417779435624 0.011640079979322289 0.0056275313424347592 0.0047932943266149166 -0.0084745068123467677 -0.0081066930892336013 0.011758021492146548
leaf_weight=417.98696859180927 46.355560198426247 84.147156983613968 25.16102023422718 57.02806393802166 232.38919880986214 28.100470833480358 63.965378396213055 21.810112416744232 85.779336288571358 35.002461463212967 179.54316050559282 77.663203157484531 51.067513078451157 35.109000161290169
leaf_count=4038 200 386 132 271 1245 141 354 141 460 170 837 426 235 146
internal_value=-0.000363263 -0.000796336 0.00077065 0.000409582 -0.000233615 0.000420468 0.000886849 0.00164482 0.00620257 -0.0022848 0.000472395 -0.00152087 0.000279121 0.00199941
internal_weight=1441.11 1394.75 976.766 951.605 867.458 810.43 782.329 718.364 142.592 56.8126 575.772 396.229 318.566 267.498
internal_count=9182 8982 4944 4812 4426 4155 4014 3660 771 311 2889 2052 1626 1391
is_linear=0
shrinkage=0.03


Tree=92
num_leaves=15
num_cat=0
split_feature=0 23 16 12 8 13 8 6 12 7 12 15 8 15
split_gain=7.72204 6.10781 5.3389 7.39042 4.98714 4.80577 6.2239 5.02357 4.4338 4.31235 4.17888 4.17017 4.08298 3.73992
threshold=6.5000000000000009 2.1500000000000008 5.4004040358472851 67.450000000000017 69.65000000000002 4.5500000000000007 62.95000000000001 12.550000000000002 66.050000000000011 13.850000000000003 61.050000000000004 14.450000000000001 66.750000000000014 12.550000000000002
decision_type=2 2 10 2 2 2 2 2 2 2 2 10 2 10
left_child=1 2 4 10 5 6 -1 11 -6 -2 -4 12 -7 -5
right_child=9 -3 3 13 8 7 -8 -9 -10 -11 -12 -13 -14 -15
leaf_value=-0.012806147220002426 0.0025493290558047405 -0.0057440314598379899 0.0038826071758239003 -0.010642165037157848 -0.016962439063243219 0.017244762594809431 0.0051557055645949975 -0.0082639094785810843 -0.001832863389500481 -0.0075968898980077176 0.024253778513974558 -0.0046480109271299641 -0.0015676153663376951 0.0057167419167818865
leaf_weight=32.750318750739098 866.39148014783859 253.50799428671598 18.263464488089085 17.929648481309414 25.669710196554661 39.966128744184971 28.267524190247059 13.801050849258898 43.637633115053177 34.642567530274391 18.864510335028172 12.446394398808478 12.479909509420393 23.13036572933197
leaf_count=290 4194 2221 145 147 261 377 269 120 436 164 151 115 126 177
internal_value=0.000422751 -0.00239812 0.000602963 0.00704333 -0.00191446 0.00137963 -0.00472476 0.00611239 -0.00820079 0.00211946 0.0158832 0.00954234 0.0130214 -0.00180649
internal_weight=1441.75 540.715 287.207 78.188 209.019 139.711 61.0178 78.6935 69.3073 901.034 37.128 64.8924 52.446 41.06
internal_count=9193 4835 2614 620 1994 1297 559 738 697 4358 296 618 503 324
is_linear=0
shrinkage=0.03


Tree=93
num_leaves=15
num_cat=0
split_feature=24 4 5 12 9 18 1 5 12 4 23 5 16 9
split_gain=6.1826 5.73262 4.77226 5.83422 7.87781 8.27398 8.81668 7.41874 6.00536 5.8098 9.75972 6.37901 10.9363 4.47957
threshold=1.0000000180025095e-35 4.2920000602747415 45.95000000000001 69.550000000000011 4.7250000000000005 142.50000000000003 1.0000000180025095e-35 69.750000000000014 64.250000000000014 5.5880637467126633 2.0500000000000003 57.150000000000013 5.3853479333317242 6.3050000000000006
decision_type=2 2 2 2 2 10 2 2 2 2 2 2 8 2
left_child=1 -1 -3 4 5 6 7 -4 -7 10 -8 -11 -13 -5
right_child=-2 2 3 13 -6 8 9 -9 -10 11 -12 12 -14 -15
leaf_value=-0.015010394327784567 0.010033239241904626 0.0087605855105432444 0.012102630613096254 -0.0034015869919913613 -0.0066615080247951338 -0.013169333457062287 0.0040323302434013856 -0.0060593057619558683 0.0031092391656439705 -0.0018788933399521302 -0.015643782027603349 -0.0060886845927081244 0.010131941536883474 0.0085964721722962944
leaf_weight=19.048717960715294 47.126750737428665 46.1360804438591 134.86175703257322 556.35731539130211 95.534331157803535 44.724991627037525 43.574085123836994 20.535717353224754 31.880685925483704 137.94560918211937 38.952180042862892 45.148483768105507 154.8260343298316 24.780739538371563
leaf_count=224 204 225 950 3617 525 305 444 187 209 691 377 265 859 126
internal_value=-0.000111788 -0.00048931 -0.000234531 -0.00057843 0.00117108 0.00235989 0.00360111 0.00958847 -0.00661932 0.0013015 -0.00561787 0.00304861 0.0064106 -0.002821
internal_weight=1441.43 1394.31 1375.26 1329.12 747.984 652.45 575.844 155.397 76.6057 420.446 82.5263 337.92 199.975 581.138
internal_count=9208 9004 8780 8555 4812 4287 3773 1137 514 2636 821 1815 1124 3743
is_linear=0
shrinkage=0.03


Tree=94
num_leaves=15
num_cat=0
split_feature=24 0 15 8 12 8 13 13 0 7 15 5 12 5
split_gain=7.34079 4.86621 4.57986 4.77331 4.37202 5.81922 5.16402 7.0073 5.84578 4.61754 4.71193 4.57579 5.66374 4.5234
threshold=1.0000000180025095e-35 17.500000000000004 16.150000000000002 74.65000000000002 63.95000000000001 59.750000000000007 5.7500000000000009 4.4500000000000011 6.5000000000000009 5.2500000000000009 9.5500000000000025 56.95000000000001 69.15000000000002 66.550000000000011
decision_type=2 2 10 2 2 2 2 2 2 2 8 2 2 2
left_child=1 2 4 -4 -1 6 7 8 -6 10 -9 -7 13 -13
right_child=-2 -3 3 -5 5 11 -8 9 -10 -11 -12 12 -14 -15
leaf_value=-0.0055210014208134867 0.010964729511949394 0.0051184654848491738 0.00060658333549966587 0.012707321388559779 -0.0058721067905616675 -0.0089382143091571564 0.014989133157472054 -0.010857743661399759 0.0089041689955515913 -0.01681336793991357 0.0065236474643129202 0.0099684694470742428 -0.0042570218976775327 -0.0039645311462279068
leaf_weight=253.29429523646832 48.441638007760048 127.11806759238243 441.58902975916862 26.479281283915043 27.929846413433552 87.147869139909744 23.414490155875683 18.980530709028244 94.60789155960083 19.614288106560707 28.900601677596569 53.798171162605286 165.2463009506464 29.169053420424461
leaf_count=1836 210 516 2525 181 245 587 166 129 471 115 195 424 1367 263
internal_value=5.22253e-05 -0.000363839 -0.000930424 0.00141821 -0.00230127 -0.00077882 0.00305061 0.00123307 0.00543806 -0.00624961 -0.000741642 -0.00322515 -0.0010824 0.00512308
internal_weight=1445.73 1397.29 1270.17 468.068 802.103 548.809 213.448 190.033 122.538 67.4954 47.8811 335.361 248.214 82.9672
internal_count=9230 9020 8504 2706 5798 3962 1321 1155 716 439 324 2641 2054 687
is_linear=0
shrinkage=0.03


Tree=95
num_leaves=15
num_cat=0
split_feature=0 23 9 7 15 8 4 23 11 10 8 8 6 8
split_gain=8.45221 5.02041 4.62141 5.45821 4.9603 5.45522 5.3452 5.30547 5.9296 4.81383 4.04068 7.89847 6.40388 4.96177
threshold=5.5000000000000009 1.8500000000000003 0.70500000000000007 1.5500000000000003 19.550000000000004 71.750000000000014 5.4072463985692263 1.0500000000000003 3.9500000000000006 0.49500000000000005 60.850000000000001 60.150000000000013 25.950000000000003 61.650000000000013
decision_type=2 2 2 2 10 2 2 2 2 2 2 2 2 2
left_child=1 2 3 -1 5 6 7 -4 -9 -5 11 12 -2 -12
right_child=10 -3 4 9 -6 -7 -8 8 -10 -11 13 -13 -14 -15
leaf_value=0.019171730461612132 0.0029825233083298351 -0.006588090246803205 -0.00019333949016965001 -0.011345431626856682 -0.0146061322714293 -0.010258698700746237 -0.0060135988773220286 0.025788743685987766 -0.00011918268028139319 0.008397074203516916 -0.01061763075024858 0.01627431425013235 -0.0083164119639677469 0.00018997305172366218
leaf_weight=16.344388090074062 523.74095929414034 230.72189229726791 34.544308967888355 14.383936844766138 21.611296959221363 31.741157740354538 32.937712460756302 16.966535255312923 12.388935841619967 21.058409713208675 37.53120931237936 32.564734824001789 44.551257342100143 376.57961279153824
leaf_count=161 2551 2185 354 143 187 331 282 160 123 197 194 165 201 2001
internal_value=-0.000127135 -0.00361397 -0.00013949 0.00718661 -0.00281575 -0.000361489 0.003227 0.00808089 0.0164287 -2.73162e-05 0.00136979 0.00293177 0.00203194 -0.000904512
internal_weight=1447.67 432.699 201.977 51.7867 150.19 128.579 96.8375 63.8998 29.3555 35.4423 1014.97 600.857 568.292 414.111
internal_count=9235 4123 1938 501 1437 1250 919 637 283 340 5112 2917 2752 2195
is_linear=0
shrinkage=0.03


Tree=96
num_leaves=15
num_cat=0
split_feature=23 11 12 9 12 7 12 9 6 23 5 6 6 10
split_gain=5.33799 6.64073 5.22114 4.37143 6.50045 6.22282 4.75394 4.4283 5.91238 5.50069 3.93212 3.9309 4.86575 5.73725
threshold=3.8500000000000001 0.35000000000000003 85.950000000000017 3.5550000000000002 72.050000000000011 6.3500000000000005 67.050000000000011 0.54500000000000015 4.5500000000000007 4.7500000000000009 56.050000000000004 13.65 20.250000000000004 0.52500000000000013
decision_type=2 2 2 2 2 2 2 2 2 2 2 2 2 2
left_child=1 -1 11 4 7 -6 -5 -2 -9 -10 -11 -3 -13 -14
right_child=3 2 -4 6 5 -7 -8 8 9 10 -12 12 13 -15
leaf_value=-0.010378349283831093 -0.001464375771219136 0.00024280726026149535 0.012355729006095528 -0.0079727447077773544 0.0034597612956760466 -0.011970971180011319 0.0035753952106491308 -0.0013178037547598837 0.018007686219546609 -0.0033931464830079033 0.011052690184198966 -0.0080567412457866871 -0.0087618281861377174 0.0063945890861150101
leaf_weight=59.553471744060516 36.691995941102505 729.0461587831378 22.908932268619537 55.370690256357193 70.355858445167542 29.280911646783352 64.054940365254879 33.409308195114136 71.867904588580132 25.215625926852226 37.201140642166138 124.36293128877878 29.999287776648998 58.001231290400028
leaf_count=411 195 5228 157 268 386 141 313 187 375 116 199 768 175 313
internal_value=0.000109786 -0.00106226 -0.000436356 0.00292304 0.00481127 -0.00143031 -0.00188403 0.00781549 0.00982957 0.0125507 0.00539792 -0.000811279 -0.00435232 0.0010345
internal_weight=1447.32 1023.87 964.319 423.448 304.023 99.6368 119.426 204.386 167.694 134.285 62.4168 941.41 212.363 88.0005
internal_count=9232 7052 6641 2180 1599 527 581 1072 877 690 315 6484 1256 488
is_linear=0
shrinkage=0.03


Tree=97
num_leaves=15
num_cat=0
split_feature=0 23 16 0 4 12 9 7 13 12 12 5 23 18
split_gain=7.57362 5.77675 5.3158 4.39805 4.58318 5.24908 6.01036 4.27806 8.27129 6.00313 11.6069 6.13785 5.81554 10.8524
threshold=10.500000000000002 6.0500000000000007 5.3484956511275712 20.500000000000004 5.757438156300454 71.950000000000017 1.135 9.7500000000000018 4.3500000000000005 69.65000000000002 66.050000000000011 54.550000000000004 1.3500000000000003 118.50000000000001
decision_type=2 2 8 2 2 2 2 2 2 2 2 2 2 10
left_child=1 7 -2 4 -4 6 -6 9 -9 10 -1 -12 13 -11
right_child=2 -3 3 -5 5 -7 -8 8 -10 12 11 -13 -14 -15
leaf_value=-0.0029388739717989675 0.01056252627250159 0.011360321426342301 0.0099049143824276615 0.009555141271357882 0.010255136417078627 -0.005698120106685127 -0.00082297276029257504 -0.0048074310407686602 0.017259905733577222 -0.0033225471129605176 -0.0056769606096468373 0.0098304890912549008 -0.0069643718088360394 0.022473620512265959
leaf_weight=353.33061489462852 72.18610318005085 26.655757881700993 38.037599474191666 53.910824865102768 55.651260271668434 109.84651842713356 158.94918362796307 27.713229432702065 25.02635008841753 68.197295144200325 24.752874799072742 118.31248922646046 294.45636038482189 13.402051538228987
leaf_count=2689 308 158 167 219 242 479 690 173 164 597 159 896 2154 108
internal_value=0.000299415 -0.00125865 0.00331681 0.00195028 0.000704617 -0.000507966 0.00221794 -0.00168132 0.00625196 -0.00219378 -1.94903e-05 0.00704632 -0.00502595 0.00196721
internal_weight=1440.43 951.847 488.581 416.395 362.485 324.447 214.6 925.191 52.7396 872.452 496.396 143.065 376.056 81.5993
internal_count=9203 7098 2105 1797 1578 1411 932 6940 337 6603 3744 1055 2859 705
is_linear=0
shrinkage=0.03


Tree=98
num_leaves=15
num_cat=0
split_feature=24 10 7 16 16 12 4 7 15 16 8 5 7 5
split_gain=4.64399 4.66523 10.0983 7.16766 7.14629 6.39562 6.09778 7.45139 9.32961 6.0895 5.73575 8.07421 7.98512 9.47219
threshold=1.0000000180025095e-35 0.81500000000000006 1.4500000000000002 5.5717484171675666 5.8197412955975762 61.45000000000001 6.1903464077001455 2.9500000000000006 58.350000000000001 5.6530571013226973 57.95000000000001 57.050000000000004 1.8500000000000003 58.150000000000013
decision_type=2 2 2 8 10 2 2 2 8 10 2 2 2 2
left_child=1 4 3 -3 5 -1 7 8 -4 -5 12 -12 -7 -14
right_child=-2 2 6 9 -6 10 -8 -9 -10 -11 11 -13 13 -15
leaf_value=-0.0081515671992396649 0.0089929916658804659 0.015999845732475183 -0.011281303328364772 -0.0054178264782785398 0.0061614616954526772 -0.0077408919411875348 0.0080373501084995882 0.001112122560708575 0.0067020510173849595 0.010719906078450069 -0.010500522893268536 -0.00035771335776401883 0.014305750773267244 -0.001563501691754776
leaf_weight=146.97572411596775 48.321837216615677 62.368103422224522 105.02744852751493 39.854799337685108 87.510746523737907 40.05045472830534 66.313684701919556 321.72913004457951 30.305302761495113 34.99279373884201 95.714209839701653 237.77032324671745 67.174857683479786 62.074325829744339
leaf_count=1030 210 434 669 271 512 251 272 1909 213 200 613 1921 333 392
internal_value=0.000303674 -2.7683e-05 0.00179612 0.00888497 -0.0016629 -0.0027557 -0.000128884 -0.00138785 -0.00715895 0.00232572 -0.00111362 -0.00338093 0.00332137 0.00690987
internal_weight=1446.18 1397.86 660.591 137.216 737.271 649.76 523.376 457.062 135.333 74.8476 502.784 333.485 169.3 129.249
internal_count=9230 9020 3968 905 5052 4540 3063 2791 882 471 3510 2534 976 725
is_linear=0
shrinkage=0.03


Tree=99
num_leaves=15
num_cat=0
split_feature=24 0 23 11 11 4 13 8 10 16 7 12 9 8
split_gain=6.88901 6.31762 6.38925 6.37219 7.7103 7.58426 11.3726 5.30758 5.25361 4.88247 4.78682 4.78173 4.54227 4.32566
threshold=1.0000000180025095e-35 5.5000000000000009 2.2500000000000004 6.1500000000000012 3.2500000000000004 5.3680841043302543 4.9500000000000011 70.550000000000011 0.60500000000000009 3.7181278500871997 3.5500000000000003 53.250000000000007 1.7650000000000003 71.350000000000009
decision_type=2 2 2 2 2 2 2 2 2 10 2 2 2 2
left_child=1 2 3 4 5 6 -1 -8 -5 12 -6 -3 -4 -13
right_child=-2 11 9 8 10 -7 7 -9 -10 -11 -12 13 -14 -15
leaf_value=-0.0032269539226969664 0.010678071409142608 0.0092260483264805168 0.0041157224444500502 -0.0022273204383540077 -0.014983959529822866 -0.0064889187915781023 0.025327200770003357 0.00081179663861311784 0.018545407399846364 -0.012831183958229665 -2.2535345736901077e-05 -0.00034469125136108862 -0.0096889000676332535 0.0071155133845865991
leaf_weight=40.719898112118244 46.164949670433998 51.908441409468651 41.829713024199009 17.31070451438427 49.780889920890331 53.426888294517994 25.172583378851414 11.251485973596571 20.918540179729462 86.551698707044125 29.693397969007492 853.60839178413153 35.067742481827736 71.162664771080017
leaf_count=423 201 250 409 173 505 478 253 124 198 852 279 4330 340 371
internal_value=-0.000133894 -0.000530422 -0.00362378 -0.000552456 -0.00265479 0.00184934 0.00766756 0.0187664 0.00996957 -0.00813415 -0.00972623 0.000785411 -0.00238682 0.000264562
internal_weight=1434.57 1388.4 411.724 248.274 210.045 130.571 77.144 36.4241 38.2292 163.449 79.4743 976.679 76.8975 924.771
internal_count=9186 8985 4034 2433 2062 1278 800 377 371 1601 784 4951 749 4701
is_linear=0
shrinkage=0.03


Tree=100
num_leaves=15
num_cat=0
split_feature=8 6 24 4 8 0 6 12 5 11 5 4 1 7
split_gain=7.01005 6.4251 4.97134 4.87466 3.94788 5.15821 4.21566 6.61883 5.30882 3.96624 3.72633 5.61054 6.11687 6.01257
threshold=60.850000000000001 25.950000000000003 1.0000000180025095e-35 6.1719743840192729 64.65000000000002 1.5000000000000002 7.5500000000000007 59.850000000000001 59.750000000000007 1.2500000000000002 56.95000000000001 5.9758573830623991 1.0000000180025095e-35 2.1500000000000008
decision_type=2 2 2 2 2 2 2 2 2 2 2 2 2 2
left_child=1 2 -1 4 6 9 7 -2 -9 -6 -7 12 13 -12
right_child=3 -3 -4 -5 5 10 -8 8 -10 -11 11 -13 -14 -15
leaf_value=0.0022133117027632195 0.012208436544551315 -0.0082569233260776781 0.015180962148374236 0.007432563938436474 0.0048092221505821459 -0.0045274044630888941 -0.0098634226471082109 0.0034094252296771668 -0.011749541389142207 -0.012886895537252937 0.013161295613388555 0.014499643849510338 -0.0036084076073369178 -9.2653915021452998e-05
leaf_weight=648.72596214711666 19.975004680454731 46.382489159703255 22.981127336621284 39.919674694538116 11.795161925256251 111.12389394640923 116.19499143213034 32.980350472033024 44.021901018917561 46.248088099062443 46.927872732281685 23.369225971400738 147.05759058147669 75.555761910974979
leaf_count=3684 139 218 100 166 134 708 744 217 352 542 364 111 1135 551
internal_value=-8.51469e-05 0.00200171 0.00276586 -0.00217988 -0.0027986 -0.00121343 -0.00612812 -0.00138843 -0.0054449 -0.00919459 3.1519e-05 0.00180803 0.000463641 0.00530244
internal_weight=1433.26 718.09 671.707 715.17 675.25 462.078 213.172 96.9773 77.0023 58.0433 404.034 292.91 269.541 122.484
internal_count=9165 4002 3784 5163 4997 3545 1452 708 569 676 2869 2161 2050 915
is_linear=0
shrinkage=0.03


Tree=101
num_leaves=15
num_cat=0
split_feature=0 8 12 9 12 5 12 8 8 5 9 16 0 8
split_gain=6.58088 6.76728 5.30688 8.48856 6.43039 5.05518 5.3624 5.05762 7.39993 9.60051 6.72201 6.48906 5.36419 5.39104
threshold=4.5000000000000009 72.350000000000009 52.850000000000001 2.0050000000000003 61.250000000000007 61.750000000000007 76.750000000000014 57.45000000000001 59.350000000000001 57.050000000000004 1.2150000000000001 5.4800558342000931 13.500000000000002 49.150000000000013
decision_type=2 2 2 2 2 2 2 2 2 2 2 10 2 2
left_child=-1 2 3 -2 -4 6 7 12 -9 10 -10 -12 13 -6
right_child=1 -3 4 -5 5 -7 -8 8 9 -11 11 -13 -14 -15
leaf_value=-0.003389133231262941 0.020350343948399064 0.0099432657207126473 -0.0048105638805022834 -0.0025319163850649872 -0.0077258505598648101 -0.0021686721074249591 -0.0026917675619377761 -0.00920631248124513 -0.011687795834838503 0.012111993520531213 -0.0053627545313506405 0.010929809994062572 0.013266748158002124 0.0068485466752002903
leaf_weight=336.35559942573309 25.719559386372566 72.239489659667015 181.30218087136745 25.916728727519512 25.76284171640873 245.0404482409358 114.86302954703569 42.709149293601513 34.331506676971912 73.040798522531986 37.415064476430416 41.584611125290394 88.399766936898232 87.66712012887001
leaf_count=3367 126 411 962 134 135 1400 594 216 185 404 205 213 365 470
internal_value=0.000251124 0.00137862 0.000728882 0.00965591 0.000207718 0.00138121 0.00298024 0.0045057 0.00140125 0.00400911 -0.00150425 0.00335358 0.00791026 0.0033519
internal_weight=1432.35 1095.99 1023.75 51.6363 972.117 790.814 545.774 430.911 229.081 186.372 113.331 78.9997 201.83 113.43
internal_count=9187 5820 5409 260 5149 4187 2787 2193 1223 1007 603 418 970 605
is_linear=0
shrinkage=0.03


Tree=102
num_leaves=15
num_cat=0
split_feature=0 0 5 24 10 4 15 9 6 10 4 15 8 12
split_gain=4.89032 4.17574 6.25624 4.0091 4.46865 4.26238 8.04366 6.40035 6.87499 6.26206 6.15912 5.64715 5.60253 4.25101
threshold=22.500000000000004 3.5000000000000004 56.95000000000001 1.0000000180025095e-35 0.81500000000000006 6.1194157252056671 16.150000000000002 1.0850000000000002 4.9500000000000011 0.23500000000000001 5.9809387115841224 23.450000000000003 60.350000000000001 55.250000000000007
decision_type=2 2 2 2 2 2 10 2 2 2 2 10 2 2
left_child=1 2 -1 4 5 6 -3 12 -9 -7 11 -10 -8 -6
right_child=-2 3 -4 -5 13 9 7 8 10 -11 -12 -13 -14 -15
leaf_value=-0.015632265043436015 0.010167155658838722 -0.0035308720304782493 -0.0017680837132195966 0.0099648730770212322 0.010570187615782206 0.0029493416714407249 0.02217707669464189 -0.009939821283998106 0.0094116135300648125 -0.014099532724502933 0.016374611879068711 -0.0061101941771917771 0.0022349692134506069 0.0013080954975732168
leaf_weight=29.403887934982777 37.252563431859016 307.5720591172576 209.7450050637126 34.395147413015366 44.134574234485626 28.209171995520592 23.604521982371807 34.342866383492947 30.719919137656689 48.071069717407227 24.57963815331459 46.532422743737698 25.017397597432137 510.7585873901844
leaf_count=308 152 1966 2227 149 225 120 123 200 188 206 113 262 152 2791
internal_value=0.000111685 -0.00019174 -0.00375794 0.000557779 0.000226925 -0.00163502 -0.000578235 0.00429963 0.000811781 -0.00800111 0.00473326 0.000259068 0.0130815 0.00213259
internal_weight=1434.34 1397.09 239.149 1157.94 1123.54 568.649 492.369 184.797 136.175 76.2802 101.832 77.2523 48.6219 554.893
internal_count=9182 9030 2535 6495 6346 3330 3004 1038 763 326 563 450 275 3016
is_linear=0
shrinkage=0.03


Tree=103
num_leaves=15
num_cat=0
split_feature=4 24 25 5 5 5 0 16 4 4 5 16 8 9
split_gain=6.64008 4.54896 4.3227 3.71409 3.61752 7.08267 4.33507 5.19765 6.00612 4.2546 4.0902 5.34594 6.25709 8.63825
threshold=6.2663935011327005 1.0000000180025095e-35 1.0000000180025095e-35 45.95000000000001 57.050000000000004 57.550000000000004 13.500000000000002 5.6667589280379955 6.0890207931286673 6.1194157252056671 55.350000000000001 5.4923076668908521 58.350000000000001 2.8150000000000004
decision_type=2 2 2 2 2 2 2 8 2 2 2 10 2 2
left_child=1 3 -2 -1 6 -6 9 8 -8 10 11 -5 -13 -14
right_child=2 -3 -4 4 5 -7 7 -9 -10 -11 -12 12 13 -15
leaf_value=0.0074800676324174621 0.00045060410103356548 0.0084624691318615324 0.014142645655439399 -0.0060835493319686832 0.013745437525773811 -0.00058835683395475524 0.0050464042423426303 0.008245023367208516 -0.012082058599760893 -0.017459487024922147 -0.010035198229892227 -0.0050052637106580578 -0.00070448810142622437 0.022863693728232128
leaf_weight=41.268771722912788 37.608877465128899 43.673756346106529 42.250815033912659 117.1735557243228 27.224361576139927 828.92250864952803 31.225625798106194 50.619788900017738 33.597169116139412 19.440822347998619 73.668343752622604 41.219621434807777 30.387899078428745 20.499232850968838
leaf_count=205 153 191 174 775 169 5930 131 213 139 93 490 227 191 119
internal_value=-4.14809e-05 -0.000547935 0.00810103 -0.000878048 -0.00117698 -5.53983e-05 -0.0034473 0.00145349 -0.00406062 -0.00531147 -0.00418813 -0.00194378 0.0033647 0.00998577
internal_weight=1438.78 1358.92 79.8597 1315.25 1273.98 856.147 417.832 115.443 64.8228 302.389 282.949 209.28 92.1068 50.8871
internal_count=9200 8873 327 8682 8477 6099 2378 483 270 1895 1802 1312 537 310
is_linear=0
shrinkage=0.03


Tree=104
num_leaves=15
num_cat=0
split_feature=15 9 4 10 4 15 16 9 23 4 16 10 6 8
split_gain=5.10763 5.71766 6.86648 4.35046 4.20371 3.99988 5.56377 4.86757 4.85801 3.94465 3.97103 5.1141 6.5156 5.70698
threshold=25.650000000000002 1.3650000000000004 6.1903464077001455 1.2750000000000001 5.9209868796237188 32.750000000000007 5.6619228994511737 2.7150000000000003 3.9500000000000006 4.4018650053024659 3.7607993050970712 0.18500000000000003 13.550000000000002 72.350000000000009
decision_type=10 2 2 2 2 10 10 2 2 2 8 2 2 2
left_child=9 3 5 4 -2 6 7 -3 -7 -1 11 -11 13 -13
right_child=1 2 -4 -5 -6 8 -8 -9 -10 10 -12 12 -14 -15
leaf_value=-0.012636292160661112 0.019414866671490345 -0.002643614618242768 0.010607648511986598 -0.0010579214655182547 0.0040057346143030402 -0.011721368005330678 -0.0080557770442854417 0.015478860824603053 0.0028498313505994914 -0.0089529763483814223 -0.0016358620730337477 0.014135608944523844 -0.0094648800334101151 -0.0044001087843057165
leaf_weight=22.08811067044735 34.963538199663162 20.66566876322031 39.357487753033638 27.161245658993721 31.903457626700401 56.535733163356781 25.242804452776909 27.075552858412266 28.453956939280033 17.642249271273613 1011.4882610142231 63.68023394793272 14.155556827783583 16.547886431217194
leaf_count=258 228 123 161 139 140 318 132 147 128 167 6439 559 106 167
internal_value=-0.000411827 0.00310193 0.000146282 0.00898419 0.0128531 -0.00270554 0.00237245 0.00812728 -0.00695574 -0.00131507 -0.0010375 0.00420422 0.00699027 0.0102786
internal_weight=1436.96 291.359 197.331 94.0282 66.867 157.974 72.984 47.7412 84.9897 1145.6 1123.51 112.026 94.3837 80.2281
internal_count=9212 1516 1009 507 368 848 402 270 446 7696 7438 999 832 726
is_linear=0
shrinkage=0.03


Tree=105
num_leaves=15
num_cat=0
split_feature=0 24 8 8 4 4 5 11 8 10 9 9 13 5
split_gain=5.28077 4.48623 4.26103 8.79657 4.17825 7.84894 8.18187 5.82363 4.81326 4.47511 8.68311 6.08274 7.26138 5.11453
threshold=3.5000000000000004 1.0000000180025095e-35 60.45000000000001 55.650000000000013 5.6217281388607301 5.5880637467126633 66.450000000000017 0.35000000000000003 61.750000000000007 0.76500000000000012 1.905 1.9650000000000001 3.9500000000000006 59.650000000000013
decision_type=2 2 2 2 2 2 2 2 2 2 2 2 2 2
left_child=2 4 3 -1 5 6 9 -6 -8 10 13 -11 -13 -2
right_child=1 -3 -4 -5 7 -7 8 -9 -10 11 -12 12 -14 -15
leaf_value=-0.0099071103298818894 -2.1534079907764959e-05 0.010616816846997858 -0.0060012247221301026 0.012407505905187608 -0.010099652922324428 0.015249228136036228 0.0021904074119180566 0.00010766252010955543 -0.013889948585743517 0.00088251474067709251 -0.0080576205419104329 0.000400933323481259 0.023180630662854359 0.01751359702397998
leaf_weight=22.738007701933384 32.049665041267872 36.383420616388321 188.94821847975254 32.778936959803104 48.683565855026245 39.147308476269245 25.992388851940632 797.83862954378128 36.709922805428505 47.863056384027004 53.688078977167606 19.22282549738884 32.53260799497366 23.071788273751736
leaf_count=221 210 159 2042 336 251 235 177 4117 284 318 382 120 211 166
internal_value=8.29861e-05 0.000909467 -0.00388827 0.0032047 0.000559776 0.00350833 0.00156768 -0.000535218 -0.00755458 0.00442467 0.000157754 0.00885497 0.0155006 0.00816414
internal_weight=1437.65 1193.18 244.465 55.5169 1156.8 310.278 271.13 846.522 62.7023 208.428 108.81 99.6185 51.7554 55.1215
internal_count=9229 6630 2599 557 6471 2103 1868 4368 461 1407 758 649 331 376
is_linear=0
shrinkage=0.03


Tree=106
num_leaves=15
num_cat=0
split_feature=4 4 4 10 13 15 15 9 13 11 4 23 7 0
split_gain=3.97766 3.58852 4.73613 5.07614 3.46351 3.41353 4.97169 4.9418 6.8842 4.51571 4.01186 3.56537 3.49147 3.66737
threshold=4.4018650053024659 6.2385873703561474 6.3575818042818728 0.94500000000000006 1.9500000000000002 7.5500000000000007 8.2500000000000018 3.4950000000000006 3.9500000000000006 2.9500000000000006 5.1817821481450785 3.4500000000000006 5.5500000000000007 6.5000000000000009
decision_type=2 2 2 2 2 8 8 2 2 2 2 2 2 2
left_child=-1 4 3 -3 -2 7 -7 8 9 -6 -10 -9 13 -12
right_child=1 2 -4 -5 5 6 -8 11 10 -11 12 -13 -14 -15
leaf_value=-0.011278784439022397 -0.0078878785558521188 0.0011905556504039454 -0.0028962435492559863 0.017874403479018013 -0.0021326773063709021 0.012279123877833984 0.00057531987852290159 -0.017074525654297023 0.0059578213488579654 0.014119771086885108 -0.016818950009410041 -0.00031270857199553023 0.0021932780999322616 -0.002377816140324316
leaf_weight=21.848020672798157 43.78012490272522 30.751174628734589 34.501696556806564 32.180249452590942 24.412273459136486 28.753802992403507 1040.5687029659748 28.554518684744835 20.239766545593739 31.884219825267792 36.279361188411713 17.601547501981258 22.054595120251179 28.738212168216705
leaf_count=258 224 127 140 132 167 200 6620 211 212 211 337 98 145 152
internal_value=0.000162001 0.00037694 0.00578653 0.0104096 -4.17813e-05 0.00025644 0.000945716 -0.00319751 -0.000632926 0.00747302 -0.00502873 -0.0113378 -0.00776739 -0.0110615
internal_weight=1442.15 1420.3 97.4331 62.9314 1322.87 1279.09 1069.32 209.764 163.608 56.2965 107.312 46.1561 87.0722 65.0176
internal_count=9234 8976 399 259 8577 8353 6820 1533 1224 378 846 309 634 489
is_linear=0
shrinkage=0.03


Tree=107
num_leaves=15
num_cat=0
split_feature=9 0 4 13 15 15 11 11 9 9 13 12 6 6
split_gain=4.26531 3.72484 4.68836 7.07008 7.70508 5.75115 5.08647 7.25354 5.17309 4.22066 7.19042 5.09322 6.08434 7.8808
threshold=8.3150000000000031 3.5000000000000004 5.1945906263027615 4.5500000000000007 11.550000000000002 18.350000000000005 3.3500000000000001 5.7500000000000009 1.7050000000000003 4.8450000000000006 3.2500000000000004 72.050000000000011 12.750000000000002 21.050000000000004
decision_type=2 2 2 2 8 10 2 2 2 2 2 2 2 2
left_child=1 2 3 4 -1 -4 8 -8 -5 11 -11 -3 -13 -14
right_child=-2 9 5 6 -6 -7 7 -9 -10 10 -12 12 13 -15
leaf_value=0.0059250022343076787 0.012517466966200711 0.0027498530375445916 -0.011543598157390523 0.018302086915049292 -0.016037557276228798 0.0057113530628089392 -0.012402439165064796 0.011586121357781677 -0.00049819468544798427 0.0060702304272351858 -0.0084019468774736011 0.0010408126069739393 -0.01324692848634587 0.0031954646787987527
leaf_weight=19.664561599493027 19.671143710613251 700.05004364997149 81.369188167154789 29.206240326166153 33.268998391926289 18.494246318936348 22.968467727303505 14.275002978742121 21.00057714432478 39.774490438401699 99.035543821752071 231.78966945409775 68.362245678901672 38.281939215958118
leaf_count=214 89 3910 854 312 367 179 255 152 227 195 541 1349 371 194
internal_value=0.000150696 -6.43102e-05 -0.00342876 0.000150869 -0.00807138 -0.0082281 0.00529514 -0.00292482 0.0111054 0.000633861 -0.00418823 0.00129539 -0.0017094 -0.00746585
internal_weight=1437.21 1417.54 240.247 140.384 52.9336 99.8634 87.4503 37.2435 50.2068 1177.29 138.81 1038.48 338.434 106.644
internal_count=9209 9120 2560 1527 581 1033 946 407 539 6560 736 5824 1914 565
is_linear=0
shrinkage=0.03


Tree=108
num_leaves=15
num_cat=0
split_feature=0 24 5 12 9 12 12 6 16 4 9 6 6 9
split_gain=3.52852 3.48741 3.20231 3.3037 7.07737 5.01843 4.49419 6.14392 6.86485 7.9472 6.92547 6.13155 5.37148 4.66247
threshold=22.500000000000004 1.0000000180025095e-35 43.150000000000013 69.550000000000011 4.7250000000000005 71.250000000000014 72.050000000000011 12.850000000000003 5.3484956511275712 5.4602805185488377 1.9450000000000001 8.1500000000000004 21.050000000000004 2.8550000000000004
decision_type=2 2 2 2 2 2 2 2 8 2 2 2 2 2
left_child=1 2 -1 4 -4 -5 11 8 9 10 -8 -7 -9 -10
right_child=-2 -3 3 5 -6 6 7 12 13 -11 -12 -13 -14 -15
leaf_value=0.010418096033583884 0.0084832568506831955 0.0072712297665289086 0.0015072972570039889 -0.0086972782595095364 -0.0072166612248681086 -0.0042682632669709215 -0.01118557935269531 -0.012143051755496053 -0.0057806020702338822 0.015436618221688443 0.010229086696574137 0.015058474499256822 0.00076631066422604317 0.0031862583637662471
leaf_weight=17.89878798276186 36.181602045893669 46.091055482625961 661.50572130829096 95.415654517710209 90.725683100521564 23.490796379745007 25.984522685408592 81.247776843607426 151.40707690268755 42.444704927504063 19.331429190933704 28.141357563436031 42.856908820569515 74.419096358120441
leaf_count=86 148 202 4415 642 515 177 270 479 1010 268 180 167 230 442
internal_value=-0.000173144 -0.000426081 -0.000713706 -0.000900995 0.000414408 -0.00258235 -0.00131406 -0.00231995 -5.14241e-05 0.00684228 -0.00194156 0.00666498 -0.00782805 -0.00282064
internal_weight=1437.14 1400.96 1354.87 1336.97 752.231 584.739 489.324 437.692 313.587 87.7607 45.316 51.6322 124.105 225.826
internal_count=9231 9083 8881 8795 4930 3865 3223 2879 2170 718 450 344 709 1452
is_linear=0
shrinkage=0.03


Tree=109
num_leaves=15
num_cat=0
split_feature=24 4 16 16 10 7 10 5 1 23 13 7 15 7
split_gain=4.76461 4.27779 4.23984 3.94424 7.58643 4.7104 4.61062 7.54207 4.64995 7.25628 8.94107 5.59501 6.08825 5.21644
threshold=1.0000000180025095e-35 4.4018650053024659 6.0394864804899884 5.8299212842645742 0.27500000000000008 3.5500000000000003 0.18500000000000003 61.650000000000013 1.0000000180025095e-35 3.5500000000000003 6.2500000000000009 2.1500000000000008 27.650000000000002 2.9500000000000006
decision_type=2 2 10 10 2 2 2 2 2 2 2 2 8 2
left_child=1 -1 3 6 -5 -6 7 -3 11 10 -10 12 -8 -13
right_child=-2 2 -4 4 5 -7 8 -9 9 -11 -12 13 -14 -15
leaf_value=-0.011680896422654 0.0096999777249509936 0.0013408744077762411 -0.0086455869224816573 0.019741270717908176 0.0082498848235764751 -0.0035940610963112523 0.015356199665200862 -0.011740693125654242 -0.0044430331584334641 0.0032796018366200324 0.012898772466533374 -0.0073609186420335966 0.0029667566073493315 0.0029533815731344979
leaf_weight=21.074709460139275 45.968615680932999 88.263110928237438 38.406123906373978 22.683369763195515 52.489939115941525 59.373275958001614 57.031784616410732 65.726203203201294 354.334950722754 258.91574947535992 24.104512043297291 50.812357373535633 91.450303144752979 206.54050335288048
leaf_count=260 203 550 215 129 304 305 430 547 2422 1300 199 367 661 1339
internal_value=0.000690426 0.00035906 0.000586051 0.000883628 0.0056571 0.0020787 0.000325858 -0.00443628 0.00104662 -0.000553566 -0.00318466 0.00353584 0.00807076 0.000815427
internal_weight=1437.18 1391.21 1370.13 1331.73 134.547 111.863 1197.18 153.989 1043.19 637.355 378.439 405.835 148.482 257.353
internal_count=9231 9028 8768 8553 738 609 7815 1097 6718 3921 2621 2797 1091 1706
is_linear=0
shrinkage=0.03


Tree=110
num_leaves=15
num_cat=0
split_feature=0 5 15 12 15 1 23 9 18 18 12 9 5 9
split_gain=4.75101 5.45517 5.16963 6.18445 4.91625 4.06731 6.21325 5.66007 5.10957 12.1159 6.18304 5.9468 5.64933 4.57424
threshold=2.5000000000000004 76.050000000000011 17.050000000000004 76.750000000000014 11.850000000000003 1.0000000180025095e-35 4.1500000000000012 5.7650000000000006 144.50000000000003 176.50000000000003 71.65000000000002 2.8550000000000004 60.350000000000001 1.2850000000000004
decision_type=2 2 10 2 8 2 2 2 10 8 2 2 2 2
left_child=1 2 3 4 -1 7 -7 8 10 -10 13 -11 -12 -2
right_child=5 -3 -4 -5 -6 6 -8 -9 9 11 12 -13 -14 -15
leaf_value=-0.0036754131589487472 0.016636178699319579 0.011915276930238644 0.0067018492976363116 0.00568478624276953 -0.017159749874076327 -0.0017365915150956482 0.0038856252772923555 -0.0089437949194019432 -0.019293270947650182 -0.00095951263315827075 -0.0064058315609123702 0.01297721451875699 0.0076775144622917247 0.0060052016936671072
leaf_weight=46.827337801456451 60.059832371771336 12.081175245344637 20.141502477228642 19.982363358139992 54.742127865552902 607.91803265362978 243.68994968384504 26.232509106397629 20.01081820577383 82.884861014783382 46.933468498289585 35.825454264879227 45.65303348749876 105.37638442963362
leaf_count=549 381 135 222 238 631 3642 1167 146 131 513 277 217 299 623
internal_value=0.000478115 -0.00441888 -0.00617024 -0.0084837 -0.0114071 0.00108388 -0.000114489 0.00346979 0.00439167 -0.000257905 0.00684881 0.00360095 0.000576026 0.0102395
internal_weight=1428.36 153.775 141.693 121.552 101.569 1274.58 851.608 422.976 396.744 138.721 258.023 118.71 92.5865 165.436
internal_count=9171 1775 1640 1418 1180 7396 4809 2587 2441 861 1580 730 576 1004
is_linear=0
shrinkage=0.03


Tree=111
num_leaves=15
num_cat=0
split_feature=24 0 6 7 10 9 16 16 1 7 8 15 16 23
split_gain=4.34833 4.66662 5.62789 3.67267 7.1229 8.32165 5.57293 5.8793 7.45811 4.74681 4.66247 4.75962 4.40901 7.71899
threshold=1.0000000180025095e-35 19.500000000000004 13.250000000000002 2.0500000000000003 1.1650000000000003 2.1050000000000004 5.5528658541936098 5.377039289129681 1.0000000180025095e-35 1.3500000000000003 69.65000000000002 22.350000000000005 5.4004040358472851 2.3500000000000001
decision_type=2 2 2 2 2 2 8 10 2 2 2 8 8 2
left_child=1 3 -3 4 5 9 7 8 -7 -1 11 -6 -5 -14
right_child=-2 2 -4 12 10 6 -8 -9 -10 -11 -12 -13 13 -15
leaf_value=-0.00021491578995452758 0.008961267972029523 0.014618020209756255 -0.0016624705438951057 -0.0047429680605244476 0.015922009358380024 0.006958225696339442 -0.011099381216211564 0.012554244428825351 -0.016344780662666623 0.010082338373734635 -0.0041531731533307218 0.0028278483378807668 0.0046766276241228298 -0.002343789300660096
leaf_weight=100.02126677334309 45.895691841840744 36.975992009043694 33.388602942228317 256.86199832707644 56.006903491914272 19.502096347510815 76.219800405204296 19.829587399959564 21.027660205960274 62.23883743584156 21.496167205274105 46.698535844683647 201.23335266858339 440.32307125627995
leaf_count=785 203 150 135 1864 348 150 512 121 182 475 177 262 1429 2454
internal_value=0.000348485 3.34164e-05 0.00729502 -0.000379287 0.00191141 -0.000623172 -0.00596626 0.000868911 -0.00559909 0.00391817 0.00779793 0.010376 -0.00146252 -0.000122599
internal_weight=1437.72 1391.82 70.3646 1321.46 423.041 298.839 136.579 60.3593 40.5298 162.26 124.202 102.705 898.418 641.556
internal_count=9247 9044 285 8759 3012 2225 965 453 332 1260 787 610 5747 3883
is_linear=0
shrinkage=0.03


Tree=112
num_leaves=15
num_cat=0
split_feature=0 10 7 10 5 15 15 10 23 4 7 17 6 0
split_gain=6.75244 5.37463 6.55568 6.36251 7.28184 6.48499 6.26993 6.84972 10.7981 5.29453 4.95041 4.67388 4.29427 4.27476
threshold=6.5000000000000009 0.80500000000000016 1.3500000000000003 0.68500000000000016 61.650000000000013 11.450000000000001 39.750000000000007 1.6050000000000002 4.1500000000000012 6.0890207931286673 2.3500000000000001 0.52500000000000013 11.550000000000002 10.500000000000002
decision_type=2 2 2 2 2 8 8 2 2 2 2 10 2 2
left_child=-1 3 13 4 -2 -6 7 9 -9 10 -4 12 -8 -3
right_child=1 2 6 -5 5 -7 11 8 -10 -11 -12 -13 -14 -15
leaf_value=-0.0022104341068917449 0.0038019065026523419 0.0039595301013052482 -0.010498722054483347 -0.0092098111785310771 0.0074271612562940778 -0.0088812038212857346 0.020452688569322804 -0.011283719496846896 0.0072910044191096916 0.011064358374144115 0.0033743357831477441 -0.0011392107200588544 0.0047146812444305922 0.018271528622210119
leaf_weight=529.94878532737494 262.88484194874763 38.422274306416512 24.380780726671219 58.006810151040554 24.551289051771164 87.986129194498062 31.865057364106178 78.40867480635643 38.371253445744514 58.353995844721794 104.26099340617657 27.444627225399017 33.848007440567017 39.77024918794632
leaf_count=4836 1281 204 120 286 133 448 150 379 166 247 523 142 155 167
internal_value=0.000468144 0.00203407 0.00422054 -0.000383538 0.00108334 -0.00515875 0.00257863 0.000441271 -0.00513172 0.00396464 0.000450627 0.0091708 0.0132528 0.0118995
internal_weight=1438.5 908.555 475.126 433.429 375.422 112.537 396.933 303.776 116.78 186.996 128.642 93.1577 65.7131 78.1925
internal_count=9237 4401 2253 2148 1862 581 1882 1435 545 890 643 447 305 371
is_linear=0
shrinkage=0.03


Tree=113
num_leaves=15
num_cat=0
split_feature=0 15 0 1 8 9 6 5 11 23 9 9 9 15
split_gain=5.9133 4.57224 4.41709 5.58501 5.77032 5.60634 5.48646 6.87729 7.85924 5.28032 4.97099 4.86136 4.58734 5.6159
threshold=2.5000000000000004 17.050000000000004 22.500000000000004 1.0000000180025095e-35 51.150000000000013 0.38500000000000006 5.6500000000000012 66.550000000000011 5.1500000000000012 3.9500000000000006 6.6150000000000011 1.7850000000000004 4.6450000000000005 23.850000000000005
decision_type=2 10 2 2 2 2 2 2 2 2 2 2 2 10
left_child=1 -1 3 4 11 -5 7 8 -6 10 12 -2 13 -7
right_child=2 -3 -4 5 6 9 -8 -9 -10 -11 -12 -13 -14 -15
leaf_value=-0.0071361069680459244 0.0016141087420364266 0.0065884844158885904 0.010859713302303207 0.00696660058774965 0.015690247052033993 -0.0047974123308957952 -0.00022484073081485006 -0.0049153137717412674 -0.0046345955172393703 0.0023188929834708403 0.0097963756970165065 0.01992927568842098 -0.012038664370268608 0.0026073427913111584
leaf_weight=129.57523096352816 23.019416101276875 22.000365637242794 36.088946849107742 74.735500559210777 71.321677103638649 317.45345088094473 261.21786926686764 28.00305999070406 19.57835029065609 232.08048521727324 20.981783963739872 28.273233629763126 48.868556566536427 125.37008073925972
leaf_count=1520 127 242 148 433 453 2059 1584 193 131 1128 107 147 289 669
internal_value=0.000511141 -0.00499728 0.00117672 0.000855245 0.00359717 -0.000601282 0.00223701 0.00743625 0.0112992 -0.00140211 -0.00309268 0.0125831 -0.00373577 -0.00269531
internal_weight=1438.57 151.576 1286.99 1250.9 431.414 819.49 380.121 118.903 90.9 744.754 512.674 51.2926 491.692 442.824
internal_count=9230 1762 7468 7320 2635 4685 2361 777 584 4252 3124 274 3017 2728
is_linear=0
shrinkage=0.03


Tree=114
num_leaves=15
num_cat=0
split_feature=11 11 8 16 16 16 9 8 15 4 0 6 0 18
split_gain=4.74157 5.45872 5.81105 5.79728 8.26059 6.6268 6.43167 5.85182 5.73952 4.67137 6.3133 4.66355 8.37493 5.44541
threshold=0.35000000000000003 0.95000000000000007 57.050000000000004 5.3950650364007915 5.4174642079966882 5.2541683739968805 2.5650000000000004 66.550000000000011 21.850000000000005 5.7331715725175538 5.5000000000000009 12.050000000000002 12.500000000000002 267.50000000000006
decision_type=2 2 2 10 10 10 2 2 8 2 2 2 2 8
left_child=9 2 8 5 -5 7 -7 11 -2 10 -1 -3 13 -13
right_child=1 3 -4 4 -6 6 -8 -9 -10 -11 -12 12 -14 -15
leaf_value=-0.0080339830921305096 0.007273560851620192 0.00415043644761285 0.010435884481050563 0.018412081330840314 0.0015159938480147365 -0.0018401404242379463 -0.017658215001555452 -0.0049070580353649702 -0.011838953589639932 -0.01274261109173753 0.01319047116365135 0.0032342114151470104 0.011907366502310959 -0.013290206316296098
leaf_weight=25.167004436254501 24.372871793806553 231.00554295629263 95.65060068666935 22.326335147023201 592.9792954325676 52.377433903515339 38.395820200443268 170.21082536131144 22.485981456935406 41.9419229850173 16.702415123581886 23.918537713587284 19.69747619330883 51.208817802369595
leaf_count=247 137 1718 643 126 3281 300 211 1543 114 208 88 158 83 347
internal_value=0.000476121 0.000916363 0.00636311 0.000246978 0.00227254 -0.00187818 -0.00910354 -0.000478324 -0.00215508 -0.00624086 0.000936728 0.0018744 -0.00360047 -0.00815574
internal_weight=1428.44 1344.63 142.509 1202.12 615.306 586.814 90.7733 496.041 46.8589 83.8113 41.8694 325.83 94.8248 75.1274
internal_count=9204 8661 894 7767 3407 4360 511 3849 251 543 335 2306 588 505
is_linear=0
shrinkage=0.03


Tree=115
num_leaves=15
num_cat=0
split_feature=24 7 7 13 11 12 7 12 5 9 0 4 6 9
split_gain=4.72456 3.06839 3.8479 5.63746 4.98848 3.82769 6.67634 5.27154 5.88907 5.39884 5.41375 7.24557 6.22241 6.0433
threshold=1.0000000180025095e-35 14.750000000000002 8.8500000000000032 4.4500000000000011 3.8500000000000001 69.65000000000002 5.7500000000000009 66.050000000000011 51.650000000000013 4.7250000000000005 10.500000000000002 6.1130332057324646 7.2500000000000009 0.96500000000000008
decision_type=2 2 2 2 2 2 2 2 2 2 2 2 2 2
left_child=1 2 5 4 -4 7 -7 9 -9 10 13 12 -12 -1
right_child=-2 -3 3 -5 -6 6 -8 8 -10 -11 11 -13 -14 -15
leaf_value=-0.0077414857956901728 0.0090257430901848623 -0.0089469119747614973 -0.00577941220895835 0.01273075653521428 0.0085059884361831806 -0.00087481996951846376 -0.0098524164029618749 -0.0066275416049234427 0.0072316231281780293 -0.0085812221947526128 0.021203568032068923 -0.0031245169814997083 0.0041743635954109987 0.001164051932584878
leaf_weight=95.595454752445221 46.914784744381905 30.120431683957577 49.393696300685406 45.871808625757694 31.94164876639843 433.96972630172968 85.331120327115059 28.815119042992592 166.57116061449051 62.41802891343832 27.495199710130692 52.876588866114616 55.765235707163811 212.22423615306616
leaf_count=772 208 153 259 264 168 2973 516 146 1132 355 121 221 243 1638
internal_value=0.000141147 -0.000192778 3.51244e-05 0.0048976 -1.60253e-06 -0.000489344 -0.0024299 0.000953694 0.00507334 -0.000669945 0.000525521 0.00539783 0.0106806 -0.00168115
internal_weight=1425.3 1378.39 1348.27 127.207 81.3353 1221.06 519.301 701.761 195.386 506.375 443.957 136.137 83.2604 307.82
internal_count=9169 8961 8808 691 427 8117 3489 4628 1278 3350 2995 585 364 2410
is_linear=0
shrinkage=0.03


Tree=116
num_leaves=15
num_cat=0
split_feature=4 9 9 11 10 5 10 10 16 13 7 7 9 5
split_gain=3.159 2.8869 5.47007 6.22194 3.51309 7.85007 5.01281 4.31553 5.9179 4.18272 3.99377 4.42212 3.92457 3.87069
threshold=4.4018650053024659 7.995000000000001 5.7650000000000006 2.4500000000000006 0.18500000000000003 61.650000000000013 0.28500000000000009 0.47500000000000003 3.7607993050970712 4.1500000000000012 4.7500000000000009 3.0500000000000003 2.0250000000000004 56.95000000000001
decision_type=2 2 2 2 2 2 2 2 8 2 2 2 2 2
left_child=-1 2 4 -4 5 -2 10 8 -8 -7 11 12 -6 -9
right_child=1 -3 3 -5 6 9 7 13 -10 -11 -12 -13 -14 -15
leaf_value=-0.010268330393171449 0.0019746540129957678 0.0098788910517997233 0.0021558601599208807 -0.014979545610735303 0.014538721844625188 -0.0016572237434615117 0.0099797904047050322 -0.0013096842919880446 -0.00613796580081698 -0.016308209980764498 0.015208874251416057 -0.0082563216801225352 -0.001795164279822215 0.0027923361870100557
leaf_weight=21.258467577397823 100.90416545420885 22.385792061686516 31.305508300662041 39.725252971053123 24.901891902089119 30.078750424087048 19.229526296257973 322.23264151066542 141.79091630876064 41.689858227968216 32.800592727959156 18.730289906263351 21.991646826267242 562.32249952852726
leaf_count=261 621 103 164 218 186 214 164 1730 927 363 201 127 150 3772
internal_value=4.20727e-05 0.000233244 4.27373e-05 -0.0077823 0.00049272 -0.00343574 0.00109804 0.000472495 -0.00397055 -0.0106757 0.00739922 0.00269535 0.00744372 0.00129906
internal_weight=1431.35 1410.09 1387.7 71.0308 1316.67 172.673 1144 1045.58 161.02 71.7686 98.4244 65.6238 46.8935 884.555
internal_count=9201 8940 8837 382 8455 1198 7257 6593 1091 577 664 463 336 5502
is_linear=0
shrinkage=0.03


Tree=117
num_leaves=15
num_cat=0
split_feature=4 8 6 12 12 9 15 4 15 9 15 6 6 11
split_gain=5.91095 3.45714 4.9372 5.18799 7.6769 7.40742 5.56067 4.85217 4.57422 4.54005 4.14337 3.77956 4.25176 5.4654
threshold=4.4018650053024659 60.850000000000001 25.950000000000003 64.750000000000014 69.550000000000011 3.4950000000000006 5.4500000000000011 5.7500815743930938 24.450000000000003 2.3650000000000007 17.350000000000005 22.550000000000004 9.6500000000000004 1.4500000000000002
decision_type=2 2 2 2 2 2 10 2 10 2 8 2 2 2
left_child=-1 2 3 5 7 6 -2 10 9 -9 -5 12 -3 -14
right_child=1 11 -4 4 -6 -7 -8 8 -10 -11 -12 -13 13 -15
leaf_value=-0.014167769586938678 -0.0063168340076101828 8.2393161714934936e-05 -0.0069405649640598924 -0.0064286224327855229 0.0016733081076378234 -0.0091490275615819239 0.0055193411666360354 0.0086963588372438935 0.0035691457779532644 0.027341201761964896 0.0090081913990904122 0.0069088724631896029 -0.012800002749037568 -0.0021430625172315422
leaf_weight=20.435478441417217 44.449078574776649 431.76710870116949 48.189321622252464 21.749756723642349 288.99046932905912 65.88339825719595 126.2034213244915 29.458599790930748 27.230271212756634 27.104925841093063 33.682903215289116 44.839777000248432 54.682969532907009 168.09470120817423
leaf_count=252 289 3291 226 166 1634 351 687 141 119 131 216 250 361 1118
internal_value=0.000166998 0.000423661 0.00188739 0.00257439 0.00452642 -0.000980059 0.00234437 0.0101853 0.014556 0.0191258 0.00292059 -0.00107125 -0.00166616 -0.00498247
internal_weight=1432.76 1412.33 712.942 664.753 428.217 236.536 170.652 139.226 83.7938 56.5635 55.4327 699.385 654.545 222.778
internal_count=9232 8980 3960 3734 2407 1327 976 773 391 272 382 5020 4770 1479
is_linear=0
shrinkage=0.03


Tree=118
num_leaves=15
num_cat=0
split_feature=0 23 5 15 5 8 13 5 23 23 8 7 17 9
split_gain=4.8425 5.13233 7.52352 6.05608 5.72488 6.88206 6.11745 7.75926 5.31695 5.07329 4.58143 4.69495 4.058 6.08296
threshold=11.500000000000002 2.4500000000000006 56.95000000000001 9.7500000000000018 57.850000000000001 60.650000000000013 4.9500000000000011 63.95000000000001 6.1500000000000012 1.8500000000000003 57.050000000000004 2.8500000000000001 0.24500000000000002 2.0250000000000004
decision_type=2 2 2 10 2 2 2 2 2 2 2 2 10 2
left_child=1 2 3 -1 -4 6 10 -8 -3 -5 11 -6 -7 -14
right_child=-2 8 4 9 5 12 7 -9 -10 -11 -12 -13 13 -15
leaf_value=-0.012242005139416336 0.0026608740968349178 -0.0038881803453394751 0.016783816274329552 -0.0058025617963160993 0.0063552189550225204 -0.0026561161355459538 0.00091478907838176554 0.027443452708889298 0.0084091745823617857 0.011421258898632533 0.010547320961921427 -0.0114753677344332 0.015965907145823962 -0.0056024533048369789
leaf_weight=55.030850887298584 414.49128197133541 511.73815925419331 20.820138931274414 31.896313518285751 20.210257522761822 196.59606053680182 16.696109868586063 20.815228953957558 29.077948234975338 21.512303814291954 31.989832833409309 23.898840561509132 23.239015333354473 16.747811026871204
leaf_count=401 1767 3443 153 228 150 1749 131 168 163 143 242 158 199 142
internal_value=-5.46044e-05 -0.00116538 0.00108942 -0.00569632 0.00312212 0.00208506 0.00798448 0.017132 -0.00315601 0.0015188 0.00269714 -0.00349035 -0.00085454 0.00731371
internal_weight=1434.76 1020.27 479.453 108.439 371.013 350.193 113.61 37.5113 540.816 53.4086 76.0989 44.1091 236.583 39.9868
internal_count=9237 7470 3864 772 3092 2939 849 299 3606 371 550 308 2090 341
is_linear=0
shrinkage=0.03


Tree=119
num_leaves=15
num_cat=0
split_feature=4 15 23 16 4 16 7 23 13 12 4 0 16 12
split_gain=3.3797 6.66487 3.02149 4.43814 4.38493 6.77726 4.89655 4.87384 7.86093 7.10151 4.47835 4.00124 8.30285 5.02723
threshold=6.2385873703561474 19.750000000000004 1.9500000000000002 5.4923076668908521 5.8195837339240084 5.7024680177298581 6.8500000000000005 1.0500000000000003 3.9500000000000006 67.550000000000011 5.2276579083465693 5.5000000000000009 3.7275409828871884 69.550000000000011
decision_type=2 10 2 8 2 8 2 2 2 2 2 2 8 2
left_child=2 -2 3 -1 5 -5 7 9 -9 -7 -10 12 13 -4
right_child=1 -3 11 4 -6 6 -8 8 10 -11 -12 -13 -14 -15
leaf_value=-0.0012562482032231433 -0.0026337874416241841 0.012716916003529951 0.014458489956032477 0.019904014480032959 -0.0027874977602033281 -0.01132659450528771 -0.0095767348278796467 -0.0045847249112178487 0.028973343770880611 0.0091200107223345477 0.0089093549271937779 0.00032929826897583477 -0.0073153349509678571 -0.0044812454106329174
leaf_weight=159.08318601548672 43.669300943613052 51.553567454218864 25.173116378486156 27.819321192800999 44.168857119977474 23.77674425393343 15.231107495725153 17.918430805206299 15.427849270403383 27.627938702702522 33.967086918652058 759.38874204456806 166.99854918569326 18.462429143488407
leaf_count=1386 180 211 242 205 237 214 112 137 150 241 238 3848 1618 186
internal_value=0.000583508 0.00589688 0.00018394 0.00249144 0.00534763 0.0075858 0.00440331 0.00651146 0.0115326 -0.000503067 0.0172633 -0.0006927 -0.00429946 0.00680812
internal_weight=1430.27 95.2229 1335.04 365.021 205.937 161.768 133.949 118.718 67.3134 51.4047 49.3949 970.023 210.634 43.6355
internal_count=9205 391 8814 2920 1534 1297 1092 980 525 455 388 5894 2046 428
is_linear=0
shrinkage=0.03


Tree=120
num_leaves=15
num_cat=0
split_feature=24 5 0 7 9 12 0 23 15 9 15 4 16 16
split_gain=4.12368 4.65769 3.78084 5.45085 3.58161 6.87225 5.69007 5.53371 5.06026 4.48408 8.06209 4.30757 4.24679 4.48135
threshold=1.0000000180025095e-35 45.95000000000001 6.5000000000000009 13.850000000000003 3.6250000000000004 65.350000000000009 16.500000000000004 6.4500000000000011 8.3500000000000032 2.8150000000000004 13.250000000000002 6.2385873703561474 5.4174642079966882 5.7024680177298581
decision_type=2 2 2 2 2 2 2 2 10 2 10 2 8 10
left_child=1 -1 -3 4 7 8 12 9 -6 11 -11 -4 -7 -14
right_child=-2 2 3 -5 5 6 -8 -9 -10 10 -12 -13 13 -15
leaf_value=0.0085303838098021532 0.0081750608331726329 -0.0027588335887147337 -0.00057437816374666115 -0.01101864284385615 0.0023398081904905436 0.0083744875233762728 0.012804982514484966 0.014791843303593854 -0.012623672890628299 0.015959475897858524 -0.0011329199357441996 0.0095461428221455015 -0.0094632720439306629 0.0042355590666792748
leaf_weight=45.806413680315018 47.509873196482658 505.59108314663172 423.53111323714256 30.378484070301056 26.867051012814045 26.222531504929066 29.009963318705559 25.175133809447289 64.068356543779373 44.260523110628128 48.846966043114662 36.523427978157997 52.993494644761086 30.45865698158741
leaf_count=222 211 4735 2102 144 141 138 118 111 311 221 228 149 271 151
internal_value=-7.83575e-05 -0.000388807 -0.000723301 0.000513385 0.00101208 -0.00212678 0.00207641 0.00226587 -0.00831115 0.00156839 0.00739156 0.00032308 -0.00119598 -0.00450663
internal_weight=1437.24 1389.73 1343.93 838.336 807.957 229.62 138.685 578.337 90.9354 553.162 93.1075 460.055 109.675 83.4522
internal_count=9253 9042 8820 4085 3941 1130 678 2811 452 2700 449 2251 560 422
is_linear=0
shrinkage=0.03


Tree=121
num_leaves=15
num_cat=0
split_feature=0 1 16 9 23 6 23 10 19 7 4 11 16 0
split_gain=3.85876 5.10791 6.24607 7.0291 4.83203 5.95464 5.71945 5.07347 4.69604 4.59054 5.65563 5.59891 4.36739 5.17392
threshold=11.500000000000002 1.0000000180025095e-35 5.377039289129681 0.38500000000000006 2.1500000000000008 6.1500000000000012 4.4500000000000011 0.91500000000000015 1.0000000180025095e-35 2.0500000000000003 5.8824975004109117 2.8500000000000001 3.7275409828871884 3.5000000000000004
decision_type=2 2 10 2 2 2 2 2 2 2 2 2 8 2
left_child=1 12 3 -3 7 6 -6 -4 -2 11 -11 -7 -1 -14
right_child=8 2 4 -5 5 9 -8 -9 -10 10 -12 -13 13 -15
leaf_value=0.0075160204043534396 0.0012126907264726318 0.0078010537963502163 0.0085889041826957991 -0.0096107778018150042 -0.012093372677536945 -0.0031875075344593774 0.0046727754106766781 -0.0030401528573472457 0.0094526275992725152 -0.0078062011882866584 0.0044923066286025005 0.015173836581171437 -0.0053732180699550911 0.0025290399897762317
leaf_weight=88.274436056613922 344.36505745351315 20.355990245938301 81.109778858721256 146.79172015190125 77.353847332298756 23.575051516294479 20.618580363690853 52.178286053240299 71.54580582678318 73.359062850475311 54.641423106193542 29.919684432446957 100.69537627696991 248.25412118434906
leaf_count=662 1471 190 577 1332 537 144 120 348 303 485 287 185 1066 1521
internal_value=0.000309012 -0.000687644 -0.00252431 -0.0073253 -0.000515719 -0.00274619 -0.00850933 0.00409116 0.00272559 0.000509522 -0.00258465 0.00750123 0.00174938 0.000205017
internal_weight=1433.04 1017.13 579.903 167.148 412.756 279.468 97.9724 133.288 415.911 181.495 128 53.4947 437.224 348.949
internal_count=9228 7454 4205 1522 2683 1758 657 925 1774 1101 772 329 3249 2587
is_linear=0
shrinkage=0.03


Tree=122
num_leaves=15
num_cat=0
split_feature=12 7 23 11 12 9 25 23 7 4 5 11 15 13
split_gain=4.33237 6.36076 4.25578 3.97391 6.42232 7.62746 6.46962 4.62426 4.92259 4.83209 4.0243 3.46605 4.48244 4.17994
threshold=53.250000000000007 1.9500000000000002 2.4500000000000006 5.3500000000000005 66.450000000000017 3.7450000000000006 1.0000000180025095e-35 2.7500000000000004 3.0500000000000003 5.5921517652889348 60.95000000000001 0.15000000000000005 3.2500000000000004 5.4500000000000011
decision_type=2 2 2 2 2 2 2 2 2 2 2 2 8 2
left_child=1 -1 -3 11 5 -5 7 8 9 -6 -9 -2 -13 -14
right_child=3 2 -4 4 6 -7 -8 10 -10 -11 -12 12 13 -15
leaf_value=0.018434453334163367 -0.0080489851331679452 0.010252066940573663 -0.005622836979331209 -0.0036717671228824432 0.0050495860663646724 -0.020211560116611842 0.010245141769144053 -0.01320757790135418 0.011686958115970302 -0.014842677340674458 0.00096931334782613592 -0.0081004279480669083 0.00056577564551290932 0.0058335763314274688
leaf_weight=23.254778161644936 34.408915847539902 20.277704522013664 33.182704620063305 99.991204626858234 20.544686928391457 29.998792871832848 41.650499939918518 41.36639603972435 27.243238091468811 14.881833054125307 28.424569606781006 41.376206085085869 809.71459065377712 158.1724441871047
leaf_count=148 229 141 183 652 199 176 216 240 202 94 189 312 5031 1188
internal_value=0.000210603 0.00691811 0.000760405 -0.000195347 -0.00318412 -0.00809603 0.000606706 -0.00268639 0.00311388 -0.00410892 -0.0077548 0.00068654 0.00102257 0.0014522
internal_weight=1424.49 76.7152 53.4604 1347.77 304.101 129.99 174.111 132.461 62.6698 35.4265 69.791 1043.67 1009.26 967.887
internal_count=9200 472 324 8728 1968 828 1140 924 495 293 429 6760 6531 6219
is_linear=0
shrinkage=0.03


Tree=123
num_leaves=15
num_cat=0
split_feature=24 4 15 15 10 8 10 23 10 11 10 9 9 7
split_gain=3.20029 3.41186 3.34877 4.71338 4.13376 3.85139 4.25989 5.73351 5.31121 8.67827 5.39776 5.29655 6.46997 4.62451
threshold=1.0000000180025095e-35 4.2920000602747415 15.950000000000001 13.15 1.5350000000000004 74.850000000000009 0.47500000000000003 5.2500000000000009 1.4450000000000001 6.2500000000000009 1.635 3.3950000000000005 1.3250000000000004 3.0500000000000003
decision_type=2 2 8 10 2 2 2 2 2 2 2 2 2 2
left_child=1 -1 3 -3 -5 6 7 11 13 10 -10 12 -4 -8
right_child=-2 2 5 4 -6 -7 8 -9 9 -11 -12 -13 -14 -15
leaf_value=-0.012144455438748338 0.0070318286778781386 -0.00076462847216537955 -0.00072945011202194833 -0.010307755191573835 0.0043675342804170309 0.0089469416549058326 3.5576884330019003e-05 0.010389876282938212 -0.0089993976020592177 -0.017394432503617677 0.0038327355021387883 0.0036438137452426723 -0.012653551696098173 0.0068576411693164708
leaf_weight=17.462744802236557 47.041533231735229 453.33916336297989 77.008953958749771 87.271746389567852 18.274634048342705 45.027525670826435 158.5747587159276 21.190407045185566 34.898626260459423 24.301459535956383 108.33710876107216 50.866532526910305 84.071506321430206 200.24444133788347
leaf_count=226 210 3169 521 578 103 351 1018 108 201 133 565 316 569 1146
internal_value=-0.000273172 -0.0005465 -0.00035412 -0.00212795 -0.00768421 0.000883659 0.000350228 -0.00298655 0.00184237 -0.00251746 0.000508161 -0.00453256 -0.00714649 0.00388466
internal_weight=1427.91 1380.87 1363.41 558.886 105.546 804.521 759.494 233.137 526.356 167.537 143.236 211.947 161.08 358.819
internal_count=9214 9004 8778 3850 681 4928 4577 1514 3063 899 766 1406 1090 2164
is_linear=0
shrinkage=0.03


Tree=124
num_leaves=15
num_cat=0
split_feature=8 8 15 16 16 16 12 9 23 4 9 9 9 15
split_gain=3.99834 4.41826 4.18592 3.96739 3.7519 4.64862 5.63049 7.62268 6.82035 5.28163 5.04232 4.61095 8.42106 7.81626
threshold=47.350000000000001 49.850000000000001 25.850000000000005 5.7795925178531045 6.0394864804899884 5.4923076668908521 73.15000000000002 0.78500000000000014 2.3500000000000001 5.715876377430587 2.9850000000000008 1.7250000000000003 1.6050000000000002 16.350000000000005
decision_type=2 2 8 8 10 10 2 2 2 2 2 2 2 10
left_child=3 2 -2 -1 5 11 8 -8 10 -10 -7 12 13 -3
right_child=1 4 -4 -5 -6 6 7 -9 9 -11 -12 -13 -14 -15
leaf_value=0.0010747906061832225 -0.013630704908788156 -0.0028828396097016463 0.0011398390607425368 0.013741887977496075 -0.0090902132660538072 0.005396733366032011 0.010871102481501992 -0.0060864520561655523 -0.0068421663483733183 0.0037329588308955574 0.019835186248678298 -0.0036638332343155223 0.017182080141466747 0.0075871626731355722
leaf_weight=63.685081742703915 39.005293622612953 250.68653886765242 27.235001884400845 30.012685745954514 36.564720116555691 66.994749486446381 25.081264317035675 113.31991644203663 48.373422525823116 206.5894323438406 31.986639887094498 387.59823865070939 21.929868504405022 80.680480495095253
leaf_count=306 206 2020 135 145 210 447 147 644 354 1000 201 2704 159 542
internal_value=-0.000205597 -0.00063379 -0.00790396 0.00562285 -0.000225023 7.34682e-05 0.00231973 -0.00274148 0.00430941 0.00163356 0.0107921 -0.00142478 0.00104851 -0.00025874
internal_weight=1429.74 1336.05 66.2403 93.6978 1269.81 1233.24 492.345 138.401 353.944 254.963 98.9814 740.895 353.297 331.367
internal_count=9220 8769 341 451 8428 8218 2793 791 2002 1354 648 5425 2721 2562
is_linear=0
shrinkage=0.03


Tree=125
num_leaves=15
num_cat=0
split_feature=0 11 9 9 11 5 0 8 9 12 7 1 10 18
split_gain=4.53958 5.6873 4.11527 5.6169 6.39269 4.42443 4.13544 5.23478 5.15158 4.81383 9.06864 4.83489 5.40345 6.24453
threshold=16.500000000000004 1.9500000000000002 4.8450000000000006 5.1550000000000011 2.2500000000000004 77.15000000000002 1.5000000000000002 75.750000000000014 1.8650000000000004 52.550000000000004 2.8500000000000001 1.0000000180025095e-35 0.59500000000000008 150.50000000000003
decision_type=2 2 2 2 2 2 2 2 2 2 2 2 2 10
left_child=2 -2 5 -4 -5 6 -1 9 -9 10 -8 12 13 -11
right_child=1 -3 3 4 -6 -7 7 8 -10 11 -12 -13 -14 -15
leaf_value=-0.0068872947041698201 0.012250313734578917 0.00062596932925895038 -0.017446514839218132 0.0060455136107945952 -0.0083153599034862524 0.01299693486166854 0.020621098605846273 0.016913863389715001 -0.0015129142869248922 0.0018077893021353783 -0.0034303893758151102 -0.0025017172097464182 0.0050870777872691706 -0.011111339068364218
leaf_weight=76.513595130294561 51.906270876526833 115.0432221442461 23.816184818744659 43.600116081535816 61.192443117499352 17.701614029705524 22.156717322766781 27.047532305121422 22.470511108636856 100.43169632554054 26.857724264264107 592.56345704197884 199.9076040238142 44.839604288339615
leaf_count=924 212 471 149 248 360 166 131 204 174 698 161 3701 1276 312
internal_value=-8.24384e-05 0.00449122 -0.000704246 -0.00568334 -0.00233715 -0.000115275 -0.00038106 0.000130094 0.00918021 -0.000368057 0.00834438 -0.000865284 0.00193956 -0.00241687
internal_weight=1426.05 166.949 1259.1 128.609 104.793 1130.49 1112.79 1036.27 49.518 986.757 49.0144 937.742 345.179 145.271
internal_count=9187 683 8504 757 608 7747 7581 6657 378 6279 292 5987 2286 1010
is_linear=0
shrinkage=0.03


Tree=126
num_leaves=15
num_cat=0
split_feature=24 0 4 4 13 8 10 10 11 13 9 10 6 9
split_gain=3.59328 2.95714 4.79837 4.33536 3.96706 2.87355 3.71883 4.45082 6.78264 7.28121 6.38931 5.43553 5.17129 4.24701
threshold=1.0000000180025095e-35 2.5000000000000004 5.2022512127496361 5.4396594755956835 4.5500000000000007 75.550000000000011 0.47500000000000003 0.30500000000000005 4.8500000000000005 4.0500000000000007 1.3450000000000004 0.18500000000000003 8.3500000000000032 4.1550000000000011
decision_type=2 2 2 2 2 2 2 2 2 2 2 2 2 2
left_child=1 2 4 -4 -1 6 7 8 11 -10 12 -3 -9 -12
right_child=-2 5 3 -5 -6 -7 -8 10 9 -11 13 -13 -14 -15
leaf_value=-0.007717988792899963 0.0079369952622756583 -0.0073893109822314633 -0.017925577958863417 0.0025252076083769996 0.0037656102651634996 0.0071471173447467985 0.0011829503442251043 0.011203707276973439 0.017642188624785678 -0.0014335135558462011 -0.015788205284577632 0.0030677985913690792 -0.007460789724710119 -0.00028266832071597312
leaf_weight=38.415744476020336 46.812178716063499 103.56618464738131 27.943283028900623 11.45188783854246 67.015585787594318 48.886856034398079 820.05903803557158 21.970222622156143 29.730616472661495 35.970668360590935 57.404000632464886 72.354411490261555 21.704192608594894 21.581149414181709
leaf_count=479 209 643 348 139 801 334 4652 147 167 235 352 439 133 130
internal_value=0.000180948 -0.000110264 -0.00409062 -0.0123658 -0.000578637 0.000371807 6.32667e-05 -0.00243922 -4.43167e-05 0.00783567 -0.00697033 -0.00312248 0.00211471 -0.0118207
internal_weight=1424.87 1378.05 144.827 39.3952 105.431 1233.23 1184.34 364.281 241.622 65.7013 122.66 175.921 43.6744 78.9852
internal_count=9208 8999 1767 487 1280 7232 6898 2246 1484 402 762 1082 280 482
is_linear=0
shrinkage=0.03


Tree=127
num_leaves=15
num_cat=0
split_feature=9 9 13 12 12 9 23 9 13 11 4 10 10 12
split_gain=4.09759 4.05268 6.81731 7.32998 5.73182 6.20094 5.1971 7.99206 5.03642 5.5813 5.71304 5.8931 5.00164 4.69679
threshold=8.3150000000000031 3.5550000000000002 3.2500000000000004 65.550000000000011 52.850000000000001 3.3950000000000005 3.8500000000000001 0.46500000000000002 2.3500000000000001 0.75000000000000011 5.7126000344781183 0.8650000000000001 0.95500000000000007 75.050000000000011
decision_type=2 2 2 2 2 2 2 2 2 2 2 2 2 2
left_child=1 4 3 -3 12 6 8 -8 -6 10 11 -10 -1 -4
right_child=-2 2 13 -5 5 -7 7 -9 9 -11 -12 -13 -14 -15
leaf_value=0.0017639287040535072 0.012483285002671018 -0.0064737393401789311 -0.0074455146639432175 0.010853812111563145 -0.010367163800152932 0.014329213052942005 -0.0076419485698074564 0.005734021718390222 -0.0085463702612983312 0.00044518450743402508 -0.017215138563293517 0.01041634055845444 0.019735504791705608 0.0026992938881156251
leaf_weight=31.550577759742737 19.44004113972187 31.380944773554802 191.56478879228234 52.434857815504074 45.998912252485752 23.203484944999218 43.848835036158562 233.43402369320393 33.230140663683414 596.21053977683187 29.346249923110008 19.074829578399658 21.622518017888069 49.129369772970676
leaf_count=212 87 168 1165 267 254 135 233 1235 291 4383 162 152 120 308
internal_value=0.000305052 9.24323e-05 -0.002821 0.00436709 0.00097883 0.00045633 6.51879e-05 0.00352089 -0.00127363 -0.00058516 -0.00770021 -0.00132549 0.0101401 -0.00536201
internal_weight=1421.47 1402.03 324.51 83.8158 1077.52 1024.35 1001.14 277.283 723.861 677.862 81.6512 52.305 53.1731 240.694
internal_count=9172 9085 1908 435 7177 6845 6710 1468 5242 4988 605 443 332 1473
is_linear=0
shrinkage=0.03


Tree=128
num_leaves=15
num_cat=0
split_feature=8 5 4 23 5 8 8 16 16 16 8 8 8 11
split_gain=3.96858 5.66459 9.84208 8.71159 6.84371 6.56924 5.19134 5.16023 7.21822 6.67706 5.14968 5.11815 4.51771 4.3756
threshold=53.95000000000001 57.050000000000004 5.9758573830623991 2.4500000000000006 55.350000000000001 66.750000000000014 64.450000000000017 3.6483599671183362 5.4004040358472851 5.6330025904283287 53.150000000000013 58.650000000000013 75.550000000000011 2.1500000000000008
decision_type=2 2 2 2 2 2 2 8 8 8 2 2 2 2
left_child=10 4 3 5 13 7 -4 -3 11 -10 -1 -9 -5 -2
right_child=1 2 6 12 -6 -7 -8 8 9 -11 -12 -13 -14 -15
leaf_value=0.0012829750985586951 0.0032018424473641552 0.017758680346699307 0.0039052647120578232 -0.0056541479647996447 -0.011401430125272342 -0.0024453013047165979 0.017747964363167768 0.0076982139196838245 0.020272985421927667 0.0034768497540897691 0.012635408564361029 -0.011666267550895597 0.0069396577582267445 -0.0044350392987498434
leaf_weight=278.06345825642347 100.11233081668615 24.326567701995373 82.222746595740318 282.60306607931852 82.068931430578232 138.27186569571495 32.339437514543533 14.088015936315058 24.512839108705521 87.175184428691864 36.583702765405178 32.710439004004002 23.929299011826515 185.85020857304335
leaf_count=1437 574 223 374 1994 517 1285 147 112 168 664 195 295 187 1036
internal_value=-0.000167712 -0.00101182 0.000500804 -0.000994498 -0.00402804 0.00244186 0.00839167 0.00610499 0.00382782 0.00787392 0.00277991 -0.00565647 -0.00457542 -0.00175237
internal_weight=1424.86 1110.21 742.179 627.617 368.031 321.085 114.562 182.813 158.486 111.688 314.647 46.7985 306.532 285.963
internal_count=9208 7576 5449 4928 2127 2747 521 1462 1239 832 1632 407 2181 1610
is_linear=0
shrinkage=0.03


Tree=129
num_leaves=15
num_cat=0
split_feature=15 15 4 9 13 4 16 1 11 12 9 11 8 0
split_gain=2.81169 7.09099 7.90944 4.38346 4.16464 3.12845 3.09717 5.16477 7.57639 4.48723 5.43865 7.68931 3.21706 3.00375
threshold=29.250000000000004 33.650000000000013 6.1630289172999086 1.6250000000000002 3.8500000000000001 5.8673649421175424 3.7607993050970712 1.0000000180025095e-35 3.0500000000000003 62.95000000000001 1.2850000000000004 2.8500000000000001 66.950000000000017 3.5000000000000004
decision_type=10 10 2 2 2 2 8 2 2 2 2 2 2 2
left_child=6 5 3 -3 -5 -2 7 9 12 -1 -11 -12 -9 -8
right_child=1 2 -4 4 -6 -7 13 8 -10 10 11 -13 -14 -15
leaf_value=-0.0023617911161234952 0.017999577439021582 0.0028378529889999085 0.011028863699137277 -0.00046619584946977542 -0.014970203982668987 0.0044103696480089476 -0.0045561904158135666 0.016509519306198185 -0.014979898625380817 0.021924340888576824 -0.0087646770322430245 0.015383556069705866 -0.0038057931675791793 -0.00014954855355059219
leaf_weight=25.08340723067522 28.766201339662075 45.878957316279411 36.566998884081841 31.682018861174583 36.710575647652149 35.838962532579899 158.82455907016993 10.740479476749899 21.998312637209892 24.200922332704067 18.42087809741497 19.572746589779854 9.8926665708422643 929.33959702402353
leaf_count=197 184 243 150 155 207 161 1729 120 263 190 132 140 122 5280
internal_value=0.000280644 0.0033986 -0.000248289 -0.00416805 -0.00874089 0.0113195 -0.000282475 0.00400756 -0.00422499 0.00803984 0.0120985 0.0040178 0.00792682 -0.000810624
internal_weight=1433.52 215.444 150.839 114.272 68.3926 64.6052 1218.07 129.909 42.6315 87.278 62.1945 37.9936 20.6331 1088.16
internal_count=9273 1100 755 605 362 345 8173 1164 505 659 462 272 242 7009
is_linear=0
shrinkage=0.03


Tree=130
num_leaves=15
num_cat=0
split_feature=0 8 12 7 11 16 7 18 18 11 23 4 23 9
split_gain=4.07395 6.59108 4.75743 5.23133 4.75327 4.98342 4.46895 4.40423 4.79544 7.23418 4.14667 3.94456 3.92561 3.86336
threshold=4.5000000000000009 72.350000000000009 53.250000000000007 2.9500000000000006 6.1500000000000012 3.6483599671183362 1.2500000000000002 152.50000000000003 49.500000000000007 2.4500000000000006 2.2500000000000004 5.775395613781245 2.6500000000000008 1.4450000000000001
decision_type=2 2 2 2 2 8 2 8 10 2 2 2 2 2
left_child=4 2 3 -2 5 6 -1 8 -7 -10 -3 -12 -6 -8
right_child=1 10 -4 -5 12 7 13 -9 9 -11 11 -13 -14 -15
leaf_value=0.014973993347406395 0.01709717213986952 0.018791597026492649 -0.00026728374415764782 -0.0005498900891555763 0.010252582996631831 -0.011480078420076171 0.0061919979632072426 -0.0084389219306977275 0.019144992135303057 -0.005637171272185844 -0.0034653724269194967 0.011778820626808802 -0.0067032751694481637 -0.010696093755319776
leaf_weight=15.266438670456408 25.686339765787125 22.255079016089439 963.2272709608078 29.206823036074638 35.360834211111069 12.52579692751169 20.461586445569992 178.76672240719199 16.724574990570545 17.285619828850031 28.846007503569126 23.838371947407722 13.626411408185957 18.663728706538677
leaf_count=162 126 132 5118 149 361 131 213 1843 168 177 169 118 143 199
internal_value=1.18235e-05 0.000893947 0.000241465 0.0084457 -0.00289119 -0.00440361 0.00350248 -0.00634687 0.00172872 0.00744136 0.00918895 0.00385534 0.00535209 -0.00216319
internal_weight=1421.74 1093.06 1018.12 54.8932 328.682 279.694 54.3918 225.303 46.536 34.0102 74.9395 52.6844 48.9872 39.1253
internal_count=9209 5812 5393 275 3397 2893 574 2319 476 345 419 287 504 412
is_linear=0
shrinkage=0.03


Tree=131
num_leaves=15
num_cat=0
split_feature=11 15 16 9 7 9 16 9 15 10 15 12 15 9
split_gain=3.46722 5.12816 5.64324 5.47563 5.20359 13.5507 6.89225 6.95796 5.7963 4.98862 4.85041 5.33807 6.67366 5.06425
threshold=5.5500000000000007 25.650000000000002 3.708165724643735 0.32500000000000007 3.0500000000000003 3.0750000000000006 5.7996261893141243 3.7050000000000005 34.45000000000001 0.56500000000000006 17.150000000000002 74.050000000000011 20.750000000000004 3.8050000000000002
decision_type=2 8 10 2 2 2 10 2 10 2 8 2 10 2
left_child=1 2 -1 9 6 -6 7 8 -3 -4 13 -12 -13 -2
right_child=10 4 3 -5 5 -7 -8 -9 -10 -11 11 12 -14 -15
leaf_value=0.0064021646191826887 0.0049317251970475923 0.0041104836819580558 -0.0037745650046989367 -0.0024542348714810553 0.0016463707540380344 0.0166574651423066 0.015492886027469269 -0.011746957671271006 -0.01025392790079877 0.014519489884432184 -0.0085766319396341235 -0.0078865709641165876 0.014457735450493524 -0.0094369257947102391
leaf_weight=87.098369374871254 100.2094344496727 126.61922462284565 19.219398520886898 545.60865744203329 169.45993369072676 75.417804010212421 18.515029087662697 42.248683359473944 26.362884871661663 29.357850849628448 130.00012799352407 19.241076402366161 19.370859280228615 23.08501348644495
leaf_count=772 691 923 141 3402 1025 411 93 252 145 179 801 140 106 151
internal_value=0.000388632 0.00113655 -0.00051619 -0.00157527 0.00357078 0.00651031 0.000131263 -0.00167608 0.00138893 0.00760473 -0.00250197 -0.00574083 0.00369551 0.00197848
internal_weight=1431.81 1139.91 681.284 594.186 458.624 244.878 213.746 195.231 152.982 48.5772 291.907 168.612 38.6119 123.294
internal_count=9232 7343 4494 3722 2849 1436 1413 1320 1068 320 1889 1047 246 842
is_linear=0
shrinkage=0.03


Tree=132
num_leaves=15
num_cat=0
split_feature=0 12 9 9 4 0 9 13 13 23 15 15 9 6
split_gain=3.29818 3.95136 5.78824 4.63684 3.83633 4.47035 3.68508 4.20233 4.27376 3.60489 3.56022 3.93599 3.92141 3.55057
threshold=9.5000000000000018 76.050000000000011 3.2850000000000006 5.7650000000000006 6.3333277891718245 19.500000000000004 0.36500000000000005 5.2500000000000009 4.8500000000000005 6.0500000000000007 33.95000000000001 26.850000000000005 1.925 13.250000000000002
decision_type=2 2 2 2 2 2 2 2 2 2 10 10 2 2
left_child=9 3 -3 4 5 6 -2 8 -8 10 11 13 -12 -1
right_child=1 2 -4 -5 -6 -7 7 -9 -10 -11 12 -13 -14 -15
leaf_value=-0.00047556522856447329 0.012521874068768757 -0.008889762785241612 0.0058487685960520609 -0.0050984972886273117 -0.0057802361622434706 0.01422804234476641 0.0024859246979371465 0.011505645977586906 -0.0090965216995853061 0.0094844942465487532 2.375648515965181e-05 0.0069235597308049445 -0.016805065354082164 -0.0056466786344841575
leaf_weight=597.44756689667702 33.044680908322334 61.066637381911278 33.371853053569794 52.948154404759407 29.372751638293266 36.128854855895042 260.25862519443035 36.423335269093513 27.218586623668671 23.056743480265141 22.70967572927475 48.367543943226337 22.577415458858013 144.73504781723022
leaf_count=4913 144 271 148 230 120 149 1150 163 122 137 152 326 150 1050
internal_value=6.15868e-05 0.00182225 -0.00364938 0.00293588 0.00399074 0.00478432 0.00364511 0.0025629 0.00125253 -0.00111031 -0.00145723 -0.000958476 -0.0092028 -0.00151504
internal_weight=1428.73 569.833 94.4385 475.395 422.447 393.074 356.945 323.901 287.477 858.894 835.837 790.55 45.2871 742.183
internal_count=9225 2497 419 2078 1848 1728 1579 1435 1272 6728 6591 6289 302 5963
is_linear=0
shrinkage=0.03


Tree=133
num_leaves=15
num_cat=0
split_feature=24 0 11 9 8 18 18 17 10 10 10 8 8 16
split_gain=4.5409 3.02372 4.68438 4.83727 3.93347 2.85175 6.12256 5.27615 5.09608 3.44262 3.54751 2.92001 4.00844 4.55339
threshold=1.0000000180025095e-35 1.5000000000000002 4.2500000000000009 2.6350000000000002 66.950000000000017 144.50000000000003 176.50000000000003 0.17500000000000002 1.135 0.75500000000000012 0.32500000000000007 47.350000000000001 49.850000000000001 6.0394864804899884
decision_type=2 2 2 2 2 8 8 8 2 2 2 2 2 8
left_child=1 2 3 4 -1 8 -7 -8 9 10 -3 -9 -13 -14
right_child=-2 5 -4 -5 -6 6 7 11 -10 -11 -12 12 13 -15
leaf_value=0.012969518958797489 0.0092408865074708607 0.012115373586761095 -0.014490811760173559 -0.015173035449916456 -0.0035961146848533772 -0.014072542002393247 0.013648451090158739 0.0052947774486849621 -0.0058659547023578529 0.019048883672402206 -0.0031183379060788158 -0.007689043297681151 0.00090535129715014031 -0.0048320603286897777
leaf_weight=20.039282154291868 45.694561645388603 21.322191923856735 26.818479903042316 9.4123100228607637 23.164928086102009 21.962058946490288 21.391734771430492 84.442775420844555 22.599785104393959 18.695701442658901 25.481807760894299 58.00220213830471 888.12412638962269 139.65925358980894
leaf_count=234 205 163 343 122 295 158 143 404 153 130 184 296 5522 893
internal_value=0.000422558 9.85203e-05 -0.00540405 8.30429e-05 0.00463576 0.000453708 6.52589e-05 0.000383537 0.00551376 0.00957773 0.00432111 8.40192e-05 -0.00034364 0.00010611
internal_weight=1426.81 1381.12 79.435 52.6165 43.2042 1301.68 1213.58 1191.62 88.0995 65.4997 46.804 1170.23 1085.79 1027.78
internal_count=9245 9040 994 651 529 8046 7416 7258 630 477 347 7115 6711 6415
is_linear=0
shrinkage=0.03


Tree=134
num_leaves=15
num_cat=0
split_feature=5 5 5 4 18 16 16 4 7 4 7 5 13 5
split_gain=3.41098 4.77116 6.67061 5.26345 3.65202 3.46048 10.5701 10.0386 7.19061 5.46667 8.67729 5.68438 4.7879 8.11259
threshold=45.95000000000001 56.95000000000001 57.550000000000004 5.9758573830623991 261.50000000000006 5.4923076668908521 5.6254626782429096 5.7126000344781183 2.1500000000000008 5.4243776387234393 1.2500000000000002 69.550000000000011 4.6500000000000012 67.850000000000009
decision_type=2 2 2 2 10 8 8 2 2 2 2 2 2 2
left_child=-1 4 -3 5 -2 7 8 9 -7 10 -4 -11 13 -8
right_child=1 2 3 -5 -6 6 12 -9 -10 11 -12 -13 -14 -15
leaf_value=0.0078431890377393745 -0.0031380542989842002 0.012655378613705503 0.0082474222309101616 0.005349751875312737 0.0074824320823835624 -0.0019980174184729793 -0.00032937929583243139 -0.013074274772676519 0.018345192122166839 0.0014394776839989788 -0.0080983976439476298 0.018774831366694115 0.0032008839908630412 -0.014052334531612795
leaf_weight=47.154337957501411 432.95747794210911 39.182714268565178 35.886016622185707 170.46133115142584 26.519465781748295 21.726901397109032 153.37836950272322 62.785969510674477 43.5594786927104 72.538587361574173 100.55890640616417 17.645382151007652 148.02005173265934 47.001141719520092
leaf_count=227 2391 233 366 764 152 151 1029 380 281 529 994 146 1137 371
internal_value=0.00031283 2.65253e-05 0.00128034 0.000701003 -0.00245113 -0.000455868 0.00130009 -0.00294526 0.0119146 8.25654e-05 -0.00365975 0.00563938 -0.000829386 -0.00381199
internal_weight=1419.38 1372.22 912.745 873.562 459.477 703.101 413.686 289.415 65.2864 226.629 136.445 90.184 348.4 200.38
internal_count=9151 8924 6381 6148 2543 5384 2969 2415 432 2035 1360 675 2537 1400
is_linear=0
shrinkage=0.03


Tree=135
num_leaves=15
num_cat=0
split_feature=4 9 9 11 8 8 12 8 13 9 12 4 4 11
split_gain=4.26519 3.14852 3.57733 5.78406 4.41749 4.80406 4.60524 4.90304 6.82114 6.14228 4.13853 4.0958 9.94589 4.65614
threshold=4.4018650053024659 8.3150000000000031 4.8450000000000006 3.0500000000000003 60.850000000000001 60.150000000000013 74.250000000000014 71.550000000000011 4.3500000000000005 0.80500000000000016 70.050000000000011 5.6126058646306207 5.580016105520996 3.5500000000000003
decision_type=2 2 2 2 2 2 2 2 2 2 2 2 2 2
left_child=-1 2 4 -4 5 11 -6 9 -9 -8 -5 12 -2 -13
right_child=1 -3 3 10 6 -7 7 8 -10 -11 -12 13 -14 -15
leaf_value=-0.012461252372122028 0.0022508484243056186 0.010704060234398075 0.0014118905347292592 -0.015638403835126914 -6.2003302357788479e-06 0.011671974291955453 0.0020396327273044779 0.016173635066695516 -0.0076589817266369299 -0.012761583782871639 -0.0011459416371585273 -0.0030665937337674932 0.023656440514059917 0.0032123551492692125
leaf_weight=20.417820829898119 134.2093330770731 19.036899961531162 72.096311174333096 43.813609480857849 478.27230840176344 38.857644386589527 33.242754098027945 15.21432565897703 18.734062377363443 85.662073142826557 29.178173646330833 227.90125101059675 18.154536679387093 190.53946395218372
leaf_count=265 1018 86 398 251 3482 246 249 116 164 600 168 1136 105 937
internal_value=-0.000281772 -6.12014e-05 -0.000247025 -0.00462183 0.000281027 0.00209371 -0.00147271 -0.00591581 0.00372699 -0.00870822 -0.01029 0.00134598 0.00547199 -0.000203267
internal_weight=1425.33 1404.91 1385.88 145.088 1240.79 609.662 631.126 152.853 33.9484 118.905 72.9918 570.805 152.364 418.441
internal_count=9221 8956 8870 817 8053 3442 4611 1129 280 849 419 3196 1123 2073
is_linear=0
shrinkage=0.03


Tree=136
num_leaves=15
num_cat=0
split_feature=11 11 7 15 7 10 17 12 16 8 8 10 15 15
split_gain=2.93593 6.78003 5.23584 3.66695 2.99827 8.51311 4.62266 4.53735 6.64526 5.38656 4.05188 3.94446 6.88659 5.92665
threshold=0.35000000000000003 0.45000000000000007 5.3500000000000005 10.15 1.5500000000000003 0.78500000000000014 0.30500000000000005 63.350000000000001 5.8039341613969606 69.850000000000009 66.250000000000014 1.6450000000000002 44.150000000000013 32.150000000000013
decision_type=2 2 2 10 2 2 10 2 8 2 2 2 10 10
left_child=2 -2 3 -1 5 7 10 -3 9 -9 -7 12 -6 -13
right_child=1 4 -4 -5 11 6 -8 8 -10 -11 -12 13 -14 -15
leaf_value=-0.016636198170707321 0.014612740662284594 -0.0093581899161557479 0.0060950157735386893 -0.0017418154838053014 0.00098454108722728422 0.01311082681710766 -0.0049107938404117446 -0.0081175361607702771 0.010906093966546593 0.0095282626806436586 0.00095240364990839359 -0.0072582571768651481 -0.011761850012539481 0.0074094231218362269
leaf_weight=27.598268434405327 25.812074489891529 45.443529669195414 23.26630737632513 29.775794230401516 824.87247321009636 93.916124828159809 18.566630527377129 56.674627937376499 37.709521114826202 16.225159272551537 33.965294796973467 131.90164055675268 34.991551369428635 26.01836496591568
leaf_count=211 161 341 138 183 5403 555 126 395 292 145 280 720 168 121
internal_value=0.000360441 0.000700658 -0.00502801 -0.00966562 0.000374567 0.00297098 0.00804403 -0.00189176 0.00144787 -0.00383065 0.0100389 -0.000407877 0.000400836 -0.00468843
internal_weight=1426.74 1346.1 80.6404 57.3741 1320.28 302.501 146.448 156.053 110.609 72.8998 127.881 1017.78 859.864 157.92
internal_count=9239 8707 532 394 8546 2134 961 1173 832 540 835 6412 5571 841
is_linear=0
shrinkage=0.03


Tree=137
num_leaves=15
num_cat=0
split_feature=15 15 4 1 4 4 15 13 6 5 18 9 23 7
split_gain=3.26619 7.40694 8.37314 3.57607 5.8349 8.24987 7.70791 5.53207 5.21029 10.1953 7.62111 5.00987 5.22184 4.53664
threshold=29.450000000000003 32.750000000000007 6.1630289172999086 1.0000000180025095e-35 5.5621381532263205 5.6459966882670667 13.950000000000001 6.1500000000000012 5.9500000000000011 66.750000000000014 30.500000000000004 1.2650000000000003 2.2500000000000004 2.1500000000000008
decision_type=10 10 2 2 2 2 10 2 2 2 10 2 2 2
left_child=3 -2 -3 8 7 6 -6 -5 9 10 -1 -12 -13 -10
right_child=1 2 -4 4 5 -7 -8 -9 13 -11 11 12 -14 -15
leaf_value=0.017586193426903481 0.013148126679170499 -0.0037864721444402136 0.011478251335252368 -0.010067597648868618 3.8746523651774697e-05 -0.0017807881274728096 0.02328366304865797 0.0067218780323032093 0.0038515174808755308 -0.0061308158866475249 -0.0062794924678258174 0.018454330263119847 -0.00042423423915151733 -0.0037637177576995548
leaf_weight=54.796175800263882 47.254104375839233 121.14098866283894 38.492333456873894 111.86834681779146 27.918606922030449 561.86495052278042 18.795881532132626 17.214498467743397 103.84355457499623 47.552394609898329 28.428687229752541 20.305738210678101 27.076819911599159 195.19404448568821
leaf_count=404 252 650 158 1194 228 2992 131 182 750 421 212 166 176 1257
internal_value=-9.40262e-05 0.00334437 0.000131119 -0.000690884 -0.00199471 -0.000740141 0.0107384 -0.00766139 0.00132438 0.00531162 0.0095501 0.00301291 0.00865541 -0.00109941
internal_weight=1421.75 206.887 159.633 1214.86 737.662 608.579 46.7145 129.083 477.197 178.16 130.607 75.8112 47.3826 299.038
internal_count=9173 1060 808 8113 4727 3351 359 1376 3386 1379 958 554 342 2007
is_linear=0
shrinkage=0.03


Tree=138
num_leaves=15
num_cat=0
split_feature=8 8 5 4 16 16 16 8 10 5 6 16 7 6
split_gain=3.96722 3.86794 4.69592 3.29158 5.36092 7.79917 7.45882 6.85585 5.48565 5.41774 7.57925 6.19715 6.63528 7.2
threshold=47.350000000000001 49.850000000000001 58.95000000000001 5.4396594755956835 5.1489109873232293 5.3950650364007915 5.4174642079966882 61.350000000000001 0.25500000000000006 56.95000000000001 6.3500000000000005 5.6293876471539361 3.2500000000000004 13.950000000000001
decision_type=2 2 2 2 8 8 8 2 2 2 2 8 2 2
left_child=-1 2 -2 -3 8 7 -7 -6 -5 -8 -11 -12 13 -13
right_child=1 3 -4 4 5 6 9 -9 -10 10 11 12 -14 -15
leaf_value=0.0057470059604796475 -0.00045608976299873528 -0.0027367846922736251 -0.016173930814756217 -0.0060102461432880267 -0.00021485833377995906 0.016637802089914739 -0.0026157392045408562 -0.014233847417693119 0.01057322473949074 -0.0029041082000110471 0.012021355967754355 0.014254607719114626 -0.0026050974048127361 -0.0032275540560066408
leaf_weight=92.138272762298584 39.215236485004425 324.19792797788978 25.762591406702995 19.28844691067934 65.761840842664242 21.949058704078197 284.65231341123581 55.351350955665112 79.166779324412346 140.28395016491413 85.84762155264616 56.476052820682526 105.29951324313879 29.954476378858089
leaf_count=444 190 3102 148 141 340 120 1477 341 516 856 477 337 576 171
internal_value=-0.000107415 -0.000531977 -0.00739832 -0.000152507 0.000744725 -4.3697e-05 0.00114751 -0.00693215 0.00719089 0.000549381 0.00271093 0.00554987 0.00242037 0.0083506
internal_weight=1425.35 1333.21 64.9778 1268.23 944.031 845.576 724.463 121.113 98.4552 702.514 417.862 277.578 191.73 86.4305
internal_count=9236 8792 338 8454 5352 4695 4014 681 657 3894 2417 1561 1084 508
is_linear=0
shrinkage=0.03


Tree=139
num_leaves=15
num_cat=0
split_feature=4 6 7 15 9 12 13 15 6 13 4 16 15 10
split_gain=2.95588 8.00099 3.28582 3.21041 4.87951 4.64319 4.3753 3.9377 3.34132 3.20357 7.29387 8.19106 5.689 7.163
threshold=6.1903464077001455 8.7500000000000018 4.9500000000000011 33.650000000000013 1.7450000000000003 66.450000000000017 3.8500000000000001 29.250000000000004 1.1500000000000001 4.9500000000000011 5.2022512127496361 5.5717484171675666 6.8500000000000005 1.425
decision_type=2 2 2 10 2 2 2 10 2 2 2 10 8 2
left_child=3 -2 -3 7 5 -5 -6 8 -1 -10 -11 12 -12 -14
right_child=1 2 -4 4 6 -7 -8 -9 9 10 11 -13 13 -15
leaf_value=-0.0097825382984502371 0.013716489080741294 0.0044115351287441545 -0.0065490828709239756 -0.0070121401573305861 -0.00097227341204998187 0.0097141601697402508 -0.015882553131839266 0.0078369083676424634 -0.0010023955598249064 0.010319690522813616 -0.015465992043364424 0.0072359781607106181 -0.0043283651400963215 0.01239037218431609
leaf_weight=26.870547730475664 46.335630610585213 44.463307753205299 44.195979863405228 22.953214541077614 30.979300789535046 27.428699195384979 38.632261924445629 52.572809375822544 759.57723965495825 76.552759941667318 26.097979076206684 87.180178306996822 118.49400764331222 23.400826849043369
leaf_count=209 192 184 183 121 149 143 217 293 4963 798 218 551 843 142
internal_value=0.000146238 0.00428705 -0.00111019 -0.000301709 -0.004872 0.00214882 -0.00975684 0.00018544 -0.000207592 7.17071e-05 0.00250952 1.3154e-05 -0.00383595 -0.00124327
internal_weight=1425.73 134.995 88.6593 1290.74 119.993 50.3819 69.6116 1170.75 1118.17 1091.3 331.726 255.173 167.993 141.895
internal_count=9206 559 367 8647 630 264 366 8017 7724 7515 2552 1754 1203 985
is_linear=0
shrinkage=0.03


Tree=140
num_leaves=15
num_cat=0
split_feature=5 5 11 5 12 11 11 0 7 13 10 5 16 16
split_gain=3.41092 8.96687 5.01568 6.30219 5.80135 6.70358 5.67514 4.99705 4.38352 7.18628 6.44145 5.56962 5.1551 7.73922
threshold=56.95000000000001 57.550000000000004 1.8500000000000003 53.750000000000007 67.450000000000017 3.4500000000000006 6.0500000000000007 16.500000000000004 1.5500000000000003 6.0500000000000007 0.95500000000000007 67.350000000000009 5.3950650364007915 5.621990075501377
decision_type=2 2 2 2 2 2 2 2 2 2 2 2 10 10
left_child=2 -2 7 4 6 -6 -4 -1 10 12 -3 -11 -10 -14
right_child=1 8 3 -5 5 -7 -8 -9 9 11 -12 -13 13 -15
leaf_value=-0.00025066356144200333 0.014099543535032975 8.607781230444394e-06 -0.0013450058078698171 -0.0088708127891559078 -0.0050221803204208992 0.0089757248577543927 -0.016650766312249359 0.012646315802104085 -0.0043866260139169156 0.0015636941859168082 0.010584398161025192 0.020409122984794369 0.0068548794245587973 -0.0029077235694475721
leaf_weight=123.81054171919823 40.524644613265991 132.98064262419939 76.655755072832108 134.21322089806199 45.955971375107765 74.949700012803078 26.045332208275795 29.526726707816124 313.40949568524957 36.939048960804939 79.948019661009312 18.806556209921837 119.02124375849962 173.31097151339054
leaf_count=722 236 1084 401 793 242 397 140 121 2396 285 550 159 689 1006
internal_value=2.30039e-05 0.00111808 -0.00192896 -0.00385865 -0.000722024 0.003667 -0.0058194 0.00255371 0.000439713 -0.000770639 0.00413122 0.00907804 -0.0017439 0.00111549
internal_weight=1426.1 914.941 511.157 357.82 223.607 120.906 102.701 153.337 874.416 661.487 212.929 55.7456 605.742 292.332
internal_count=9221 6405 2816 1973 1180 639 541 843 6169 4535 1634 444 4091 1695
is_linear=0
shrinkage=0.03


Tree=141
num_leaves=15
num_cat=0
split_feature=0 19 13 15 15 13 13 12 19 15 15 4 10 8
split_gain=3.96741 4.36515 5.01888 3.53217 7.92643 4.72318 3.96821 3.45922 3.81189 4.99469 4.12647 4.65846 7.02423 5.78196
threshold=11.500000000000002 1.0000000180025095e-35 3.4500000000000006 33.95000000000001 26.650000000000002 4.0500000000000007 2.3500000000000001 80.950000000000017 1.0000000180025095e-35 4.9500000000000011 16.150000000000002 5.7084404392100234 0.38500000000000006 63.750000000000007
decision_type=2 2 2 10 10 2 2 2 2 10 10 2 2 2
left_child=3 -2 -3 4 6 -5 -1 8 10 -10 -8 12 -12 -13
right_child=1 2 -4 5 -6 -7 7 -9 9 -11 11 13 -14 -15
leaf_value=-0.010106974286778708 0.00089176147650495456 0.016854242585230238 0.0015361170445719349 0.0016323727947546397 0.0087706818370058507 -0.013443702150720009 -0.00066954869447067504 -0.0075556052742066721 0.0043910381632456226 -0.0089102652706459038 -0.0032435479424900932 -0.0082235526242207327 0.015600157639280559 0.009311533847734926
leaf_weight=39.535002827644348 339.74176685512066 31.776173308491707 42.741638869047165 30.126555763185024 70.23862686753273 40.428435407578945 518.88429914042354 59.918749213218689 31.959826812148094 84.39716150611639 23.755086578428745 36.337335340678692 51.77198176831007 23.71001174300909
leaf_count=250 1452 133 182 171 430 250 4088 469 246 622 191 204 385 136
internal_value=-6.90453e-05 0.00238659 0.00871718 -0.00108198 -0.000577435 -0.00732429 -0.00137771 -0.000904293 -0.000341896 -0.0052264 0.000559568 0.00512026 0.00983996 -0.00111619
internal_weight=1425.32 414.26 74.5178 1011.06 940.508 70.555 870.269 830.734 770.816 116.357 654.459 135.574 75.5271 60.0473
internal_count=9209 1767 315 7442 7021 421 6591 6341 5872 868 5004 916 576 340
is_linear=0
shrinkage=0.03


Tree=142
num_leaves=15
num_cat=0
split_feature=5 8 5 5 11 4 6 7 13 9 8 6 5 4
split_gain=4.69617 3.12705 5.1797 6.9359 6.54968 5.77871 4.83114 4.59465 4.21201 6.45489 5.49642 5.00599 4.87928 4.83638
threshold=45.95000000000001 61.050000000000004 56.95000000000001 59.650000000000013 2.3500000000000001 5.5411890769575303 25.950000000000003 1.5500000000000003 3.5500000000000003 1.7050000000000003 71.550000000000011 6.1500000000000012 62.050000000000004 5.8393413264772702
decision_type=2 2 2 2 2 2 2 2 2 2 2 2 2 2
left_child=-1 6 7 4 -4 -6 -2 -3 10 13 12 -11 -5 -10
right_child=1 2 3 8 5 -7 -8 -9 9 11 -12 -13 -14 -15
leaf_value=0.008587275079256395 0.001480383890305637 0.002221121992165048 -0.0027487223080724047 0.010747023809473712 -0.00034457056455014301 0.019039211290528872 -0.0083900678880792397 -0.0089007030997629629 -0.0017114028829456902 -0.01412893869146219 0.015393977038618433 -0.003212845275658534 -0.0057023712079710799 0.012394896831489479
leaf_weight=47.040512755513191 652.19597214460373 41.395515475422144 38.892977423965931 18.016086310148239 20.432107716798782 36.803713262081146 42.919604085385799 137.69933975487947 133.43852073326707 64.652238607406616 20.285187352448702 91.398936193436384 50.207241334021091 20.989186488091946
leaf_count=227 3722 283 260 107 180 213 205 865 1233 575 164 682 365 111
internal_value=-0.000260083 -0.000594153 -0.00204268 -0.000440576 0.00659058 0.0126478 0.000815371 -0.00633953 -0.00219521 -0.00383106 0.0034412 -0.00803364 -0.00092126 0.000534469
internal_weight=1416.37 1369.33 674.211 495.116 96.1288 57.2358 695.116 179.095 398.987 310.479 88.5085 156.051 68.2233 154.428
internal_count=9192 8965 5038 3890 653 393 3927 1148 3237 2601 636 1257 472 1344
is_linear=0
shrinkage=0.03


Tree=143
num_leaves=15
num_cat=0
split_feature=12 10 9 4 5 7 7 5 13 12 9 9 9 1
split_gain=3.03275 5.78886 5.95819 7.92645 8.48874 4.23182 7.82672 6.30546 5.23482 3.92566 3.86122 3.66477 6.65049 4.80073
threshold=61.250000000000007 0.54500000000000015 4.9850000000000012 5.4293654307799519 63.45000000000001 8.7500000000000018 7.0500000000000007 51.650000000000013 4.4500000000000011 52.050000000000004 1.7450000000000003 2.8750000000000004 2.6150000000000007 1.0000000180025095e-35
decision_type=2 2 2 2 2 2 2 2 2 2 2 2 2 2
left_child=1 9 3 -3 10 6 11 -7 -9 -1 -5 12 13 -2
right_child=5 2 -4 4 -6 7 -8 8 -10 -11 -12 -13 -14 -15
leaf_value=0.0037221689559150633 0.0037372323859237253 -0.0088468279564156808 -0.011536918632055321 -0.0041898540864957132 0.018053247083110818 0.016642540664233294 -0.0090659546080013205 -0.0033655730539300151 0.0098111267698055803 -0.010075161465729114 0.0068622857382495588 0.0034847696089612772 -0.011615719146396948 -0.0018663858140640127
leaf_weight=19.894230052828789 222.24348910152912 37.349894642829895 26.303006507456303 51.492429338395596 33.314992308616638 30.062422782182693 73.342435747385025 65.103105738759041 39.517985910177231 98.112816222012043 52.648967549204826 302.17477649450302 40.143454596400261 343.92126229032874
leaf_count=135 1651 352 137 275 201 141 428 349 229 681 267 1849 269 2307
internal_value=-9.15475e-06 -0.00256513 0.000557065 0.00264705 0.00597108 0.000729564 3.43026e-05 0.00561528 0.00183208 -0.00769239 0.00145599 0.000814574 -0.000533828 0.00034673
internal_weight=1435.63 319.116 201.109 174.806 137.456 1116.51 981.825 134.684 104.621 118.007 104.141 908.483 606.308 566.165
internal_count=9271 2048 1232 1095 743 7223 6504 719 578 816 542 6076 4227 3958
is_linear=0
shrinkage=0.03


Tree=144
num_leaves=15
num_cat=0
split_feature=24 23 16 8 13 13 12 12 23 13 8 12 7 7
split_gain=2.81611 3.11123 7.18484 7.44148 4.80604 4.54534 4.33608 5.95708 5.61111 4.50317 6.60763 4.11362 3.90983 7.87217
threshold=1.0000000180025095e-35 4.0500000000000007 5.7464243940990922 49.650000000000013 2.0500000000000003 4.8500000000000005 63.550000000000004 58.650000000000013 5.1500000000000012 3.2500000000000004 57.95000000000001 69.65000000000002 3.7500000000000004 5.7500000000000009
decision_type=2 2 8 2 2 2 2 2 2 2 2 2 2 2
left_child=1 4 5 -4 -1 6 7 -3 9 -8 -11 -7 -5 -14
right_child=-2 2 3 12 -6 11 8 -9 -10 10 -12 -13 13 -15
leaf_value=-0.010608651834366359 0.0069807930699739024 0.010312919767317807 0.011411418749308261 -0.00031926182426497837 -0.00046662159814800749 0.0051356987638192329 0.0047535920597369724 -0.0082646841164904193 0.0019557029301241363 0.0071748628337976643 0.030588590707415177 -0.010631358008292222 -0.022383475687029062 -0.00099679796398875124
leaf_weight=38.977377191185951 48.107135981321335 24.624969787895679 21.669418528676033 55.000027038156986 976.30364452674985 28.342766754329205 27.319531470537186 27.683436632156372 42.677130416035652 23.505708701908588 24.414338674396276 22.185336779803038 25.113747023046017 32.907729856669903
leaf_count=211 216 118 96 316 6938 160 126 136 204 109 139 128 135 163
internal_value=0.000202553 -5.98432e-05 0.00233631 -0.00305429 -0.000906062 0.00562015 0.00791294 0.000617739 0.0109924 0.0156768 0.0208667 -0.00212106 -0.00619372 -0.0112951
internal_weight=1418.83 1370.73 355.444 134.691 1015.28 220.753 170.225 52.3084 117.917 75.2396 47.92 50.5281 113.022 58.0215
internal_count=9195 8979 1830 710 7149 1120 832 254 578 374 248 288 614 298
is_linear=0
shrinkage=0.03


Tree=145
num_leaves=15
num_cat=0
split_feature=8 13 6 15 5 8 12 12 23 4 5 4 15 15
split_gain=2.67489 3.40467 2.88986 7.27145 6.02247 5.20054 7.07219 6.15141 5.13877 4.64665 3.5016 3.84666 4.76976 5.98809
threshold=47.350000000000001 4.6500000000000012 13.250000000000002 15.250000000000002 51.45000000000001 62.150000000000013 72.550000000000011 63.150000000000013 4.1500000000000012 6.0022974083354983 45.95000000000001 6.1903464077001455 32.750000000000007 29.450000000000003
decision_type=2 2 2 8 2 2 2 2 2 2 2 2 10 10
left_child=1 -1 10 9 -5 8 7 -7 -6 -4 -2 12 13 -12
right_child=2 -3 3 4 5 6 -8 -9 -10 -11 11 -13 -14 -15
leaf_value=0.00097242197610538294 0.010295401347274472 0.013312079163868807 -0.011781751096111317 -0.0091618204131553912 -0.0057873556368039552 0.0020444455484761761 -0.0036968000465239584 0.02351767837808719 0.0073465561277925879 3.8878732273259095e-05 -0.00018669057648361447 0.0070507525552785371 -0.007109415532897059 0.01255909615387989
leaf_weight=65.615916013717651 26.740559160709381 24.60713168233633 89.554260615259409 39.685623876750469 69.779578916728497 20.853731386363506 24.194951064884663 27.046645954251289 36.881216302514076 43.742919653654099 786.42752481624484 62.91491162776947 80.16977259516716 29.629411265254021
leaf_count=306 134 130 619 189 380 127 149 167 170 195 5809 260 457 167
internal_value=1.44148e-06 0.00486018 -0.000343161 -0.00265747 0.000734403 0.00312097 0.0090614 0.015246 -0.0011203 -0.00804152 0.000491772 0.000166476 -0.000353235 0.000349747
internal_weight=1427.84 90.223 1337.62 351.739 218.442 178.756 72.0953 47.9004 106.661 133.297 985.882 959.142 896.227 816.057
internal_count=9259 436 8823 1996 1182 993 443 294 550 814 6827 6693 6433 5976
is_linear=0
shrinkage=0.03


Tree=146
num_leaves=15
num_cat=0
split_feature=6 8 6 23 6 15 11 23 0 10 13 6 6 10
split_gain=2.96073 5.11883 4.56275 4.88505 3.55468 5.31498 6.39407 6.87626 5.15078 5.14351 5.47034 4.07608 6.15688 3.84476
threshold=25.950000000000003 59.650000000000013 20.850000000000005 7.0500000000000007 13.250000000000002 26.250000000000004 4.1500000000000012 4.1500000000000012 22.500000000000004 0.96500000000000008 4.5500000000000007 11.050000000000002 10.65 1.1650000000000003
decision_type=2 2 2 2 2 8 2 2 2 2 2 2 2 2
left_child=2 -2 3 4 8 6 7 -6 11 10 -7 12 13 -1
right_child=1 -3 -4 -5 5 9 -8 -9 -10 -11 -12 -13 -14 -15
leaf_value=-0.0016222090623989175 -0.011839221359173932 0.0038375510223086998 0.007257938771171292 0.012976295417949087 -0.016923490998685755 -0.011072642769255818 0.0011168998105768229 0.00044862720117041171 0.013756054105847463 0.0097068179965644364 0.0070795419850675232 0.0050512717993707636 -0.014598097293520608 0.0027626635385278107
leaf_weight=608.58279976993799 43.49193486571312 27.382863990962505 71.913115374743938 19.598296254873276 64.142430927604437 32.549585580825806 52.082602705806494 28.792440764605999 19.797751411795616 37.440943621098995 20.45860617607832 117.23166474699974 23.153282281011343 249.72286171466112
leaf_count=4471 207 149 391 96 417 181 310 143 83 198 132 719 145 1546
internal_value=-0.000162722 -0.00592866 0.000161835 -0.000265674 -0.000523349 -0.00380422 -0.00727392 -0.0117933 0.000250041 0.0018484 -0.00406042 -8.48917e-05 -0.000792626 -0.000337825
internal_weight=1416.34 70.8748 1345.47 1273.55 1253.95 235.467 145.017 92.9349 1018.49 90.4491 53.0082 998.691 881.459 858.306
internal_count=9188 356 8832 8441 8345 1381 870 560 6964 511 313 6881 6162 6017
is_linear=0
shrinkage=0.03


Tree=147
num_leaves=15
num_cat=0
split_feature=5 5 5 16 12 8 15 9 5 13 0 6 0 15
split_gain=2.92891 5.11851 4.83192 4.16082 6.12627 4.05186 5.07706 8.29224 4.17013 5.46378 4.88405 6.80554 3.85833 4.53289
threshold=61.850000000000001 60.650000000000013 63.550000000000004 5.5358881356258705 65.65000000000002 50.150000000000013 23.650000000000002 1.4650000000000001 66.750000000000014 6.0500000000000007 8.5000000000000018 16.550000000000004 8.5000000000000018 21.050000000000004
decision_type=2 2 2 10 2 2 10 2 2 2 2 2 2 8
left_child=1 -1 12 4 -3 -4 8 -8 -7 10 11 -10 13 -2
right_child=2 3 5 -5 -6 6 7 -9 9 -11 -12 -13 -14 -15
leaf_value=-7.0262398279671788e-05 -0.0039170882752260008 -0.0090425110567108717 -0.0099501918758055467 0.014900761303027454 0.0093094092482360457 0.0027953759599035218 0.018514602310684379 -0.0016043264422278183 -0.010187483643365578 0.0079092689867404763 0.0042202901407262117 0.0090748697578599529 -6.7332015925244805e-05 -0.01954195855762338
leaf_weight=778.71025617793202 38.042718686163425 22.697688244283199 33.362904645502567 33.620079211890697 35.358988612890244 133.64442110434175 28.193107470870018 39.850564695894718 133.90488167107105 26.148678340017796 32.810788884758949 14.826706625521181 39.83882762491703 30.072373069822788
leaf_count=4468 328 156 189 179 250 1022 187 243 1258 238 152 118 177 240
internal_value=-0.000345087 0.000737577 -0.0020475 0.00724818 0.00198649 -0.00062711 0.000243581 0.00742846 -0.00127526 -0.00389876 -0.00576595 -0.00803456 -0.0075872 -0.01168
internal_weight=1421.08 870.387 550.696 91.6768 58.0567 442.742 409.379 68.0437 341.335 207.691 181.542 148.732 107.954 68.1151
internal_count=9205 5053 4152 585 406 3407 3218 430 2788 1766 1528 1376 745 568
is_linear=0
shrinkage=0.03


Tree=148
num_leaves=15
num_cat=0
split_feature=9 8 15 12 11 13 15 12 7 9 8 8 7 15
split_gain=3.07878 6.95329 7.07457 5.44718 5.16849 5.1594 4.92738 4.89536 5.15721 6.0527 6.15524 8.38303 5.65488 5.10793
threshold=3.4950000000000006 67.350000000000009 15.950000000000001 65.450000000000017 5.1500000000000012 3.2500000000000004 35.150000000000013 69.65000000000002 10.350000000000003 3.2550000000000003 60.650000000000013 54.45000000000001 5.4500000000000011 32.150000000000013
decision_type=2 2 10 2 2 2 8 2 2 2 2 2 2 8
left_child=7 3 -3 4 6 -5 -2 -1 9 10 11 12 13 -9
right_child=1 2 -4 5 -6 -7 -8 8 -10 -11 -12 -13 -14 -15
leaf_value=0.0028878589461671525 -0.0090929865559688829 -0.0016478407746639754 0.017298651617751265 0.00716596366393581 -0.019088915979803094 -0.0039639978121173451 0.0062598936370337616 -0.0060498700905212959 0.0087511942590003198 0.013100450615046572 -0.0063261524248969031 0.0068942167019623935 -0.01686999991773638 0.0099259433044450816
leaf_weight=603.18503591045737 59.183385081589222 40.745090559124947 25.387576431035995 47.868907876312733 29.283272877335548 124.08113519847393 22.527809239923954 49.34305876493454 37.947633430361748 17.38126303255558 219.37415938824415 98.814291723072529 22.526809565722942 21.968204505741596
leaf_count=4023 327 313 145 236 169 717 132 277 196 106 1703 629 119 120
internal_value=0.000314447 -0.00211328 0.00633019 -0.00416243 -0.00918775 -0.000750611 -0.0047433 0.00111222 -0.0011858 -0.00215457 -0.00294746 0.000962586 -0.00531638 -0.000800453
internal_weight=1419.62 349.077 66.1327 282.945 110.994 171.95 81.7112 1070.54 467.355 429.408 412.027 192.652 93.8381 71.3113
internal_count=9212 2039 458 1581 628 953 459 7173 3150 2954 2848 1145 516 397
is_linear=0
shrinkage=0.03


Tree=149
num_leaves=15
num_cat=0
split_feature=11 11 4 0 15 10 9 6 15 10 9 10 10 9
split_gain=3.20905 6.55272 3.69267 5.2252 2.01489 4.95713 5.00875 6.2865 5.32174 4.90482 6.46031 4.11783 4.05516 3.38061
threshold=0.35000000000000003 0.45000000000000007 5.715876377430587 5.5000000000000009 10.550000000000002 1.7350000000000001 0.9850000000000001 10.050000000000002 7.8500000000000005 2.0950000000000002 2.3250000000000006 0.16500000000000004 0.32500000000000007 6.9450000000000012
decision_type=2 2 2 2 8 2 2 2 10 2 2 2 2 2
left_child=2 -2 3 -1 5 6 7 8 -3 13 -11 -8 -13 -6
right_child=1 4 -4 -5 9 -7 11 -9 -10 10 -12 12 -14 -15
leaf_value=-0.0073777440238704138 0.014349040632990173 -0.0034782693070724855 -0.011146113887375629 0.012416078385839618 -0.0015982401426224183 -0.0070416737719976126 -0.0041111328477992769 -0.01402116633239046 0.015236405333779264 0.013735308091498449 -0.0027436565727234387 0.017221953063842724 0.0052224460190056256 0.0083648086567475362
leaf_weight=23.335966102778912 24.54021167755127 36.01371917873621 43.016815669834614 15.867906682193277 878.18803512305021 42.000479184091091 29.351529974490404 24.741052810102701 15.794467180967329 41.939536444842815 36.788806281983852 27.680598240345716 157.55845060944557 26.838765010237694
leaf_count=238 155 301 219 85 5616 236 224 173 125 207 183 204 1105 131
internal_value=1.42308e-05 0.000375428 -0.00556243 0.00113207 6.17417e-05 0.00206057 0.0034704 -0.00297769 0.00306604 -0.000622142 0.00633089 0.00578601 0.00742107 -0.00125845
internal_weight=1423.66 1341.44 82.2207 39.2039 1316.9 333.14 291.14 76.5492 51.8082 983.755 78.7283 214.591 185.239 905.027
internal_count=9202 8660 542 323 8505 2368 2132 599 426 6137 390 1533 1309 5747
is_linear=0
shrinkage=0.03


Tree=150
num_leaves=15
num_cat=0
split_feature=8 8 8 11 13 9 9 15 12 12 16 15 8 23
split_gain=3.67488 4.73564 4.05398 6.82552 4.88607 7.32113 5.94126 6.51674 6.90663 5.85873 7.09638 4.7599 4.70851 5.42067
threshold=61.050000000000004 61.650000000000013 59.350000000000001 3.5500000000000003 3.2500000000000004 3.4950000000000006 2.7150000000000003 6.7500000000000009 69.950000000000017 62.350000000000001 3.9476542270801658 9.9500000000000011 53.95000000000001 2.7500000000000004
decision_type=2 2 2 2 2 2 2 10 2 2 10 10 2 2
left_child=2 -2 4 -4 -1 6 7 9 -9 -6 -11 -8 -7 -14
right_child=1 -3 3 -5 5 12 11 8 -10 10 -12 -13 13 -15
leaf_value=0.0046312875216368886 -0.011615354006879358 -0.0011870957032881486 0.013036870787935015 -0.0018672060340649563 -0.018112189600521595 -0.0015118509183942852 0.019135421077330076 0.0071428970055176927 -0.0039010263224498131 0.0052242200717256227 -0.013273281858301856 0.0013954474175724269 -0.0012785085415761401 -0.019676025995899613
leaf_weight=165.69514186680317 36.831043481826782 656.55011213943362 57.642552681267262 47.528348110616207 25.020711570978165 64.033153727650642 21.606903314590454 111.91226556897163 86.053010746836662 43.463075175881386 25.512067966163158 29.628478229045868 23.299022890627384 36.207611098885536
leaf_count=815 237 4898 360 297 164 326 126 619 487 301 155 156 147 185
internal_value=-0.000258807 -0.00182022 0.00121137 0.00652243 0.000283924 -0.00129215 0.000981613 -0.000726231 0.0023644 -0.0070261 -0.00205222 0.00991291 -0.00740121 -0.0131302
internal_weight=1430.98 693.381 737.602 105.171 632.431 466.736 343.197 291.961 197.965 93.9959 68.9751 51.2354 123.54 59.5066
internal_count=9273 5135 4138 657 3481 2666 2008 1726 1106 620 456 282 658 332
is_linear=0
shrinkage=0.03


Tree=151
num_leaves=15
num_cat=0
split_feature=24 9 10 9 10 23 7 6 6 7 23 16 23 15
split_gain=2.83029 2.91016 2.93004 7.26144 3.4159 3.58199 3.29708 3.26104 3.13749 4.32236 4.80837 5.93321 4.83873 4.96299
threshold=1.0000000180025095e-35 8.3150000000000031 2.0950000000000002 2.2650000000000001 1.8450000000000004 2.7500000000000004 3.4500000000000006 1.1500000000000001 4.7500000000000009 9.8500000000000032 1.2500000000000002 4.988248148550567 5.3500000000000005 10.65
decision_type=2 2 2 2 2 2 2 2 2 2 2 8 2 10
left_child=1 2 4 -4 7 -6 -5 -1 9 10 11 -9 13 -12
right_child=-2 -3 3 6 5 -7 -8 8 -10 -11 12 -13 -14 -15
leaf_value=-0.0093967307501584083 0.0073316517566053094 0.010517776730706687 0.012019820748955053 0.0044717132968101142 0.0013527830140350793 -0.01366552149697862 -0.0095480102655603246 -0.0033532624905389585 -0.00066517346477265539 0.015587852694035889 0.003184238966506295 0.016828256935403605 0.013223835617139496 -0.0061004851901812944
leaf_weight=27.688527911901474 47.00696562230587 19.17889616638422 53.138217806816101 24.004290573298931 23.00431028008461 29.470987968146801 27.546232476830482 18.257599499076605 892.09692130982876 17.504266433417797 96.076636131852865 31.366254229098558 16.869966864585876 101.94558763131499
leaf_count=217 211 87 271 126 145 158 138 205 5737 101 801 278 94 685
internal_value=0.000461289 0.000201293 1.7676e-05 0.00472025 -0.000392008 -0.00753681 -0.00320161 -5.01061e-05 0.000209222 0.00293854 0.00182783 0.0097758 -0.000188106 -0.00162823
internal_weight=1425.16 1378.15 1358.97 104.689 1254.28 52.4753 51.5505 1201.81 1174.12 282.02 264.516 49.6239 214.892 198.022
internal_count=9254 9043 8956 535 8421 303 264 8118 7901 2164 2063 483 1580 1486
is_linear=0
shrinkage=0.03


Tree=152
num_leaves=15
num_cat=0
split_feature=11 11 4 0 24 0 7 7 15 7 11 13 11 7
split_gain=3.53696 6.35737 6.0035 3.81958 2.92921 3.09436 3.00521 6.01055 5.91434 5.94556 5.96179 7.23128 5.30332 5.03231
threshold=0.35000000000000003 0.45000000000000007 5.715876377430587 5.5000000000000009 1.0000000180025095e-35 1.0000000180025095e-35 7.0500000000000007 6.4500000000000011 7.5500000000000007 8.8500000000000032 4.4500000000000011 4.3500000000000005 3.4500000000000006 5.3500000000000005
decision_type=2 2 2 2 2 2 2 2 10 2 2 2 2 2
left_child=2 -2 3 -1 5 -3 7 13 12 -10 11 -11 -8 -7
right_child=1 4 -4 -5 -6 6 8 -9 9 10 -12 -13 -14 -15
leaf_value=-0.0047693873895641222 0.014117050051459624 -0.009509956314469761 -0.012816244221624145 0.012212513741926551 0.0075908550849265568 0.0011289968719627422 -0.00096074697967291436 0.011302543272442322 -0.007048417760437675 -0.0087191763997276264 0.012955090055696269 0.010042277992824696 -0.017913291514681851 -0.0058649420508176345
leaf_weight=23.341943729668856 25.447810627520084 25.210717726498842 42.973990775644779 15.918150871992109 42.166068568825722 876.45302123576403 31.009840577840805 42.72898568212986 59.539429482072592 40.55131708830595 39.199938707053661 26.173840381205082 32.310633353888988 98.478001996874809
leaf_count=240 160 328 220 85 190 5869 194 253 327 201 199 139 206 603
internal_value=0.000185331 0.000564569 -0.00566931 0.00271779 0.000249541 -2.26618e-05 0.000206458 0.000907168 -0.00286311 0.000197107 0.00440388 -0.00117272 -0.010289 0.000396217
internal_weight=1421.5 1339.27 82.2341 39.2601 1313.82 1271.66 1246.45 1017.66 228.785 165.465 105.925 66.7252 63.3205 974.931
internal_count=9214 8669 545 325 8509 8319 7991 6725 1266 866 539 340 400 6472
is_linear=0
shrinkage=0.03


Tree=153
num_leaves=15
num_cat=0
split_feature=7 5 0 12 9 11 7 8 10 15 10 4 4 18
split_gain=2.99439 2.73418 2.66763 3.03603 5.43851 6.59644 4.78903 4.38396 6.27672 5.81036 4.1378 5.56984 4.62615 3.76097
threshold=13.850000000000003 43.150000000000013 22.500000000000004 69.65000000000002 4.7250000000000005 3.0500000000000003 9.8500000000000032 69.550000000000011 2.1150000000000007 42.050000000000004 1.6250000000000002 5.4602805185488377 5.6799790408864412 93.500000000000014
decision_type=2 2 2 2 2 2 2 2 2 10 2 2 2 8
left_child=1 -1 3 4 7 -6 -5 8 9 13 11 -9 -13 -3
right_child=-2 2 -4 6 5 -7 -8 10 -10 -11 -12 12 -14 -15
leaf_value=0.010331123148662382 -0.0073752617067461661 0.013794807324326931 0.0083378378383600904 -0.0023483381148310667 0.0031968586062522089 -0.012260750374206764 0.0079983628032490369 -0.0072884479543049571 0.013737672525013785 -0.010981129653293219 -0.015663742334944677 0.015037039833598722 -0.0016940349315595286 0.0024177620120023678
leaf_weight=19.72519838064909 40.533041015267372 23.1289347037673 30.858333274722099 536.37278363853693 42.391135662794113 49.818405564874411 38.632556036114693 50.460028234869242 43.210871584713459 23.037994213402271 14.31806421279907 22.22489682585001 30.8141870200634 458.14454641193151
leaf_count=95 208 181 128 3622 243 287 208 538 212 113 104 166 171 2944
internal_value=0.00019583 0.000443468 0.000263192 4.57358e-05 0.00128977 -0.00535557 -0.00159022 0.00224382 0.0033704 0.00235596 -0.00291571 -0.000511582 0.00600822 0.00310074
internal_weight=1423.67 1383.14 1363.41 1332.55 757.549 92.2095 575.005 665.34 547.522 504.311 117.817 103.499 53.0391 481.273
internal_count=9220 9012 8917 8789 4959 530 3830 4429 3450 3238 979 875 337 3125
is_linear=0
shrinkage=0.03


Tree=154
num_leaves=15
num_cat=0
split_feature=23 4 7 4 4 0 0 16 6 5 5 6 6 6
split_gain=3.81564 5.48798 6.79001 7.87429 4.6601 6.9251 4.38722 4.68531 5.75004 6.55443 5.53459 7.45699 6.10444 5.49229
threshold=2.0500000000000003 5.4243776387234393 2.1500000000000008 5.1617599557409717 5.8195837339240084 7.5000000000000009 20.500000000000004 5.1196478989480472 6.5500000000000007 51.650000000000013 61.350000000000001 2.8500000000000001 2.8500000000000001 3.8500000000000001
decision_type=2 2 2 2 2 2 2 8 2 2 2 2 2 2
left_child=4 2 3 -2 5 -1 7 -3 10 -10 11 -9 -12 -13
right_child=1 6 -4 -5 -6 -7 -8 8 9 -11 12 13 -14 -15
leaf_value=0.0022145888945568587 0.012284655889399171 0.0066858162631222009 -0.011127584870733731 -0.0075531999255878954 -0.0039128655958032268 0.014744088190563656 0.0074964535981517566 -0.011171003504744172 -0.0066071812127993139 0.0021039987809488708 0.00073196043540031935 0.012998976108689714 -0.016448048378979171 -0.0014752349586929934
leaf_weight=279.24887527897954 27.705360975116491 66.669222146272659 91.169681090861559 35.194910936057568 78.757177047431469 41.842241406440735 59.299733370542526 46.01783849298954 90.642105966806412 410.64658279716969 26.257715106010437 27.873566396534443 55.671219378709793 80.639186203479767
leaf_count=2549 290 411 813 304 429 209 245 254 429 2167 165 147 351 430
internal_value=-1.38823e-05 -0.000989609 -0.00611028 0.00144585 0.00245131 0.00404838 -4.62717e-05 -0.000645176 -0.00134821 0.000479164 -0.00515192 -0.00168579 -0.0112166 0.00265155
internal_weight=1417.64 1017.79 154.07 62.9003 399.848 321.091 863.717 804.417 737.748 501.289 236.46 154.531 81.9289 108.513
internal_count=9193 6006 1407 594 3187 2758 4599 4354 3943 2596 1347 831 516 577
is_linear=0
shrinkage=0.03


Tree=155
num_leaves=15
num_cat=0
split_feature=12 5 12 7 15 15 17 23 15 6 9 9 13 10
split_gain=4.26959 5.96261 6.35848 4.87623 4.44256 5.304 5.18276 7.48032 6.95486 6.80809 7.39391 6.29386 4.90395 4.8131
threshold=64.550000000000011 44.850000000000001 64.950000000000017 10.050000000000002 14.850000000000003 13.050000000000002 0.24500000000000002 2.7500000000000004 30.850000000000005 11.050000000000002 2.3250000000000006 0.76500000000000012 2.9500000000000006 0.7350000000000001
decision_type=2 2 2 2 8 10 8 2 10 2 2 2 2 2
left_child=3 -2 -3 4 5 12 -6 8 11 -9 -11 -8 -1 -14
right_child=1 2 -4 -5 6 -7 7 9 -10 10 -12 -13 13 -15
leaf_value=0.0094271970063713757 0.015094276518028787 0.014778831346902076 0.00032476846874273833 -0.012062783051565183 -0.010935934516322434 -0.016944936711216049 -0.0025369898881167433 -0.0074509100024723676 -0.0073473659821456181 0.013950287364007443 -0.0058143120178959619 0.015781908910736105 0.0009994207043159376 -0.01038990166687024
leaf_weight=20.794977478682995 21.946505934000015 23.265653271228075 895.64466601982713 36.965985730290413 24.275780439376831 23.510102033615112 20.35135293006897 82.938597273081541 17.74056438356638 33.311324216425419 26.802749767899513 67.666813764721155 62.952772282063961 64.244827151298523
leaf_count=127 103 150 5840 194 204 155 160 473 106 166 131 475 502 438
internal_value=6.21306e-06 0.00118091 0.000768726 -0.00227744 -0.00133872 -0.00505069 0.00104134 0.00240234 0.00826501 -0.00206467 0.00536816 0.0116376 -0.00266914 -0.00492848
internal_weight=1422.41 940.857 918.91 481.556 444.59 171.503 273.087 248.811 105.759 143.053 60.1141 88.0182 147.993 127.198
internal_count=9224 6093 5990 3131 2937 1222 1715 1511 741 770 297 635 1067 940
is_linear=0
shrinkage=0.03


Tree=156
num_leaves=15
num_cat=0
split_feature=16 16 16 8 13 0 0 8 10 6 10 6 13 6
split_gain=3.1103 5.57557 5.50022 3.27671 3.90343 6.21038 6.16499 3.62097 7.66621 3.31299 5.24679 4.03211 7.01908 6.44336
threshold=5.3950650364007915 5.2759731750840464 5.4174642079966882 69.750000000000014 4.1500000000000012 6.5000000000000009 2.5000000000000004 68.350000000000009 0.57500000000000007 10.450000000000001 1.6650000000000003 9.0500000000000025 5.8500000000000005 7.5500000000000007
decision_type=10 10 10 2 2 2 2 2 2 2 2 2 2 2
left_child=1 3 -2 7 5 6 -5 9 -9 11 -11 12 13 -1
right_child=2 -3 -4 4 -6 -7 -8 8 -10 10 -12 -13 -14 -15
leaf_value=0.0012023487208309212 0.014258905589261808 -0.0077041170716987345 0.0010793589398920211 -0.0045676948709378129 -0.0077982973293409799 -0.010395662232106227 0.020495709062915809 -0.0055414879569698379 0.021087122224942568 -0.0055917674320311549 0.0092489162863294283 0.011616569708008203 0.012611707137117652 -0.011753868401149994
leaf_weight=187.28090112283826 24.789413534104824 95.778610222041607 695.48834728449583 12.527109477669002 85.510040938854218 15.784399822354315 16.222952291369438 14.084208250045778 17.702933296561241 126.81260962411761 20.937811754643917 30.901409927755594 34.039544403553009 37.16965202242136
leaf_count=1417 138 549 3862 166 829 82 136 131 148 843 110 219 294 262
internal_value=0.00025226 -0.0011756 0.00162812 -7.65205e-05 -0.0041984 0.00280317 0.0105162 0.0010988 0.010139 0.000334214 -0.00325478 0.00219075 0.000864881 -0.00115261
internal_weight=1415.03 694.752 720.278 598.974 130.045 44.5345 28.7501 468.929 31.7871 437.142 147.75 289.392 258.49 224.451
internal_count=9186 5186 4000 4637 1213 384 302 3424 279 3145 953 2192 1973 1679
is_linear=0
shrinkage=0.03


Tree=157
num_leaves=15
num_cat=0
split_feature=12 12 9 1 8 11 13 23 7 0 11 6 6 11
split_gain=2.91785 5.52581 2.83953 3.19964 5.35235 3.63581 4.70783 6.09007 9.57151 7.75203 4.43038 4.42977 6.23294 4.66346
threshold=48.650000000000013 52.050000000000004 6.6950000000000012 1.0000000180025095e-35 51.150000000000013 0.35000000000000003 3.5500000000000003 2.1500000000000008 2.1500000000000008 18.500000000000004 6.6500000000000012 13.550000000000002 9.2500000000000018 4.2500000000000009
decision_type=2 2 2 2 2 2 2 2 2 2 2 2 2 2
left_child=-1 -2 3 4 -3 -5 -7 8 -8 10 -9 12 13 -10
right_child=1 2 -4 5 -6 6 7 9 11 -11 -12 -13 -14 -15
leaf_value=-0.0092153952565335578 0.011525258722487965 0.010788129283124046 0.0069900438878314954 -0.0091852882764566959 0.00073316015767912514 0.0025940697441586853 -0.0068896215377362317 -0.0043508406097841614 0.011111674218833497 0.0087315456418774057 -0.01459394164831879 -0.0036310240253370012 0.023986107691114027 -0.0041677418129924078
leaf_weight=23.36992384493351 34.780320044606924 48.770191125571728 48.009339302778244 43.395705163478851 426.83482744917274 258.10641241446137 59.897954538464546 301.67800206318498 42.154534988105297 32.332239747047424 40.416877090930939 22.64910564571619 18.642844930291176 25.638687171041965
leaf_count=147 213 271 240 285 3097 1397 526 1880 349 133 246 153 133 205
internal_value=0.000312188 0.00050301 0.00018195 -9.10013e-05 0.00186574 -0.00119696 -0.000710189 -0.00228897 0.0023902 -0.0044044 -0.00575381 0.00756432 0.010536 0.0054438
internal_weight=1426.68 1403.31 1368.53 1320.52 475.605 844.912 801.517 543.41 168.983 374.427 342.095 109.085 86.4361 67.7932
internal_count=9275 9128 8915 8675 3368 5307 5022 3625 1366 2259 2126 840 687 554
is_linear=0
shrinkage=0.03


Tree=158
num_leaves=15
num_cat=0
split_feature=7 7 0 5 12 13 6 11 18 15 15 9 14 9
split_gain=3.42666 3.7313 3.50364 4.15019 6.3061 5.68397 5.38185 4.99345 3.40666 3.27239 2.78625 6.30385 2.78588 3.57888
threshold=14.750000000000002 11.050000000000002 2.5000000000000004 67.850000000000009 76.750000000000014 6.0500000000000007 6.1500000000000012 1.2500000000000002 63.500000000000007 14.65 3.2500000000000004 1.8450000000000004 1.0000000180025095e-35 1.905
decision_type=2 2 2 2 2 2 2 2 8 10 8 2 2 2
left_child=1 2 3 4 7 6 -5 -1 -4 -3 11 -10 -12 -14
right_child=-2 9 8 5 -6 -7 -8 -9 10 -11 12 -13 13 -15
leaf_value=0.0019115242932390055 -0.0096407622614016284 -0.0001578060368561594 0.010555523255935595 -0.011475303190314392 0.0081877853635202967 0.017927673206906337 0.0080595538979548308 -0.015015092917284211 -0.018313259153903513 0.013970852914170846 8.4234803378810654e-05 0.0033468611807067816 0.014919942819003029 -0.00073165982319296828
leaf_weight=19.061322376132011 27.95696659386158 27.012306801974773 23.844620138406754 23.982929974794388 14.522751417011021 10.359474711120127 17.955531243234873 62.667525686323643 17.940423592925072 27.220781520009041 1071.9963221997023 22.865081928670406 21.485786721110344 25.228499419987202
leaf_count=220 144 152 154 303 177 112 216 764 127 130 6306 144 120 135
internal_value=-8.00879e-05 0.000146698 -0.000180283 -0.00444423 -0.00800177 0.00223015 -0.00314404 -0.0111847 0.000371425 0.00751438 0.000117574 -0.00713568 0.000412713 0.00721366
internal_weight=1414.1 1386.14 1331.91 148.55 96.2516 52.2979 41.9385 81.7288 1183.36 54.2331 1159.52 40.8055 1118.71 46.7143
internal_count=9204 9060 8778 1792 1161 631 519 984 6986 282 6832 271 6561 255
is_linear=0
shrinkage=0.03


Tree=159
num_leaves=15
num_cat=0
split_feature=9 9 11 12 23 8 8 23 11 11 15 13 10 11
split_gain=4.01119 3.61216 6.25994 3.30256 3.00874 6.64197 3.94677 2.72469 2.51762 2.46376 3.58485 11.0426 5.60768 4.92086
threshold=8.3150000000000031 5.7650000000000006 2.2500000000000004 68.050000000000011 6.0500000000000007 58.050000000000004 47.350000000000001 5.3500000000000005 3.4500000000000006 0.35000000000000003 8.2500000000000018 4.0500000000000007 0.72500000000000009 0.45000000000000007
decision_type=2 2 2 2 2 2 2 2 2 2 8 2 2 2
left_child=1 4 -3 -4 6 -6 8 9 -1 -8 11 12 -11 -12
right_child=-2 2 3 -5 5 -7 7 -9 -10 10 13 -13 -14 -15
leaf_value=5.819056751824332e-05 0.011264995161149878 0.0029742749269769946 -0.021001372112202064 -0.0041371886220248431 -0.0041413538168236057 0.014721886813486802 -0.0062850278959922243 -0.0079156346534949226 0.010646397019749437 0.018330718511560332 0.012314315589021638 -0.002724992007354936 0.0025767187082643447 -0.0017351079905832741
leaf_weight=38.52969054877758 20.07999461889267 31.574838034808636 21.702152520418167 22.201350435614586 28.904742948710918 30.120368435978889 66.860821813344955 47.317713499069214 37.63825785368681 41.518142350018024 18.086718291044235 121.13285906985402 39.498935908079147 857.40772570669651
leaf_count=189 90 163 122 124 131 158 464 249 185 309 112 990 252 5679
internal_value=-0.000632607 -0.000842362 -0.00701475 -0.0137683 -0.000466274 0.00588248 -0.000783753 -0.00121504 0.00562386 -0.000904789 -0.000543495 0.00301068 0.0112463 -0.00137658
internal_weight=1422.57 1402.49 75.4783 43.9035 1327.02 59.0251 1267.99 1191.82 76.1679 1144.51 1077.64 202.15 81.0171 875.494
internal_count=9217 9127 409 246 8718 289 8429 8055 374 7806 7342 1551 561 5791
is_linear=0
shrinkage=0.03


Tree=160
num_leaves=15
num_cat=0
split_feature=10 10 4 10 8 8 6 6 9 10 1 23 5 4
split_gain=2.58903 6.08566 5.56401 5.16602 5.34737 6.44751 5.68921 3.8111 3.72112 4.02476 3.42851 4.74076 10.5603 4.84177
threshold=0.18500000000000003 0.28500000000000009 5.8917551064719893 0.47500000000000003 69.050000000000011 60.150000000000013 9.4500000000000011 10.65 0.38500000000000006 1.3950000000000002 1.0000000180025095e-35 4.0500000000000007 54.750000000000007 6.0077780660044882
decision_type=2 2 2 2 2 2 2 2 2 2 2 2 2 2
left_child=2 -2 -1 4 5 -3 -7 -4 9 -5 -10 -12 -13 -14
right_child=1 3 7 8 -6 6 -8 -9 10 -11 11 12 13 -15
leaf_value=-0.006690274720913764 0.0073616488108078759 -0.0079075212463038079 0.01127567154077623 0.010178503154998037 -0.01430378872480414 0.011651725158234287 -0.0056326944667753889 -0.0032641491323661797 0.0026916790336584495 -0.002490794484403033 -0.0030551053199322172 -0.0067415277823013918 0.0018615388716556325 0.014324877932154388
leaf_weight=125.58955724909902 102.29473153501749 69.06451965123415 28.164862804114819 65.1730683632195 36.436963368207216 37.873858116567135 24.619832325726748 28.358265928924084 296.93376183882356 30.797198958694935 396.21033167093992 61.976718358695507 57.088506758213043 53.636344268918037
leaf_count=1042 700 410 134 446 304 299 165 130 1975 177 2566 277 337 227
internal_value=3.64102e-05 0.000533733 -0.00325264 -0.000114188 -0.00488833 -0.00185234 0.00492957 0.00430846 0.000740653 0.00619087 0.000104476 -0.00125756 0.00283629 0.00825699
internal_weight=1414.22 1232.11 182.113 1129.81 167.995 131.558 62.4937 56.5231 961.816 95.9703 865.846 568.912 172.702 110.725
internal_count=9189 7883 1306 7183 1178 874 464 264 6005 623 5382 3407 841 564
is_linear=0
shrinkage=0.03


Tree=161
num_leaves=15
num_cat=0
split_feature=11 13 8 23 16 16 15 9 15 9 4 4 11 12
split_gain=2.92558 4.09685 4.27744 3.74276 6.15837 3.71057 3.49195 5.25494 5.92571 5.09734 5.05086 5.88189 5.3902 4.60495
threshold=5.5500000000000007 2.8500000000000001 47.650000000000013 2.1500000000000008 5.8039341613969606 6.0120786550626901 16.350000000000005 0.94500000000000006 10.65 1.4650000000000001 6.218609712010843 6.100671172656047 3.0500000000000003 70.65000000000002
decision_type=2 2 2 2 8 10 10 2 10 2 2 2 2 2
left_child=5 -2 -3 -4 -5 6 7 -1 -9 -8 11 12 -11 -14
right_child=1 2 3 4 -6 -7 9 8 -10 10 -12 -13 13 -15
leaf_value=-0.00472332566417867 0.0054471607747095252 0.0084109363622380008 0.00019940732185597931 -0.0032328227014251482 -0.015701303840084932 -0.0077383284880701087 0.0075624506643770639 0.0031179545574401245 -0.0042927285633333374 -0.0026693031706073221 0.0104411821161822 -0.011159719983738055 0.012729942946235851 -0.0022366468018167602
leaf_weight=174.47336858138442 42.846737716346979 17.91599290817976 74.790962286293507 100.33583352714777 53.498113688081503 40.393780410289764 146.73880054056644 377.96625900268555 125.35302756726742 122.586360424757 35.5688456594944 37.328937008976936 45.556970238685608 27.112616315484047
leaf_count=1327 231 85 612 610 343 225 852 2677 825 718 147 161 265 158
internal_value=-1.70267e-05 -0.00268267 -0.00417575 -0.005321 -0.0079267 0.000672571 0.00101733 -0.000312262 0.00124823 0.00316729 0.000667769 -0.00101514 0.0011545 0.00736148
internal_weight=1422.47 289.388 246.541 228.625 153.834 1133.08 1092.69 677.793 503.319 414.893 268.154 232.585 195.256 72.6696
internal_count=9236 1881 1650 1565 953 7355 7130 4829 3502 2301 1449 1302 1141 423
is_linear=0
shrinkage=0.03


Tree=162
num_leaves=15
num_cat=0
split_feature=12 4 10 4 10 10 11 13 13 8 9 13 8 5
split_gain=3.46277 2.44882 2.36833 7.99777 4.19948 5.41274 5.59251 4.02483 6.0644 3.57597 6.1162 7.15844 6.84748 6.1803
threshold=88.250000000000014 4.4018650053024659 0.18500000000000003 5.8824975004109117 0.30500000000000005 0.47500000000000003 0.95000000000000007 3.8500000000000001 3.1500000000000008 60.850000000000001 0.64500000000000013 4.9500000000000011 65.450000000000017 61.850000000000001
decision_type=2 2 2 2 2 2 2 2 2 2 2 2 2 2
left_child=1 -1 3 -3 -4 6 -6 8 -8 -7 11 12 -11 -12
right_child=-2 2 4 -5 5 9 7 -9 -10 10 13 -13 -14 -15
leaf_value=-0.0092228341795170549 0.011737923687865545 -0.0071248922866485997 0.0059270709373319286 0.0060667911362889456 0.0072676350429238404 0.0027453958932678814 -0.010911181612165755 -0.011941038220814371 0.0090031078001891751 -0.011298738602529505 0.00081752889532352711 0.016702311181143566 0.0083713231561616183 -0.0069730699309235988
leaf_weight=19.769325003027916 18.509185634553432 121.9873680844903 122.39056314155459 56.855940982699394 22.827220022678375 493.70769725739956 21.487208053469658 73.052080310881138 23.666743606328964 24.276290602982044 205.49491040408611 30.003666736185551 29.95810267701745 159.08549676835537
leaf_count=258 120 995 823 265 150 2671 121 552 155 159 1286 227 224 1247
internal_value=0.000319249 0.000127672 0.000293861 -0.00288019 0.000774524 0.000167981 -0.0052091 -0.00781569 -0.000616441 0.000995813 -0.000937801 0.0061241 -0.000643876 -0.00263026
internal_weight=1423.07 1404.56 1384.79 178.843 1205.95 1083.56 141.033 118.206 45.154 942.526 448.818 84.2381 54.2344 364.58
internal_count=9253 9133 8875 1260 7615 6792 978 828 276 5814 3143 610 383 2533
is_linear=0
shrinkage=0.03


Tree=163
num_leaves=15
num_cat=0
split_feature=12 12 15 5 11 11 16 23 15 11 9 4 9 12
split_gain=2.96305 6.65385 7.16872 6.19186 5.62851 6.63254 4.86336 6.36159 5.33012 6.00667 4.3305 6.15456 5.84937 4.18899
threshold=62.350000000000001 69.65000000000002 29.250000000000004 59.750000000000007 5.4500000000000011 3.8500000000000001 3.708165724643735 1.0500000000000003 18.950000000000003 2.2500000000000004 4.7250000000000005 5.4293654307799519 0.32500000000000007 71.250000000000014
decision_type=2 2 10 2 2 2 8 2 8 2 2 2 2 2
left_child=10 4 13 -4 5 6 -2 -8 9 -9 11 -1 -13 -3
right_child=1 2 3 -5 -6 -7 7 8 -10 -11 -12 12 -14 -15
leaf_value=-0.0077545787473864182 0.015157347882197371 -0.0082655879079620905 0.012619529103189864 -0.002458738578589944 -0.0024440987427679444 0.012783016646032697 -0.011764006983939462 0.0041132742079912884 0.0076365520859691238 -0.01092230091254134 -0.010101848881135148 0.015089998579414324 5.4254708446665663e-05 -0.0011093560994967721
leaf_weight=79.265036217868328 22.114889316260815 83.845719795674086 54.419524818658829 39.340916626155376 94.993541024625301 83.871903698891401 23.214739844202995 55.362462032586336 113.07344853878021 34.82387613505125 47.020330972969532 21.01708559691906 222.21350479125977 442.79495899751782
leaf_count=775 189 573 261 221 611 534 189 341 662 226 263 119 1251 3001
internal_value=0.000225963 0.00104043 -0.000943878 0.00648867 0.00389803 0.00571952 0.0031313 0.00165493 0.00343318 -0.00196122 -0.00206671 -0.000758834 0.00163125 -0.00231571
internal_weight=1417.37 1047.86 620.401 93.7604 427.455 332.461 248.589 226.475 203.26 90.1863 369.516 322.496 243.231 526.641
internal_count=9216 6808 4056 482 2752 2141 1607 1418 1229 567 2408 2145 1370 3574
is_linear=0
shrinkage=0.03


Tree=164
num_leaves=15
num_cat=0
split_feature=11 4 23 0 6 13 16 15 8 8 8 4 15 15
split_gain=2.36907 7.98293 7.18208 6.11023 5.22476 6.11164 5.22263 3.65067 3.41787 3.27196 3.50112 5.80601 4.67066 5.70767
threshold=0.95000000000000007 5.7126000344781183 3.5500000000000003 6.5000000000000009 2.8500000000000001 3.8500000000000001 5.6076710438336201 50.250000000000007 46.850000000000001 49.850000000000001 56.550000000000004 5.4556312110748939 33.95000000000001 26.450000000000003
decision_type=2 2 2 2 2 2 10 10 2 2 2 2 10 10
left_child=1 3 -3 4 -1 -6 -4 8 -2 -10 11 -11 13 -12
right_child=7 2 6 -5 5 -7 -8 -9 9 10 12 -13 -14 -15
leaf_value=0.016955234518976941 0.0055761885410083138 -0.0098328120924545716 0.011631308982262754 0.018607055058531562 -0.014559588190764913 0.0048977894731686566 -0.0048676466410212497 0.0082689201561360805 -0.0078078070147121108 -0.0080653615901415902 -0.0019589637600672064 0.0042678888325934994 -0.010200166938718133 0.007192296902485653
leaf_weight=14.287365388125179 65.894855074584484 56.420190237462521 33.776917904615402 32.048379793763161 15.661786362528799 44.069348338991404 27.246668286621571 36.246712729334831 59.042057827115059 36.242711894214153 677.41511278226972 206.92921733856201 50.249634727835655 62.49103981256485
leaf_count=137 320 307 157 156 142 410 124 166 308 297 4996 1063 281 354
internal_value=2.75909e-05 0.00282707 -0.00253073 0.00860641 0.00337296 -0.00093457 0.00445388 -0.000505833 -0.000814792 -0.00122396 -0.000811992 0.00230426 -0.00177948 -0.00114298
internal_weight=1418.02 223.511 117.444 106.067 74.0185 59.7311 61.0236 1194.51 1158.26 1092.37 1033.33 243.172 790.156 739.906
internal_count=9218 1433 588 845 689 552 281 7785 7619 7299 6991 1360 5631 5350
is_linear=0
shrinkage=0.03


Tree=165
num_leaves=15
num_cat=0
split_feature=7 7 13 0 4 4 5 11 11 12 15 7 6 15
split_gain=2.73415 3.60112 5.03101 2.38187 5.99949 4.94618 5.97411 5.39977 5.85743 7.32152 4.79348 4.78637 6.86429 3.78881
threshold=14.750000000000002 10.350000000000003 4.5500000000000007 10.500000000000002 5.8299836341586913 5.9489134651199729 54.95000000000001 1.8500000000000003 3.4500000000000006 67.450000000000017 23.850000000000005 5.1500000000000012 7.0500000000000007 33.95000000000001
decision_type=2 2 2 2 2 2 2 2 2 2 8 2 2 10
left_child=1 3 -3 13 -5 10 7 -7 -9 -10 -6 12 -8 -1
right_child=-2 2 -4 4 5 6 11 8 9 -11 -12 -13 -14 -15
leaf_value=-0.00022765400240017683 -0.0080067451068230808 0.00095423416374298942 0.016805881695049898 0.01034513621135282 -0.014034399376313216 0.0061936896536370911 -0.001513225559911441 -0.015274701844171963 -0.0097911713192336026 0.0092761186449955568 0.0017963852971702797 -0.0013796954588324315 0.013903640366406107 -0.0081434267837185662
leaf_weight=829.64293718338013 29.704316653311253 50.606450479477644 23.558705851435661 60.29606206715107 32.635726481676102 40.30587001144886 36.511148065328598 34.855207845568657 32.12331622838974 30.427937641739845 29.862350508570671 56.093779996037483 78.042352750897408 53.266668580472469
leaf_count=6467 151 256 129 262 148 175 157 150 139 129 131 240 332 342
internal_value=0.000312767 0.000518878 0.00673296 0.000143965 0.00195894 0.000475986 0.00205665 -0.00254367 -0.00628499 -0.00051586 -0.00689751 0.00573584 0.00913211 -0.000748387
internal_weight=1417.93 1388.23 74.1652 1314.06 431.154 370.858 308.36 137.712 97.4065 62.5513 62.4981 170.647 114.554 882.91
internal_count=9208 9057 385 8672 1863 1601 1322 593 418 268 279 729 489 6809
is_linear=0
shrinkage=0.03


Tree=166
num_leaves=15
num_cat=0
split_feature=24 8 8 15 5 13 10 15 12 12 6 5 6 0
split_gain=2.71114 2.41389 3.20295 3.42128 3.15088 2.22765 4.40817 3.0169 3.97347 4.69162 5.29945 5.2894 6.27808 6.64553
threshold=1.0000000180025095e-35 47.350000000000001 49.850000000000001 25.850000000000005 57.650000000000013 2.0500000000000003 0.80500000000000016 16.350000000000005 66.050000000000011 69.15000000000002 18.950000000000003 55.750000000000007 13.850000000000003 2.5000000000000004
decision_type=2 2 2 8 2 2 2 10 2 2 2 2 2 2
left_child=1 4 3 -3 -1 6 -4 8 -7 11 -11 -10 13 -13
right_child=-2 2 5 -5 -6 7 -8 -9 9 10 -12 12 -14 -15
leaf_value=0.009044178295637308 0.0067379043147231237 -0.012286456521743894 -0.015007028333070459 0.0016273294375205105 -0.0017926200091643975 -0.0038637232602282295 0.0017656713608341795 0.001931537179887962 -0.0044012977790079703 -0.0025536229115520948 0.0086016207159944121 -0.0025689360373855677 -0.0058179796542651343 0.019290567932674633
leaf_weight=49.295865699648857 45.796182438731194 36.911495260894299 21.579948157072067 23.934262625873089 40.964543551206589 295.46254546940327 28.063836190849543 435.51467451825738 28.917367737740278 295.42966102063656 39.000952452421188 15.190189994871615 15.254716001451014 45.673626467585564
leaf_count=224 207 198 120 120 208 2227 142 2509 171 2281 235 186 101 302
internal_value=-6.86675e-05 -0.000319653 -0.000659886 -0.00710537 0.00428997 -0.000310762 -0.00623138 -3.42036e-05 -0.00120427 0.000607086 -0.00114517 0.00598472 0.00995844 0.0140541
internal_weight=1416.99 1371.19 1280.93 60.8458 90.2604 1220.09 49.6438 1170.44 734.929 439.467 334.431 105.036 76.1185 60.8638
internal_count=9231 9024 8592 318 432 8274 262 8012 5503 3276 2516 760 589 488
is_linear=0
shrinkage=0.03


Tree=167
num_leaves=15
num_cat=0
split_feature=4 4 6 6 9 15 16 10 9 16 23 1 16 15
split_gain=2.86043 3.52817 2.447 3.5643 5.4319 3.58569 3.44106 5.50354 4.68554 4.67358 4.61261 5.251 6.84593 5.18235
threshold=6.3802109374958755 6.2663935011327005 25.950000000000003 20.850000000000005 2.0250000000000004 53.300000000000004 5.8197412955975762 1.2150000000000001 1.9650000000000001 6.0221876474498419 5.9500000000000011 1.0000000180025095e-35 5.4225791586039991 8.2500000000000018
decision_type=2 2 2 2 2 10 10 2 2 10 2 2 10 8
left_child=1 2 3 5 -5 6 10 9 -9 -8 11 12 13 -1
right_child=-2 -3 -4 4 -6 -7 7 8 -10 -11 -12 -13 -14 -15
leaf_value=0.0089290555971940459 -0.0089634706347182548 0.0076847202440483318 -0.0055087935178737245 0.015443480912835286 -0.00098183066016370728 -0.011188109417079335 0.01184542362743039 -0.012515270816290764 0.0048540728899542623 -0.0022996248479902246 0.0085882146818303546 -0.0028092310685652157 0.014201002117875656 -0.00089424274650940839
leaf_weight=50.959137424826622 25.63014030456543 50.956685796380043 63.963518351316452 29.191761702299118 37.364381276071072 20.660306379199028 74.174159467220306 22.439008109271526 24.445230416953564 26.660688832402229 43.289254538714886 561.26079533621669 30.490166328847408 350.2757181301713
leaf_count=404 105 212 329 172 198 96 447 125 127 158 220 3837 151 2592
internal_value=0.000105446 0.000304747 -4.52776e-06 0.000292928 0.00679809 -9.30905e-05 0.000146748 0.00435156 -0.00386393 0.00817352 -0.000470657 -0.000906628 0.00157068 0.000447917
internal_weight=1411.76 1386.13 1335.17 1271.21 66.5561 1204.65 1183.99 147.719 46.8842 100.835 1036.28 992.986 431.725 401.235
internal_count=9173 9068 8856 8527 370 8157 8061 857 252 605 7204 6984 3147 2996
is_linear=0
shrinkage=0.03


Tree=168
num_leaves=15
num_cat=0
split_feature=6 24 18 10 4 18 18 11 10 4 11 10 4 11
split_gain=2.82276 3.17974 2.38425 6.81112 5.05979 5.54823 4.67502 3.72207 2.4999 8.00606 6.50263 4.73809 4.61012 9.32946
threshold=1.2500000000000002 1.0000000180025095e-35 144.50000000000003 1.0450000000000002 5.5534515500322241 83.500000000000014 170.50000000000003 3.3500000000000001 0.18500000000000003 5.5460031614459471 4.8500000000000005 0.075000000000000025 5.7126000344781183 0.95000000000000007
decision_type=2 2 8 2 2 10 8 2 2 2 2 2 2 2
left_child=-1 2 3 4 5 7 -4 -2 9 -8 11 -11 13 -10
right_child=1 -3 6 -5 -6 -7 8 -9 12 10 -12 -13 -14 -15
leaf_value=-0.0076290361291957388 0.012506195559386608 0.0078644407559106417 -0.01319234988621101 -0.006981151420501013 -0.0016223421813347837 0.023791575716057216 -0.012893806171639063 -0.0071365928270695402 0.012639040613562328 0.0052790824671337579 0.012504284284398747 -0.00922787855820025 -0.001267868860321426 0.00082111277307588893
leaf_weight=37.012313570827246 13.181019194424154 42.831999570131302 20.119056079536676 30.11658089607954 25.543253257870674 22.357413042336702 49.894352599978447 12.11590215936303 66.782377753406763 30.03716091811657 27.557606279850006 44.549098309129477 615.91917508095503 375.23989414796233
leaf_count=279 129 194 154 229 145 208 508 120 521 170 155 251 3097 3039
internal_value=3.16973e-05 0.000264594 -7.99714e-06 0.0042598 0.00903545 0.0143597 -0.000382237 0.00347316 -0.000115821 -0.00364852 0.0012585 -0.00342106 0.000406642 0.00272801
internal_weight=1413.26 1376.24 1333.41 103.314 73.1976 47.6543 1230.1 25.2969 1209.98 152.038 102.144 74.5863 1057.94 442.022
internal_count=9199 8920 8726 831 602 457 7895 249 7741 1084 576 421 6657 3560
is_linear=0
shrinkage=0.03


Tree=169
num_leaves=15
num_cat=0
split_feature=18 11 23 1 13 5 6 13 12 12 23 5 4 4
split_gain=2.20436 3.89411 4.93272 3.5799 9.70238 4.20648 7.17675 9.96079 6.03005 7.16517 5.05211 4.15708 4.05826 3.95644
threshold=152.50000000000003 0.95000000000000007 1.3500000000000003 1.0000000180025095e-35 6.1500000000000012 67.15000000000002 5.7500000000000009 5.2500000000000009 66.050000000000011 71.850000000000009 1.9500000000000002 58.350000000000001 5.5671846314244098 5.5621381532263205
decision_type=10 2 2 2 2 2 2 2 2 2 2 2 2 2
left_child=3 -2 -3 4 5 6 10 12 -7 -10 -1 -12 -8 -5
right_child=1 2 -4 13 -6 8 7 -9 9 -11 11 -13 -14 -15
leaf_value=0.021821613404697335 0.0061367201362944384 0.0069403237985279139 -0.0078891435690055852 -0.005073909405274175 -0.011860207619645948 -0.011661648920893488 -0.0055008772857238399 0.017730886692537914 0.017476926255238088 -0.0052721538571122864 -0.0027412226390257271 0.013013040944464843 0.0045106055926487617 0.00036326392955066383
leaf_weight=32.648529201745987 28.407838001847267 20.452670879662037 109.47348220273852 137.71743101626635 30.700180258601904 27.305660787969828 73.896036371588707 26.709284402430058 17.653045199811459 23.90198940038681 23.45505578815937 30.897137310355902 62.854162342846394 768.56559746712446
leaf_count=264 182 172 713 1487 257 245 547 193 146 203 139 219 296 4140
internal_value=8.72063e-05 -0.00319244 -0.00538404 0.000511562 0.00306563 0.00466135 0.00643928 0.00257807 -0.0018035 0.00523101 0.0131595 0.00655627 -0.000902532 -0.000486267
internal_weight=1414.64 158.334 129.926 1256.3 350.021 319.321 250.46 163.459 68.8607 41.555 87.0007 54.3522 136.75 906.283
internal_count=9203 1067 885 8136 2509 2252 1658 1036 594 349 622 358 843 5627
is_linear=0
shrinkage=0.03


Tree=170
num_leaves=15
num_cat=0
split_feature=9 13 8 8 9 8 15 16 8 7 24 9 12 7
split_gain=2.27834 6.45491 5.69873 5.53783 4.32234 5.02037 3.69009 3.4661 3.70217 6.46689 3.39524 3.43535 4.16616 8.58046
threshold=3.5750000000000006 3.2500000000000004 56.550000000000004 68.550000000000011 6.6950000000000012 51.150000000000013 13.350000000000003 5.5156354457095516 60.050000000000004 2.5500000000000003 1.0000000180025095e-35 3.3950000000000005 52.550000000000004 2.8500000000000001
decision_type=2 2 2 2 2 2 10 10 2 2 2 2 2 2
left_child=10 2 -2 4 5 -3 -5 8 -7 -10 11 12 13 -1
right_child=1 3 -4 6 -6 7 -8 -9 9 -11 -12 -13 -14 -15
leaf_value=0.020009534821423723 0.013415266399028071 0.0027050575976499472 -0.0015412249519751967 -0.0026354026848499205 0.003420163789654691 -0.02055102761543565 0.013898275837998143 -0.0045691892696201166 -0.018322396386106232 0.0034154141911849623 0.0095345010216236863 0.01025766249641524 -3.415976838009376e-05 -0.003623174863184244
leaf_weight=23.113274455070496 36.211913608014584 30.822593182325363 49.634004823863506 22.659125965088606 33.142242193222046 38.968162968754768 18.277800593525171 65.584256067872047 17.760950051248074 24.031079191714525 36.000828355550766 27.968671333044767 966.13735084608197 24.667644049972296
leaf_count=150 169 160 276 187 166 240 110 368 132 171 164 168 6580 153
internal_value=0.00038989 -0.00174613 0.00515891 -0.00416007 -0.00611507 -0.00794372 0.00545592 -0.0102018 -0.0142429 -0.00679351 0.00106287 0.00072601 0.000414036 0.00862134
internal_weight=1414.98 337.092 85.8459 251.246 210.309 177.167 40.9369 146.344 80.7602 41.792 1077.89 1041.89 1013.92 47.7809
internal_count=9194 1979 445 1534 1237 1071 297 911 543 303 7215 7051 6883 303
is_linear=0
shrinkage=0.03


Tree=171
num_leaves=15
num_cat=0
split_feature=4 4 5 9 13 7 7 13 11 5 4 11 5 12
split_gain=3.15822 3.80779 3.115 3.52601 4.65968 5.65668 5.3464 5.09281 4.1496 3.7987 5.6907 3.54812 3.48513 3.64723
threshold=6.3802109374958755 6.2663935011327005 77.15000000000002 1.6050000000000002 2.4500000000000006 1.5500000000000003 8.8500000000000032 5.8500000000000005 5.0500000000000007 69.950000000000017 5.5569516469078435 7.4500000000000011 50.650000000000013 69.65000000000002
decision_type=2 2 2 2 2 2 2 2 2 2 2 2 2 2
left_child=1 2 3 4 -1 7 8 -6 12 -5 -11 -10 -7 -14
right_child=-2 -3 -4 9 5 6 -8 -9 11 10 -12 -13 13 -15
leaf_value=-0.011299889649634088 -0.0094662824605326479 0.0078825550276460359 0.01041827305386115 0.001610625418080184 0.0068067431430746169 -0.011883519509872226 0.0059838972546213225 -0.0086761501693154702 -0.013587869809666652 -0.013850107942049668 0.0027777666253690604 0.0001150182403549445 0.0021512564041702184 -0.0052559718017537102
leaf_weight=41.316868513822556 26.418794557452202 50.079683929681778 19.577539127320051 702.59664050489664 103.34781435132027 26.087301082909107 46.680197052657604 18.7373281493783 60.602417260408401 32.021754156798124 34.306592769920826 22.84554460272193 130.34520980715752 102.60388996079564
leaf_count=229 108 208 183 4369 771 146 263 154 430 312 214 163 930 739
internal_value=-6.02388e-05 0.00015165 -0.000165254 -0.000360725 -0.0021784 -0.00133894 -0.00310219 0.00418261 -0.00440889 0.000951129 -0.00565793 -0.010042 -0.0024384 -0.00115319
internal_weight=1417.57 1391.15 1341.07 1321.49 552.567 511.25 389.165 122.085 342.484 768.925 66.3283 83.448 259.036 232.949
internal_count=9219 9111 8903 8720 3825 3596 2671 925 2408 4895 526 593 1815 1669
is_linear=0
shrinkage=0.03


Tree=172
num_leaves=15
num_cat=0
split_feature=6 15 11 9 12 15 16 15 17 4 17 6 13 13
split_gain=2.86841 5.29413 6.12534 5.66793 6.4792 7.27083 5.65118 4.74353 5.40416 4.34969 4.09883 6.37348 3.9605 6.29052
threshold=12.15 15.250000000000002 5.9500000000000011 1.3250000000000004 71.950000000000017 29.950000000000003 5.7936297632452813 20.350000000000005 0.66500000000000015 6.0890207931286673 0.24500000000000002 4.1500000000000012 3.5500000000000003 3.7500000000000004
decision_type=2 8 2 2 2 8 8 10 8 2 8 2 2 2
left_child=10 2 9 6 7 -6 -3 8 -5 -2 11 -1 -12 -14
right_child=1 3 -4 4 5 -7 -8 -9 -10 -11 12 -13 13 -15
leaf_value=0.0055658622120209698 -0.011738290977794386 0.012601764418309264 0.0066624107284538403 -0.0036668450939241087 -0.019608649237306128 0.00033120025838667206 -0.0018220149761314925 -0.0038755073861137506 0.01412802867224089 0.00015748555408176784 0.0042512790876405521 -0.013300049750228436 -0.0096258150931360364 0.0008299583314080798
leaf_weight=21.975723627954721 104.55734736099839 49.719982355833054 23.812536459416151 22.415479153394699 30.197246141731739 30.606431193649769 42.17410995811224 69.788117684423923 34.320318710058928 36.833627372980118 264.46260473132133 38.692759588360786 51.744632918387651 587.72627073526382
leaf_count=192 696 260 153 144 156 171 250 335 194 159 1535 316 342 4276
internal_value=-0.000238162 -0.00221857 -0.00638922 0.000318016 -0.00266852 -0.0103091 0.00622965 0.00125565 0.00736996 -0.0087398 0.000681014 -0.00656285 0.00120062 -8.42167e-05
internal_weight=1409.03 444.425 165.204 279.222 187.328 60.8037 91.8941 126.524 56.7358 141.391 964.602 60.6685 903.934 639.471
internal_count=9179 2518 1008 1510 1000 327 510 673 338 855 6661 508 6153 4618
is_linear=0
shrinkage=0.03


Tree=173
num_leaves=15
num_cat=0
split_feature=4 4 1 8 18 11 4 4 7 13 7 16 8 13
split_gain=2.46115 4.61962 2.90615 6.14378 5.23012 4.57926 4.28461 7.81299 6.98477 5.57265 4.64894 4.35346 4.75165 5.41507
threshold=6.3802109374958755 6.2663935011327005 1.0000000180025095e-35 51.150000000000013 152.50000000000003 0.95000000000000007 5.5621381532263205 5.6126058646306207 3.1500000000000008 6.2500000000000009 1.5500000000000003 5.3950650364007915 67.850000000000009 5.7500000000000009
decision_type=2 2 2 2 10 2 2 2 2 2 2 8 2 2
left_child=1 2 3 -1 -5 -6 9 8 -8 10 -4 -9 13 -13
right_child=-2 -3 6 4 5 -7 7 11 -10 -11 -12 12 -14 -15
leaf_value=0.010697202777634834 -0.0086587795800206115 0.0085356238938964785 0.0007186920060209415 0.0024250913069685243 0.0064133234387077883 -0.0069677515490795651 0.023583560943242099 -0.0058529947645733554 -0.0018644360279302676 0.008253875768331087 -0.011953547583101977 -0.002223945490315871 0.0063525377864152473 0.0093417241901703578
leaf_weight=52.365519434213638 25.153132289648056 49.884480819106102 35.638964708894491 310.76692852750421 24.349214933812618 114.40377909317613 17.339390940964222 137.33249389380217 15.962595678865908 17.03869154304266 86.683628596365452 405.34962210059166 84.890310436487198 35.049012273550034
leaf_count=284 103 208 395 2282 159 802 127 798 122 178 944 2114 492 197
internal_value=-0.000179602 4.70916e-06 -0.000344157 0.00145134 0.000268445 -0.00447817 -0.00142521 -0.000446196 0.0127346 -0.0061293 -0.00837823 -0.00119904 6.14066e-05 -0.00120896
internal_weight=1412.21 1387.05 1337.17 501.885 449.52 138.753 835.285 695.923 33.302 139.361 122.323 662.621 525.289 440.399
internal_count=9205 9102 8894 3527 3243 961 5367 3850 249 1517 1339 3601 2803 2311
is_linear=0
shrinkage=0.03


Tree=174
num_leaves=15
num_cat=0
split_feature=9 11 23 4 11 7 11 11 5 15 9 12 11 8
split_gain=4.84765 2.89499 3.84275 4.867 3.64925 2.54043 5.15614 3.31866 3.93905 5.09856 7.74214 5.79595 4.54555 4.19593
threshold=8.3150000000000031 0.35000000000000003 3.5500000000000003 5.6999564659931226 0.45000000000000007 5.3500000000000005 7.3500000000000005 5.6500000000000012 53.750000000000007 27.350000000000005 3.2050000000000005 70.950000000000017 3.4500000000000006 68.65000000000002
decision_type=2 2 2 2 2 2 2 2 2 8 2 2 2 2
left_child=1 2 3 -1 -3 -6 7 8 12 13 11 -11 -7 -10
right_child=-2 4 -4 -5 5 6 -8 -9 9 10 -12 -13 -14 -15
leaf_value=-0.0016470486757482945 0.013302331940865674 0.010447230412590115 0.0028983766473304508 -0.019577956323869244 0.00061463249182339998 -0.0017623749647029576 0.0084965524051774759 -0.010313709358716183 -0.010165923077148678 0.0040505103336846808 0.014612251184839357 -0.0139844265804483 0.012269011532129021 0.0024099069133374285
leaf_weight=29.849823620170355 18.79049625992775 24.377949044108391 28.029339030385017 21.736474111676216 910.69668887928128 55.110563896596432 31.526737477630377 48.125156968832016 109.5432522110641 31.409392140805721 23.469774037599564 24.536147624254227 27.383494835346937 28.044440813362598
leaf_count=258 85 153 151 122 6231 275 183 280 660 185 131 149 136 204
internal_value=-0.000126595 -0.000354533 -0.00573314 -0.0102648 -8.20231e-06 -0.000245387 -0.00229222 -0.00337729 -0.00211165 -0.0042088 0.00178212 -0.00435749 0.00333024 -0.00760798
internal_weight=1412.63 1393.84 79.6156 51.5863 1314.22 1289.85 379.149 347.622 299.497 217.003 79.4153 55.9455 82.4941 137.588
internal_count=9203 9118 531 380 8587 8434 2203 2020 1740 1329 465 334 411 864
is_linear=0
shrinkage=0.03


Tree=175
num_leaves=15
num_cat=0
split_feature=5 5 5 5 5 9 8 4 7 23 11 8 4 8
split_gain=2.56589 3.87366 3.50471 3.69853 5.4989 4.27888 3.1594 3.17555 2.73231 2.65618 4.43247 4.60162 7.2331 6.39802
threshold=45.95000000000001 47.850000000000001 49.650000000000013 51.650000000000013 52.150000000000013 3.7450000000000006 43.150000000000013 4.2920000602747415 3.2500000000000004 4.1500000000000012 2.6500000000000008 50.150000000000013 5.5460031614459471 71.550000000000011
decision_type=2 2 2 2 2 2 2 2 2 2 2 2 2 2
left_child=-1 -2 -3 5 -5 8 -6 -8 -4 10 -9 -12 -13 -14
right_child=1 2 3 4 6 -7 7 9 -10 -11 11 12 13 -15
leaf_value=0.0067067364108970295 -0.0093599577575306913 0.0075088015523126625 0.0062046792348379003 0.013076769830180895 -0.010577493422848402 -0.015947105573119132 -0.011267308666558694 -0.0028284275065769728 -0.0065044129095365435 0.0030468546767786525 -0.0076699355001059871 -0.0023006465841361704 0.0035262765438190615 0.017286939976223346
leaf_weight=46.671041533350945 34.5170933380723 51.117635905742645 21.41972291469574 24.413673765957355 20.138049945235252 22.667107861489058 16.441321197897196 379.21087336912751 31.172904275357723 255.8214546404779 40.748968780040741 182.84508612751961 251.49952071160078 30.436400726437569
leaf_count=224 176 258 127 136 97 117 220 2684 163 1350 226 1729 1466 191
internal_value=0.000144696 -0.000103789 0.000171015 -0.000150899 0.000264508 -0.00638636 -5.54017e-05 0.000172465 -0.00123901 0.000385829 -0.000396401 0.00143776 0.0023094 0.00528716
internal_weight=1409.12 1362.45 1327.93 1276.82 1201.56 75.2597 1177.14 1157 52.5926 1140.56 884.741 505.53 464.781 281.936
internal_count=9164 8940 8764 8506 8099 407 7963 7866 290 7646 6296 3612 3386 1657
is_linear=0
shrinkage=0.03


Tree=176
num_leaves=15
num_cat=0
split_feature=24 0 8 10 8 10 4 8 16 4 15 8 10 15
split_gain=2.76201 2.86744 3.89229 3.99399 2.62767 6.28811 6.00587 4.61324 3.08424 3.02827 4.21199 3.03639 2.99766 2.9302
threshold=1.0000000180025095e-35 1.5000000000000002 64.050000000000011 0.36500000000000005 71.550000000000011 1.675 5.5880637467126633 69.750000000000014 3.7275409828871884 5.1537630488764057 11.850000000000003 60.350000000000001 0.76500000000000012 7.0500000000000007
decision_type=2 2 2 2 2 2 2 2 8 2 10 2 2 8
left_child=1 2 -1 -4 7 6 8 9 -6 10 11 -3 -10 -11
right_child=-2 4 3 -5 5 -7 -8 -9 12 13 -12 -13 -14 -15
leaf_value=0.0039491202697621965 0.0070493070522717922 0.00044551066365555638 0.0013071967419069131 -0.015351328900229735 0.0096903343113316515 -0.011419877152565133 0.012692329661414009 -0.0085768688157198646 -0.0090282965165791439 -0.0041580833316526115 -0.0062419599463580848 0.017232034923843068 0.0052197009210277001 0.00047089189920579606
leaf_weight=23.742965757846832 45.745042383670807 15.010660655796526 18.376716502010822 33.649643287062645 15.57566314563155 16.00555208325386 61.567245081067085 51.504344563931227 31.148330368101597 137.2313409075141 12.854787215590475 23.875528573989868 16.927849259227514 909.10681692510843
leaf_count=286 208 131 254 444 146 109 360 379 287 906 125 232 151 5192
internal_value=0.000176681 -7.82338e-05 -0.00556221 -0.00986851 0.000263891 0.00405196 0.00639213 -0.000217 -0.000182311 0.000212211 0.00696234 0.0115412 -0.00399239 -0.000153104
internal_weight=1412.32 1366.58 75.7693 52.0264 1290.81 141.225 125.219 1149.58 63.6518 1098.08 51.741 38.8862 48.0762 1046.34
internal_count=9210 9002 984 698 8018 1053 944 6965 584 6586 488 363 438 6098
is_linear=0
shrinkage=0.03


Tree=177
num_leaves=15
num_cat=0
split_feature=4 4 5 10 5 23 5 10 13 7 10 7 16 18
split_gain=2.91826 5.28024 2.78269 2.48086 5.19108 4.59074 4.18536 3.53353 3.50184 3.23625 7.95917 6.50115 7.7374 4.59882
threshold=6.3802109374958755 6.2663935011327005 77.15000000000002 0.18500000000000003 61.650000000000013 1.6500000000000001 57.050000000000004 0.30500000000000005 4.0500000000000007 1.4500000000000002 1.0250000000000001 0.45000000000000007 5.5358881356258705 27.500000000000004
decision_type=2 2 2 2 2 2 2 2 2 2 2 2 10 10
left_child=1 2 3 4 6 -6 8 -5 -1 10 11 -9 -13 -12
right_child=-2 -3 -4 7 5 -7 -8 9 -10 -11 13 12 -14 -15
leaf_value=0.0027519690936093581 -0.0095480666418523621 0.0089638066415374893 0.0095170049727180163 0.0045298267914060698 0.001186234627434501 -0.015045647505767278 0.0076263118378140666 -0.014072480943441386 -0.010936437454056515 -0.0017369345297659445 0.011140212590272121 0.0074037501991254797 -0.009672239480293528 -0.004067979072909891
leaf_weight=29.285471294075251 25.927027210593224 49.065572932362556 19.06191997975111 117.98480081558228 21.519979942589998 46.688084814697504 37.761524986475706 29.121588565409184 29.996199771761894 806.14894917607307 84.144567314535379 60.052695851773024 32.792031548917294 19.614152871072292
leaf_count=161 106 205 176 808 220 382 269 220 199 5104 526 482 198 132
internal_value=-0.000433529 -0.000228915 -0.000599192 -0.000781313 -0.00416144 -0.0101932 0.00036976 -0.000279626 -0.00448621 -0.000848732 0.00229227 -0.00286749 0.00118658 0.00821046
internal_weight=1409.16 1383.24 1334.17 1315.11 165.251 68.2081 97.0432 1149.86 59.2817 1031.87 225.725 121.966 92.8447 103.759
internal_count=9188 9082 8877 8701 1231 602 629 7470 360 6662 1558 900 680 658
is_linear=0
shrinkage=0.03


Tree=178
num_leaves=15
num_cat=0
split_feature=9 11 23 11 4 5 8 10 4 13 9 4 11 16
split_gain=3.15146 2.48001 4.19859 3.79222 3.32694 3.49716 2.80554 6.98872 6.08851 20.3847 5.86777 4.40581 5.6735 5.08627
threshold=8.3150000000000031 0.35000000000000003 3.5500000000000003 0.45000000000000007 5.6999564659931226 61.95000000000001 69.450000000000017 1.6650000000000003 5.1945906263027615 4.5500000000000007 3.8650000000000007 5.5753558576740643 2.0500000000000003 5.4439314323249937
decision_type=2 2 2 2 2 2 2 2 2 2 2 2 2 10
left_child=1 2 4 -3 5 -1 8 10 9 -5 11 -8 -13 -14
right_child=-2 3 -4 6 -6 -7 7 -9 -10 -11 -12 12 13 -15
leaf_value=0.0056437749181047258 0.010936355339735115 0.010641912868346284 0.0038012175973927329 -0.008367414606007182 -0.017893600581133633 -0.0122677180391873 -0.0071529275527480469 -0.016753122065719647 -6.1140805705717436e-05 0.018207600943055104 0.010391713720195645 -0.0092934460932838324 -0.0032622642850005591 0.015087854004998945
leaf_weight=17.313953887671236 18.9872135668993 26.082520000636578 28.358225017786026 39.909873999655247 20.520870797336102 12.812407150864599 97.708316922187805 24.014389354735613 973.344970587641 58.854057136923075 29.386598289012909 20.738108485937119 20.306229222565889 28.613874137401581
leaf_count=137 85 162 152 413 117 127 1011 172 5650 594 207 122 130 163
internal_value=0.000154507 -3.0387e-05 -0.00502873 0.000286874 -0.00987009 -0.0026357 3.77784e-05 -0.00300309 0.000674985 0.00758307 -0.000951259 -0.00318655 0.00248345 0.00787472
internal_weight=1416.95 1397.96 79.0055 1318.96 50.6472 30.1264 1292.88 220.768 1072.11 98.7639 196.753 167.367 69.6582 48.9201
internal_count=9242 9157 533 8624 381 264 8462 1805 6657 1007 1633 1426 415 293
is_linear=0
shrinkage=0.03


Tree=179
num_leaves=15
num_cat=0
split_feature=24 5 6 11 23 6 7 4 16 6 16 0 15 15
split_gain=3.53007 3.02477 5.05413 7.50494 4.98426 7.14873 8.84433 9.46848 6.0641 5.54926 4.94032 4.73808 4.61531 5.08455
threshold=1.0000000180025095e-35 56.95000000000001 5.7500000000000009 5.8500000000000005 1.8500000000000003 6.5500000000000007 2.4500000000000006 5.4243776387234393 3.7715139837605842 7.5500000000000007 3.4133835885335388 7.5000000000000009 24.450000000000003 10.850000000000003
decision_type=2 2 2 2 2 2 2 2 8 2 10 2 8 10
left_child=1 2 3 11 12 8 10 -8 -6 -9 -7 -1 13 -3
right_child=-2 4 -4 -5 5 6 7 9 -10 -11 -12 -13 -14 -15
leaf_value=-0.002415963097678408 0.0078613886049089358 0.0062202048733886132 -0.0038486227498336235 -0.011848699066151996 0.0072992696602894834 -0.0032118004081164104 -0.014844946291294623 0.012774525944899126 -0.006344857582663556 -0.00097698903232393058 0.01024788818891465 0.01041246141138384 0.0091451964703250267 -0.0047190835935405359
leaf_weight=36.589929286390543 46.240758419036865 73.266708761453629 360.26182884350419 20.623887941241264 29.666602030396461 28.0794174708426 35.399976689368486 25.892898075282574 210.37790222465992 178.33211079984903 118.90444183349609 72.154639005661011 103.22831781953573 69.898092739284039
leaf_count=314 211 694 1938 134 266 216 327 145 1484 968 719 338 847 587
internal_value=0.000131061 -0.000159039 -0.0020348 0.00297153 0.00089854 -0.000529078 0.00199002 -0.0015706 -0.00454408 0.00103013 0.00765551 0.00617955 0.00446772 0.000900245
internal_weight=1408.92 1362.68 489.63 129.368 873.046 626.653 386.609 239.625 240.045 204.225 146.984 108.745 246.393 143.165
internal_count=9188 8977 2724 786 6253 4125 2375 1440 1750 1113 935 652 2128 1281
is_linear=0
shrinkage=0.03


Tree=180
num_leaves=15
num_cat=0
split_feature=5 5 5 0 7 16 11 16 16 5 5 5 9 11
split_gain=2.44733 2.29286 4.20198 3.15714 3.93459 3.00571 5.93274 5.75296 3.97174 2.84028 5.83619 5.44524 3.91643 4.39373
threshold=77.15000000000002 45.95000000000001 47.850000000000001 8.5000000000000018 13.950000000000001 5.7339964818670781 2.4500000000000006 5.9100496596324232 5.682616128751742 56.95000000000001 55.350000000000001 57.550000000000004 3.9950000000000006 2.9500000000000006
decision_type=2 2 2 2 2 10 2 10 10 2 2 2 2 2
left_child=1 -1 -3 9 5 8 -7 -8 -5 10 12 -11 13 -4
right_child=-2 2 3 4 -6 6 7 -9 -10 11 -12 -13 -14 -15
leaf_value=0.006002247125494433 0.0093542585290450724 -0.010066842534370242 -0.0048211590548509851 0.0023135793346763882 -0.0088200807563391156 -0.0091577812612762041 -0.0029443205138732034 0.011835784387249039 0.0119068216047738 0.013253270185055758 -0.013427197257131625 -0.0010447882802211872 -0.011941824418807642 0.0076641360035123469
leaf_weight=47.501398801803589 19.813228897750378 34.199236311018467 44.557510733604431 388.7634484320879 26.651578649878502 53.182526633143425 55.783817753195763 34.385916113853455 38.818195804953575 20.067065481096506 45.280149646103382 546.1007154583931 18.700737982988358 47.329839300364256
leaf_count=227 182 176 341 1752 123 239 248 153 174 147 358 4648 137 355
internal_value=1.47176e-05 -0.000150122 -0.000387282 -9.93747e-05 0.00150674 0.00206119 -0.0016557 0.00301773 0.00331206 -0.00142988 -0.00494823 -0.00042643 -0.00104588 0.00167347
internal_weight=1421.14 1401.32 1353.82 1319.62 597.585 570.934 143.352 90.1697 427.582 722.036 155.868 566.168 110.588 91.8874
internal_count=9260 9078 8851 8675 2689 2566 640 401 1926 5986 1191 4795 833 696
is_linear=0
shrinkage=0.03


Tree=181
num_leaves=15
num_cat=0
split_feature=5 12 4 4 16 16 5 15 8 13 16 5 6 7
split_gain=2.55809 2.67591 2.25413 4.14797 2.35104 3.22056 5.39164 9.3925 5.39321 9.1568 5.44579 5.62934 5.18897 5.89145
threshold=77.15000000000002 87.850000000000009 6.3802109374958755 6.2663935011327005 6.0394864804899884 5.4923076668908521 64.050000000000011 6.7500000000000009 61.650000000000013 3.6500000000000008 5.5944229380314097 55.150000000000013 7.5500000000000007 2.5500000000000003
decision_type=2 2 2 2 10 10 2 10 2 2 10 2 2 2
left_child=1 2 3 4 5 12 8 -8 -7 -10 -11 -12 -1 -14
right_child=-2 -3 -4 -5 -6 6 7 -9 9 10 11 -13 13 -15
leaf_value=0.0012649602627196207 0.0096928596096777578 0.010066784071432605 -0.0082931613056649329 0.008229738369791937 -0.0072461847049907352 -0.0027698254922442307 -0.010243136640492683 0.010814514401013484 0.013754765272504223 0.010017807895183292 0.0052823683729863674 -0.010777467979643868 0.00090944730353907297 -0.0065975601546778536
leaf_weight=368.25829192996025 20.23734937235713 18.625094309449196 24.686215668916702 48.770416662096977 37.103458754718304 236.86010743677616 19.070216286927462 101.29938623309135 53.725055478513241 24.343322947621346 27.098815754055977 48.870973635464907 152.53476953133941 236.05101286992431
leaf_count=2927 185 120 101 204 215 1199 141 631 294 152 160 319 1083 1508
internal_value=0.00022674 5.55679e-05 -0.000115566 6.34934e-05 -0.000271886 -4.01696e-05 0.00178935 0.00720288 5.24375e-05 0.0043428 -0.00111172 -0.0050764 -0.00127969 -0.00367665
internal_weight=1417.53 1397.3 1378.67 1353.99 1305.22 1268.11 511.268 120.37 390.898 154.038 100.313 75.9698 756.844 388.586
internal_count=9239 9054 8934 8833 8629 8414 2896 772 2124 925 631 479 5518 2591
is_linear=0
shrinkage=0.03


Tree=182
num_leaves=15
num_cat=0
split_feature=24 11 4 0 11 6 6 4 7 13 11 4 4 18
split_gain=2.22099 2.66497 5.10049 4.85704 4.71437 3.32025 3.4322 3.42173 6.28443 5.53376 4.79019 3.53796 10.5182 4.43913
threshold=1.0000000180025095e-35 0.35000000000000003 5.715876377430587 5.5000000000000009 0.45000000000000007 23.950000000000003 20.850000000000005 6.0705791782984067 5.1500000000000012 4.3500000000000005 4.2500000000000009 5.6217281388607301 5.5880637467126633 152.50000000000003
decision_type=2 2 2 2 2 2 2 2 2 2 2 2 2 8
left_child=1 2 3 -1 -3 6 7 11 9 10 -9 12 13 -6
right_child=-2 4 -4 -5 5 -7 -8 8 -10 -11 -12 -13 -14 -15
leaf_value=-0.0057198092451610436 0.0064003697763310129 0.012144959654309541 -0.012177572537465462 0.01411279290076585 0.0064400690395869549 -0.0054382387850614496 0.0081474496419755502 0.017517599748743635 -0.0021971864230241984 -0.0020207256138965804 0.002101340256200338 -0.0024212111369089889 0.015213291614477945 -0.0016429371255383054
leaf_weight=22.351514380425215 45.255960330367088 24.589727908372879 39.2915408462286 13.953740037977694 69.144369758665562 87.658350355923176 45.042310051620007 49.997573897242546 91.068049632012844 32.453346431255341 29.326896592974663 484.03889554366469 38.897656001150608 344.03636911511421
leaf_count=238 207 150 206 74 635 453 245 213 393 142 125 2786 249 3118
internal_value=0.000206124 -2.07187e-05 -0.00531434 0.00268839 0.000307236 3.16654e-05 0.000457798 0.000119416 0.00360265 0.00821967 0.0122806 -0.000650491 0.00125116 -0.000229446
internal_weight=1417.11 1371.85 75.5968 36.3053 1296.25 1271.66 1184.01 1138.96 202.846 111.778 79.3245 936.117 452.078 413.181
internal_count=9234 9027 518 312 8509 8359 7906 7661 873 480 338 6788 4002 3753
is_linear=0
shrinkage=0.03


Tree=183
num_leaves=15
num_cat=0
split_feature=12 7 12 5 5 15 15 5 12 4 7 4 4 20
split_gain=2.65662 5.49806 4.828 4.71384 4.11706 3.93784 5.34882 3.69696 6.37903 7.68713 4.18887 3.58797 4.65346 3.54844
threshold=64.550000000000011 10.050000000000002 64.850000000000009 45.95000000000001 47.850000000000001 31.750000000000004 24.250000000000004 59.550000000000004 61.050000000000004 5.8114573652474384 6.2500000000000009 5.036656828115194 4.8191849826685731 1.0000000180025095e-35
decision_type=2 2 2 2 2 10 10 2 2 2 2 2 2 2
left_child=1 5 -2 -4 -5 6 7 8 13 -10 11 12 -9 -1
right_child=2 -3 3 4 -6 -7 -8 10 9 -11 -12 -13 -14 -15
leaf_value=0.00074312555056889806 0.014278548767547068 -0.01208921556645196 0.010838309496771203 -0.011432520113337896 0.00058383568279022887 -0.0080378072186320197 0.0094288296032582 -0.0068004322601772629 0.020101919846737856 -0.00081663496027470112 0.0067245061181420507 -0.0075655863125814711 0.015640740294123268 -0.012190014379058565
leaf_weight=82.48574498668313 19.158859834074974 36.906231552362442 34.382058523595333 21.450130827724934 857.83371469378471 52.419867999851704 46.140478696674109 13.143602441996338 27.192183267325163 30.333631090819836 24.60841791331768 132.67298271134496 10.899906352162359 19.649199094623327
leaf_count=506 125 194 163 111 5683 272 250 163 193 147 182 967 120 116
internal_value=0.000108067 -0.00170383 0.00103767 0.000683814 0.000227711 -0.000705662 0.000376998 -0.00096641 0.00232483 0.00988824 -0.00384904 -0.00566593 0.00431428 -0.0021978
internal_weight=1409.28 476.452 932.825 913.666 879.284 439.546 387.126 340.986 159.661 57.5258 181.325 156.716 24.0435 102.135
internal_count=9192 3110 6082 5957 5794 2916 2644 2394 962 340 1432 1250 283 622
is_linear=0
shrinkage=0.03


Tree=184
num_leaves=15
num_cat=0
split_feature=8 23 12 12 5 4 12 16 11 4 23 12 9 8
split_gain=2.56635 4.51207 3.7621 4.38259 3.32095 2.77266 3.63363 5.82119 2.97026 2.4557 2.21431 6.17508 5.36585 4.58455
threshold=53.95000000000001 2.4500000000000006 71.850000000000009 62.050000000000004 65.050000000000011 5.8195837339240084 67.15000000000002 5.6493279831109291 2.4500000000000006 6.0705791782984067 2.3500000000000001 53.250000000000007 0.68500000000000016 66.750000000000014
decision_type=2 2 2 2 2 2 2 10 2 2 2 2 2 2
left_child=1 2 3 -1 5 8 9 -8 -3 -7 11 -2 13 -13
right_child=10 4 -4 -5 -6 6 7 -9 -10 -11 -12 12 -14 -15
leaf_value=-0.0080951144221839827 0.015014407032827691 0.0020157590590079129 -0.011710380394570379 0.0080840691729087456 -0.0037977557061561972 -0.0077639245192873234 0.00085058326626597988 0.016842830420203216 0.016479042882847104 0.0031141440326497116 -0.0017089758992658857 0.012015115837261088 -0.0017169303680413827 -0.0015419427931639147
leaf_weight=21.414085380733013 21.703735109418631 21.550301499664783 27.181869439780712 30.229387581348419 33.923062887042761 27.448896951973438 48.926348365843296 30.956442415714264 33.181698054075241 39.553837299346924 677.44599248096347 49.85849591717124 314.89004767686129 36.267043501138687
leaf_count=132 165 121 170 186 186 128 214 137 195 167 4160 377 2530 352
internal_value=3.39743e-05 0.00240257 -0.00364914 0.00125296 0.00446158 0.00590952 0.00354407 0.00767502 0.0114297 -0.00157194 -0.000650647 0.00104557 0.000113963 0.00653494
internal_weight=1414.53 314.366 78.8253 51.6435 235.541 201.618 146.886 79.8828 54.732 67.0027 1100.17 422.719 401.016 86.1255
internal_count=9220 1636 488 318 1148 962 646 351 316 295 7584 3424 3259 729
is_linear=0
shrinkage=0.03


Tree=185
num_leaves=15
num_cat=0
split_feature=16 5 8 5 4 23 8 23 4 23 16 5 10 11
split_gain=3.38425 2.53493 5.52876 7.73051 4.57332 5.07833 5.19397 7.53118 7.13635 6.02319 4.62936 4.25523 5.20441 5.85391
threshold=6.0394864804899884 57.050000000000004 50.150000000000013 65.050000000000011 5.9758573830623991 1.8500000000000003 69.350000000000009 1.0500000000000003 5.1817821481450785 0.8500000000000002 5.4004040358472851 55.150000000000013 0.62500000000000011 1.4500000000000002
decision_type=10 2 2 2 2 2 2 2 2 2 8 2 2 2
left_child=1 11 3 -3 5 6 7 9 -9 -4 -10 12 -1 -14
right_child=-2 2 4 -5 -6 -7 -8 8 10 -11 -12 -13 13 -15
leaf_value=0.0045012513298418096 -0.0082995722235536251 0.0003624700928300699 0.0051107523549688691 -0.018550695381395931 0.0069822974716619961 -0.00086175070214591454 -0.0021928398994739361 0.026935216749990908 -0.0027717146406911588 -0.013618744841209772 0.012561612268340235 -0.0063835909767120391 0.0062630378481941598 -0.005014240493561738
leaf_weight=146.62285767123103 37.102861739695072 58.550588317215443 49.189524576067924 23.987632170319557 135.69266417622566 440.05851709097624 67.889367908239365 20.186560548841953 24.665440317243338 16.619490925222635 46.457115791738033 112.03706702589989 48.342104397714138 185.80418414622545
leaf_count=828 217 299 452 145 615 3229 664 200 197 147 314 686 254 971
internal_value=7.94373e-05 0.000334583 0.00129391 -0.00587978 0.00206523 0.00101739 0.00463137 0.00755674 0.0129018 -0.000246877 0.00741121 -0.00138061 0.000155114 -0.00260366
internal_weight=1413.21 1376.1 883.297 82.5382 800.759 665.066 225.008 157.118 91.3091 65.809 71.1226 492.806 380.769 234.146
internal_count=9218 9001 6262 444 5818 5203 1974 1310 711 599 511 2739 2053 1225
is_linear=0
shrinkage=0.03


Tree=186
num_leaves=15
num_cat=0
split_feature=24 10 10 5 11 10 9 15 13 10 4 5 1 13
split_gain=2.31609 2.01121 5.46381 5.11104 7.98605 4.83213 4.30228 3.91047 4.40903 5.42622 5.31779 4.74519 5.1512 8.08255
threshold=1.0000000180025095e-35 0.18500000000000003 0.30500000000000005 61.650000000000013 4.8500000000000005 0.49500000000000005 0.52500000000000013 50.250000000000007 3.8500000000000001 1.3350000000000002 5.3332788939985916 65.250000000000014 1.0000000180025095e-35 5.9500000000000011
decision_type=2 2 2 2 2 2 2 10 2 2 2 2 2 2
left_child=1 3 6 4 -1 -4 -3 8 9 10 -7 12 13 -10
right_child=-2 2 5 -5 -6 7 -8 -9 11 -11 -12 -13 -14 -15
leaf_value=-0.0039099113886562247 0.0064422763007628151 -0.005970259907901781 -0.0050389463654808234 -0.0089253895715185258 0.014102688895207903 -0.011654191258017197 0.0086890568779048587 0.01059311488678146 0.007728078735993028 -0.0070432069145892123 0.0023220450274506915 0.0063975157404928791 -0.0024464575970305326 -0.01055152850046996
leaf_weight=71.27169394493103 46.058576121926308 18.005950521677732 160.17328307777643 70.959458690136671 26.276701144874096 23.074626412242651 101.31880878657103 28.523368053138256 118.72261120378971 135.12296139448881 187.9995461255312 144.51193951442838 251.36695661395788 21.874485399574041
leaf_count=456 211 141 1139 631 166 231 687 127 775 713 1019 1171 1544 168
internal_value=0.000169507 -6.58881e-05 0.000372347 -0.003084 0.0013932 -0.000317034 0.00632584 0.00053597 0.000153138 -0.0024657 0.000559838 0.00185029 0.000114318 0.0046194
internal_weight=1405.26 1359.2 1190.69 168.508 97.5484 1071.37 119.325 911.196 882.673 346.197 211.074 536.476 391.964 140.597
internal_count=9179 8968 7715 1253 622 6887 828 5748 5621 1963 1250 3658 2487 943
is_linear=0
shrinkage=0.03


Tree=187
num_leaves=15
num_cat=0
split_feature=16 11 13 11 16 6 24 16 23 12 11 10 8 16
split_gain=2.17078 5.82127 7.11138 10.4527 3.80731 3.75217 3.54124 2.95165 5.64903 5.98339 4.71464 6.2038 4.06041 3.63634
threshold=5.8197412955975762 3.3500000000000001 3.5500000000000003 4.7500000000000009 5.981675882704967 6.3500000000000005 1.0000000180025095e-35 5.6293876471539361 3.8500000000000001 70.550000000000011 4.4500000000000011 0.87500000000000011 68.15000000000002 5.5922422850595153
decision_type=10 2 2 2 10 2 2 10 2 2 2 2 2 10
left_child=6 4 -3 -4 5 -2 7 13 10 -10 12 -12 -9 -1
right_child=1 2 3 -5 -6 -7 -8 8 9 -11 11 -13 -14 -15
leaf_value=-0.00043738444538106804 -0.0075542615074432901 0.018728731610368247 0.014804566702640898 -0.0086177588736880938 -0.0097508826075045456 0.0069002388943882028 0.0078214044715636481 -0.013938980766219824 -0.004337549773125499 0.010992089346126135 0.0099569320698199328 -0.010177943446154195 0.00070719531761896312 0.0073289142478171051
leaf_weight=906.83055522292852 19.454694554209709 31.37786003947258 25.498823665082455 34.306604437530041 32.253554902970791 43.633105993270874 40.489096865057945 75.88304215669632 48.924805164337158 35.18161940574646 24.670680940151215 20.719860352575779 20.989196814596653 52.6930509544909
leaf_count=6412 123 159 142 200 180 231 187 465 234 167 151 121 140 298
internal_value=6.62004e-05 0.00303713 0.00825609 0.00174039 -0.0021169 0.00221542 -0.000396157 -0.000708383 -0.00374992 0.0023318 -0.00730255 0.000667857 -0.0108867 2.48899e-05
internal_weight=1412.91 186.525 91.1833 59.8054 95.3414 63.0878 1226.38 1185.89 226.369 84.1064 142.263 45.3905 96.8722 959.524
internal_count=9210 1035 501 342 534 354 8175 7988 1278 401 877 272 605 6710
is_linear=0
shrinkage=0.03


Tree=188
num_leaves=15
num_cat=0
split_feature=23 1 15 4 4 23 4 15 8 8 4 5 10 15
split_gain=2.13367 1.98846 3.12355 3.83076 2.82287 6.542 5.33763 4.51473 4.28705 4.23424 4.77301 8.43531 3.35483 7.65791
threshold=7.2500000000000009 1.0000000180025095e-35 25.850000000000005 5.4855766362938461 5.5621381532263205 2.0500000000000003 5.6126058646306207 13.950000000000001 60.45000000000001 65.15000000000002 5.1879083097535901 63.850000000000001 1.6050000000000002 32.150000000000013
decision_type=2 2 10 2 2 2 2 10 2 2 2 2 2 10
left_child=1 2 -1 -4 5 8 7 -6 -3 -10 -11 -12 -8 -14
right_child=-2 4 3 -5 6 -7 12 -9 9 10 11 -13 13 -15
leaf_value=0.0009346441173358112 0.0092686126893218711 0.011716719459310531 -0.00080208751026850718 0.016063196606696192 -0.00061385010715221645 -0.01135169830226661 0.00055782974757899017 0.020262962673210407 -0.013927369518071931 -0.0090161242102941904 0.024407529988485555 -0.0062784779944696761 -0.0080148903155991789 0.0080656653416662782
leaf_weight=449.14590298011899 18.810671135783195 20.381651844829321 20.342032842338085 23.42204062640667 16.133327670395374 61.858722660690546 575.80297666788101 16.19628993421793 15.991758599877356 15.094156879931687 11.521280676126482 12.594835780560969 113.55942276120186 30.014415934681892
leaf_count=3226 90 199 148 104 136 680 3111 106 172 195 119 137 576 138
internal_value=0.000364004 0.000209833 0.0017286 0.00894557 -0.000637072 -0.00450938 9.60609e-05 0.0111581 0.00144735 -0.0030025 0.00252438 0.0100554 -0.000474666 -0.00449491
internal_weight=1400.87 1382.06 492.91 43.7641 889.149 137.442 751.706 32.3296 75.5837 55.202 39.2103 24.1161 719.377 143.574
internal_count=9137 9047 3478 252 5569 1502 4067 242 822 623 451 256 3825 714
is_linear=0
shrinkage=0.03


Tree=189
num_leaves=15
num_cat=0
split_feature=9 9 11 7 10 9 12 23 6 4 5 4 8 8
split_gain=3.62902 4.00068 4.06849 2.68609 8.38584 10.5003 10.617 4.68857 4.60221 4.33536 6.07748 5.6566 4.84835 4.94323
threshold=8.3150000000000031 5.7650000000000006 2.4500000000000006 1.5500000000000003 1.0250000000000001 1.385 72.65000000000002 2.2500000000000004 9.8500000000000032 5.4556312110748939 70.750000000000014 5.6422052461077703 69.550000000000011 56.150000000000013
decision_type=2 2 2 2 2 2 2 2 2 2 2 2 2 2
left_child=1 3 -3 4 5 6 -1 -7 -9 10 12 -11 13 -5
right_child=-2 2 -4 9 -6 7 -8 8 -10 11 -12 -13 -14 -15
leaf_value=-2.6713576567799289e-05 0.012257629593814889 0.0016704725474896535 -0.011965789469533819 -0.0077629515891092845 0.009717167884379754 0.00085700366507128923 0.022948755869614902 -0.017403998563661937 -0.0016029424675780566 0.005993371220218268 -0.014406486205376103 -0.00022982607308544886 -0.0087863407053679343 0.0044815928313995564
leaf_weight=52.871098753064871 18.489364229142666 32.508141424506903 41.036184094846249 34.747077528387308 107.77387729659677 49.509492430835962 22.516427289694548 37.307127553969622 29.112838245928288 161.77754382416606 33.766172427684069 619.03736053407192 52.481185730546713 113.13830021396279
leaf_count=418 82 171 234 267 692 430 174 259 173 1104 347 3223 566 1036
internal_value=0.000563193 0.000363915 -0.00621564 0.000754326 0.00322761 -0.000582514 0.00783606 -0.00615466 -0.0110753 1.32352e-05 -0.00352374 0.00108949 -0.00138365 0.00144483
internal_weight=1406.07 1387.58 73.5443 1314.04 299.091 191.317 75.3875 115.929 66.42 1014.95 234.133 780.815 200.367 147.885
internal_count=9176 9094 405 8689 2146 1454 592 862 432 6543 2216 4327 1869 1303
is_linear=0
shrinkage=0.03


Tree=190
num_leaves=15
num_cat=0
split_feature=12 7 16 7 13 12 7 11 12 11 11 0 4 13
split_gain=2.54776 4.91067 3.78971 3.3043 7.55369 5.80635 5.65958 5.98337 4.59613 4.21997 2.97837 2.74807 3.02578 8.43912
threshold=53.250000000000007 2.8500000000000001 5.3810382390117431 8.8500000000000032 4.4500000000000011 63.250000000000007 7.0500000000000007 5.0500000000000007 67.65000000000002 4.4500000000000011 0.15000000000000005 18.500000000000004 5.1945906263027615 4.5500000000000007
decision_type=2 2 10 2 2 2 2 2 2 2 2 2 2 2
left_child=1 -1 -3 6 5 -5 10 8 -8 -7 -2 12 13 -12
right_child=3 2 -4 4 -6 9 7 -9 -10 -11 11 -13 -14 -15
leaf_value=0.012669942861537544 -0.0085758910276638803 -0.0099040309001066362 0.0065429579469949333 -0.012194925489773953 0.012770763833736447 -0.001788883650038567 0.0054747487468412978 -0.019266508897588283 -0.0090596422008903631 0.012079975928919363 -0.0047851012595851675 0.0065312646731261938 -0.00060199121949889352 0.0096519986725992699
leaf_weight=37.433025639504194 28.945739813148975 19.963878385722637 20.68238740414381 24.265947289764881 53.236483320593834 50.907261297106743 31.67120548337698 22.504853144288063 37.659682873636484 26.198510721325874 56.216946143656969 57.958527535200119 868.94061034917831 87.36877192184329
leaf_count=232 202 140 111 129 301 264 184 139 222 135 616 240 5442 923
internal_value=0.000419236 0.00551786 -0.00173517 0.000104117 0.00415827 -0.000752365 -0.000437231 -0.00739023 -0.0024985 0.00337206 0.000174382 0.000449758 7.12605e-05 0.00402875
internal_weight=1423.95 78.0793 40.6463 1345.87 154.608 101.372 1191.27 91.8357 69.3309 77.1058 1099.43 1070.48 1012.53 143.586
internal_count=9280 483 251 8797 829 528 7968 545 406 399 7423 7221 6981 1539
is_linear=0
shrinkage=0.03


Tree=191
num_leaves=15
num_cat=0
split_feature=5 8 8 9 9 13 23 5 10 12 11 12 11 15
split_gain=2.46742 2.5384 3.59285 5.01971 4.03747 6.36172 5.52848 5.39301 5.27967 4.34784 6.92589 3.96475 4.39976 3.83251
threshold=43.150000000000013 75.550000000000011 69.450000000000017 3.8650000000000007 3.5750000000000006 2.5500000000000003 6.3500000000000005 51.650000000000013 2.2150000000000003 65.350000000000009 4.8500000000000005 69.550000000000011 1.9500000000000002 46.650000000000013
decision_type=2 2 2 2 2 2 2 2 2 2 2 2 2 10
left_child=-1 2 4 -4 6 -6 8 -7 13 -9 11 -11 -13 -2
right_child=1 -3 3 -5 5 7 -8 9 -10 10 -12 12 -14 -15
leaf_value=0.0092709483762837431 0.00044312445259052884 0.0051630848947424304 -0.0067272811732825219 0.0065092961269365129 0.0091617371175822162 -0.013704029878088029 0.012508422770061464 -0.0073794501495107927 0.0090414133595354915 0.0054749444337339435 0.011500718010843177 0.0012227192688012338 -0.014010824769973913 -0.010145731688104443
leaf_weight=20.674580194056034 756.0063180886209 72.536556072533131 140.54806914553046 27.154466658830643 30.233780346810818 41.931307800114155 32.227723255753517 86.104326199740171 58.01731564104557 27.992630582302809 35.736941445618868 29.447017028927803 33.283733624964952 27.058904334902763
leaf_count=98 4983 629 1164 181 149 214 156 516 286 161 216 175 202 127
internal_value=5.48647e-05 -0.000113949 -0.000420991 -0.00445761 0.000180225 -0.00289158 0.0011925 -0.00447243 0.000687551 -0.00237828 0.00117807 -0.00327647 -0.00729754 1.51757e-05
internal_weight=1418.95 1398.28 1325.74 167.703 1158.04 284.73 873.31 254.496 841.083 212.565 126.46 90.7234 62.7308 783.065
internal_count=9257 9159 8530 1345 7185 1633 5552 1484 5396 1270 754 538 377 5110
is_linear=0
shrinkage=0.03


Tree=192
num_leaves=15
num_cat=0
split_feature=10 5 23 16 10 11 7 6 6 11 16 5 16 5
split_gain=2.71943 4.61992 6.2007 5.05392 3.62628 4.55034 3.92349 6.98073 5.49952 4.17824 3.95205 3.61591 3.5487 3.37674
threshold=0.18500000000000003 61.650000000000013 1.1500000000000001 5.6589938860766162 0.30500000000000005 5.0500000000000007 1.4500000000000002 8.9500000000000011 11.750000000000002 7.5500000000000007 5.4487086229334984 57.050000000000004 5.8775587731881869 52.550000000000004
decision_type=2 2 2 10 2 2 2 2 2 2 10 2 8 2
left_child=1 11 -3 -4 -2 -6 12 9 -9 -8 -10 13 -7 -1
right_child=4 2 3 -5 5 6 7 8 10 -11 -12 -13 -14 -15
leaf_value=0.0031833504356269344 0.0052450863808350652 0.0067268871896741635 -0.017390914562349414 0.0019128978328332024 0.0010323528709414184 0.0074959081797717503 -0.013695741726077976 0.010528649860615644 -0.01055117169993627 -0.00041379414086204473 0.0019523136091780411 0.0072669839605907505 -0.0064594476625035703 -0.0096420977001542736
leaf_weight=31.884133599698544 122.49248788878322 15.150273036211727 46.085712183266878 14.826014742255209 829.7908254340291 44.545601643621922 81.094393838196993 28.261693794280291 36.508300185203552 28.753842670470476 47.502152189612389 40.206487368792295 20.003916226327419 33.532181639224291
leaf_count=173 832 163 400 97 5271 297 561 172 224 195 239 271 148 212
internal_value=-5.50789e-05 -0.00343121 -0.00881984 -0.0129037 0.000451811 -9.51233e-05 -0.00332045 -0.00518823 0.000125692 -0.0103884 -0.00376878 0.000672546 0.00301767 -0.00360877
internal_weight=1420.64 181.685 76.062 60.9117 1238.95 1116.46 286.67 222.12 112.272 109.848 84.0105 105.623 64.5495 65.4163
internal_count=9255 1316 660 497 7939 7107 1836 1391 635 756 463 656 445 385
is_linear=0
shrinkage=0.03


Tree=193
num_leaves=15
num_cat=0
split_feature=8 10 10 13 5 16 16 11 13 13 16 6 13 10
split_gain=2.34882 6.91561 6.07776 4.50217 8.96214 6.26679 6.15536 3.43009 3.62811 3.54073 3.30229 3.83111 3.28215 2.79299
threshold=69.750000000000014 1.6650000000000003 1.1050000000000002 4.1500000000000012 59.350000000000001 4.0377449814441384 5.4044967507474349 0.35000000000000003 3.9500000000000006 6.0500000000000007 5.585530659866639 8.3500000000000032 4.8500000000000005 1.7250000000000003
decision_type=2 2 2 2 2 10 10 2 2 2 8 2 2 2
left_child=7 2 3 4 -2 -6 -5 8 -1 13 11 -11 -10 -9
right_child=1 -3 -4 6 5 -7 -8 9 12 10 -12 -13 -14 -15
leaf_value=-0.012709070029184397 -0.0094200008035273154 -0.016691933299920341 0.0091509906081142477 -0.012224160693482172 0.021082813904321034 -0.0014010589727184637 0.003103899357871052 -0.00047619700678449076 0.0086563726019430499 0.0077968592639072508 0.011741592293508083 -0.0095134035767938194 -0.0073733814047717405 0.0038293384241728976
leaf_weight=31.665448345243931 28.878636498004198 24.218028601258993 37.3897570297122 68.543789260089397 19.87140903994441 19.172653924673796 32.179503530263901 884.69893606379628 17.74234027788043 19.918147355318069 42.973482299596071 16.382495440542698 18.274216771125793 154.99453150480986
leaf_count=180 177 176 286 691 194 134 233 5554 115 164 296 116 134 793
internal_value=-0.000288085 -0.00302674 -0.00106307 -0.00352588 0.00234982 0.0111364 -0.00741189 0.000253784 -0.00606377 0.000661184 0.00657554 -0.000221232 0.000615763 0.000180915
internal_weight=1416.9 230.254 206.036 168.646 67.9227 39.0441 100.723 1186.65 67.682 1118.97 79.2741 36.3006 36.0166 1039.69
internal_count=9243 1891 1715 1429 505 328 924 7352 429 6923 576 280 249 6347
is_linear=0
shrinkage=0.03


Tree=194
num_leaves=15
num_cat=0
split_feature=12 7 4 9 9 15 13 0 0 16 16 6 16 17
split_gain=2.50024 4.12788 4.54653 7.49869 8.21319 6.59522 5.91274 5.29393 4.42972 4.79881 6.85478 3.98236 3.16333 4.29541
threshold=64.550000000000011 10.050000000000002 5.5621381532263205 2.1250000000000004 1.5850000000000002 4.5500000000000007 2.7500000000000004 7.5000000000000009 15.500000000000002 5.3589564993412813 5.6293876471539361 14.850000000000003 4.0377449814441384 0.29500000000000004
decision_type=2 2 2 2 2 10 2 2 2 10 10 2 8 10
left_child=1 2 7 4 5 -4 -5 12 9 -8 -11 -7 -1 -14
right_child=-2 -3 3 6 -6 11 8 -9 -10 10 -12 -13 13 -15
leaf_value=-0.001341398590544143 0.0010578423088533902 -0.010621402678018378 -0.011328987098638763 0.0091867718718782378 0.018286713567182516 0.0092074617184849505 -0.011204707953364521 0.0080101653476493638 -0.015653201530165008 0.012205371931375013 -0.0060809119831459913 -0.0041789897068166834 -0.015257189784177944 1.648032718257667e-05
leaf_weight=53.426181558519602 933.25122706219554 36.709629729390144 21.534616179764271 23.797678388655186 32.811040237545967 66.699809409677982 32.208042666316032 20.241120360791683 26.947285443544388 28.281412251293659 36.733662597835064 24.361958958208561 52.880563337355852 23.204089868813753
leaf_count=528 6081 197 122 114 178 364 188 102 112 161 210 120 538 204
internal_value=0.000154432 -0.00159543 -0.000737535 0.00143547 0.0061719 0.00201417 -0.0032686 -0.00490344 -0.00591892 -0.0025872 0.00217715 0.00559505 -0.00714443 -0.0108853
internal_weight=1413.09 479.837 443.127 293.376 145.407 112.596 147.968 149.752 124.17 97.2231 65.0151 91.0618 129.511 76.0847
internal_count=9219 3138 2941 1569 784 606 785 1372 671 559 371 484 1270 742
is_linear=0
shrinkage=0.03


Tree=195
num_leaves=15
num_cat=0
split_feature=11 13 15 11 12 7 16 16 15 4 13 8 7 4
split_gain=2.7896 4.6179 7.12353 3.6851 3.05745 4.61958 2.77971 3.10038 6.12233 4.43865 7.55632 3.70486 3.14357 5.28545
threshold=0.35000000000000003 3.6500000000000008 10.15 0.45000000000000007 52.050000000000004 2.8500000000000001 3.3790333465334781 3.7275409828871884 23.450000000000003 5.1537630488764057 4.5500000000000007 65.050000000000011 5.3500000000000005 5.4556312110748939
decision_type=2 2 10 2 2 2 8 8 10 2 2 2 2 2
left_child=1 -1 -3 -2 5 -5 -6 8 9 11 -11 -8 -9 -14
right_child=3 2 -4 4 6 -7 7 12 -10 10 -12 -13 13 -15
leaf_value=-0.014641750387924243 0.010136609627190561 -0.010622161497276617 0.0095324978153033622 0.014629924622263006 -0.010108006421208399 -0.0019175697761264732 0.02571591923439474 0.00020647237310674526 -0.010042174138892567 0.012551838432449806 -0.0093956198769922991 0.0043013074573431979 -0.012445674528765523 -0.0017007424817801688
leaf_weight=27.095578830689192 26.173148490488529 25.511056333780289 27.698322538286448 25.057865999639034 22.152594372630119 28.629516843706369 13.609020490199329 791.75697475299239 16.058669701218605 24.004642069339752 22.655040089040995 15.934065565466879 43.216731712222099 300.39806772023439
leaf_count=161 160 202 178 159 201 178 135 5210 114 185 201 186 390 1568
internal_value=-0.000395198 -0.00565421 -0.000212967 -5.75836e-05 -0.000300231 0.00639417 -0.000612137 -0.000400478 0.00474332 0.00828564 0.00201754 0.0164604 -0.000837433 -0.00321126
internal_weight=1409.95 80.305 53.2094 1329.65 1303.47 53.6874 1249.79 1227.63 92.2614 76.2028 46.6597 29.5431 1135.37 343.615
internal_count=9228 541 380 8687 8527 337 8190 7989 821 707 386 321 7168 1958
is_linear=0
shrinkage=0.03


Tree=196
num_leaves=15
num_cat=0
split_feature=12 12 15 5 6 6 5 23 8 6 15 9 8 9
split_gain=2.74955 5.05673 5.12426 8.09178 4.30468 5.77608 5.40688 6.59984 12.4858 6.17964 7.47652 7.18324 7.04151 6.20255
threshold=64.550000000000011 69.65000000000002 29.250000000000004 61.350000000000001 13.15 18.950000000000003 50.250000000000007 1.2500000000000002 66.550000000000011 7.1500000000000012 14.850000000000003 3.2550000000000003 58.650000000000013 1.3450000000000004
decision_type=2 2 10 2 2 2 2 2 2 2 8 2 2 2
left_child=-1 -2 4 -4 6 -6 -3 8 -8 11 13 -9 -12 -11
right_child=1 2 3 -5 5 -7 7 9 -10 10 12 -13 -14 -15
leaf_value=-0.0016555644440864399 0.0041571442452150434 0.010343729664327696 0.011468520714462922 -0.0065290365651933472 -0.011813034637856162 0.00037448971332401556 0.018543069101576229 -0.010194956809705667 -0.0080925196286480792 -0.0033482856243369067 0.0077082428330953086 0.0035742149021484155 -0.011097916598341074 0.016830773747777569
leaf_weight=478.03731175139546 319.73165091872215 35.72330367565155 64.49506700783968 29.326319247484207 70.177469599992037 64.92516877502203 33.068958360701799 125.92447326332331 23.300177875906229 18.809337224811316 23.880134172737598 43.221831940114498 44.040710765868425 34.436122696846724
leaf_count=3124 2039 193 314 172 439 359 275 949 242 132 130 277 309 225
internal_value=0.000183406 0.00113139 -0.000471992 0.0057972 -0.00165316 -0.00615183 -4.91054e-06 -0.00120317 0.00777094 -0.00304772 0.00207968 -0.00667493 -0.00441074 0.0100269
internal_weight=1409.1 931.061 611.329 93.8214 517.508 135.103 382.405 346.682 56.3691 290.313 121.166 169.146 67.9208 53.2455
internal_count=9179 6055 4016 486 3530 798 2732 2539 517 2022 796 1226 439 357
is_linear=0
shrinkage=0.03


Tree=197
num_leaves=15
num_cat=0
split_feature=5 11 7 6 7 5 23 12 12 13 19 10 23 1
split_gain=2.3317 5.21208 6.5733 5.64654 9.07872 4.83796 5.01974 4.10682 3.97687 7.27914 4.90786 4.42881 4.87691 5.60851
threshold=56.95000000000001 2.0500000000000003 7.6500000000000012 9.6500000000000004 3.4500000000000006 57.550000000000004 6.5500000000000007 68.550000000000011 78.050000000000011 4.4500000000000011 1.0000000180025095e-35 0.30500000000000005 4.1500000000000012 1.0000000180025095e-35
decision_type=2 2 2 2 2 2 2 2 2 2 2 2 2 2
left_child=1 3 8 7 -5 -2 -7 -1 9 10 11 -3 13 -13
right_child=5 2 -4 4 -6 6 -8 -9 -10 -11 -12 12 -14 -15
leaf_value=0.013381931607869779 0.010202920875596997 0.0052435832950165177 0.0040491714319110484 -0.014436085145066781 0.0050370605944058799 -0.00011035286493980007 0.013305037845256598 0.00092318555731801181 0.0032727416557130212 -0.014387014796695276 0.0076810193822590645 -0.00026730881249494861 0.00043603815418721804 -0.018865447468497276
leaf_weight=44.649022832512856 41.683636147528887 23.031979583203793 70.04353416711092 32.304940897971392 46.779610991477966 846.65129348635674 20.867271840572357 47.290736764669418 33.04743130877614 81.531906135380268 25.580595221370459 21.273347057402134 36.008947681635618 42.506632771342993
leaf_count=262 243 128 349 181 234 6083 107 276 193 503 139 127 164 235
internal_value=-0.00011183 -0.00173873 -0.00390519 0.00247099 -0.00330287 0.000794674 0.000286736 0.00735172 -0.00605981 -0.00744225 -0.00328222 -0.00577673 -0.00844913 -0.0131326
internal_weight=1413.25 504.049 333.024 171.024 79.0846 909.202 867.519 91.9398 262.981 229.933 148.402 122.821 99.7889 63.78
internal_count=9224 2791 1838 953 415 6433 6190 538 1489 1296 793 654 526 362
is_linear=0
shrinkage=0.03


Tree=198
num_leaves=15
num_cat=0
split_feature=11 13 15 11 8 13 11 4 9 15 8 15 15 16
split_gain=2.36103 3.82451 4.86664 3.17738 8.26872 4.72292 3.43385 9.04981 4.23277 5.79508 4.11991 3.29641 4.10733 3.09381
threshold=0.35000000000000003 3.6500000000000008 10.15 0.95000000000000007 57.050000000000004 3.7500000000000004 1.5500000000000003 5.8148190282824297 5.7650000000000006 15.750000000000002 57.850000000000001 5.5500000000000007 16.350000000000005 5.8415321416939721
decision_type=2 2 10 2 2 2 2 2 2 10 2 10 10 8
left_child=1 -1 -3 4 -2 -6 7 10 -8 -10 -5 -7 -13 -12
right_child=3 2 -4 6 5 11 8 -9 9 -11 13 12 -14 -15
leaf_value=-0.013417239657099156 -0.0057519184644318185 -0.0087879384427644296 0.0077212430338934853 0.00062126690203697895 -0.0002839488464058617 0.021885490050726895 0.00078559814322033271 0.0040547884578244668 -0.014430503165558668 0.0023679437486507191 -0.019339049778651207 -0.0023939006050326486 0.015305623363171936 -0.0039354454612503679
leaf_weight=25.757959000766277 45.286081328988075 25.728738840669394 28.690042898058891 20.22806441038847 31.641750011593103 23.303514815866947 979.03144152835011 58.749451488256454 34.796987637877464 32.236867547035217 38.645383827388287 20.405413638800383 19.639392510056496 20.250077102333307
leaf_count=153 247 202 182 137 190 175 6480 282 199 160 327 152 118 162
internal_value=-0.000119793 -0.00496145 -0.000166837 0.000190913 0.00437851 0.00925427 -0.000321572 -0.00468435 0.000272997 -0.00674843 -0.0110285 0.0136907 0.00702197 -0.0147652
internal_weight=1404.39 80.1767 54.4188 1324.21 140.276 94.9901 1183.94 137.873 1046.07 67.0339 79.1235 63.3483 40.0448 58.8955
internal_count=9166 537 384 8629 882 635 7747 908 6839 359 626 445 270 489
is_linear=0
shrinkage=0.03


Tree=199
num_leaves=15
num_cat=0
split_feature=0 5 11 11 11 12 11 6 11 16 9 15 11 18
split_gain=2.9445 3.50139 4.01804 5.92249 6.89772 3.41156 5.52843 6.19226 5.07965 5.96921 5.62886 5.57229 5.24657 8.89351
threshold=3.5000000000000004 56.95000000000001 0.75000000000000011 3.3500000000000001 6.1500000000000012 75.65000000000002 4.3500000000000005 13.850000000000003 5.4500000000000011 5.8197412955975762 4.7650000000000006 17.050000000000004 2.4500000000000006 280.50000000000006
decision_type=2 2 2 2 2 2 2 2 2 8 2 8 2 10
left_child=1 -1 -3 -4 -5 8 -7 -8 9 -2 11 -10 13 -11
right_child=5 2 3 4 -6 6 7 -9 10 12 -12 -13 -14 -15
leaf_value=-0.012663015792514287 0.00032539930929982586 -0.011952498074941273 0.005292429338650176 -0.010688467989392601 0.0061335092280606221 -0.0061692001268104377 0.0091760302300081791 -0.008111775719043068 0.004872764773479317 -0.0027385802719125641 -0.015157542010398239 -0.0054513777818090735 0.010211631846311952 0.016336132456224801
leaf_weight=26.983633559197187 506.1525611653924 25.570130031555891 86.557005077600479 62.54394006729126 28.564187303185463 154.05459320545197 50.975195743143559 23.41483049094677 77.448266789317131 97.144620880484581 24.777886904776096 104.86728700995445 123.87485716491938 23.081045262515545
leaf_count=307 2793 284 954 718 325 883 308 127 454 545 141 574 692 133
internal_value=-0.000342855 -0.00340923 -0.00190604 -0.000172534 -0.00536973 0.000264291 -0.00299045 0.00356638 0.00105245 0.00219973 -0.00305779 -0.00105265 0.0060017 0.00142945
internal_weight=1416.01 230.219 203.235 177.665 91.1081 1185.79 228.445 74.39 957.347 750.253 207.093 182.316 244.101 120.226
internal_count=9238 2588 2281 1997 1043 6650 1318 435 5332 4163 1169 1028 1370 678
is_linear=0
shrinkage=0.03


Tree=200
num_leaves=15
num_cat=0
split_feature=12 9 4 9 9 4 0 9 5 15 12 15 15 9
split_gain=2.07324 5.77547 6.45235 5.97721 3.85846 3.99458 5.13653 4.89418 3.40168 3.33187 3.27853 4.94798 7.07953 5.01603
threshold=62.350000000000001 4.7250000000000005 5.4293654307799519 0.32500000000000007 0.76500000000000012 6.1130332057324646 10.500000000000002 3.3650000000000007 66.550000000000011 10.950000000000001 69.550000000000011 25.650000000000002 22.450000000000003 3.8050000000000002
decision_type=2 2 2 2 2 2 2 2 2 8 2 10 10 2
left_child=1 2 8 -4 -5 6 7 -6 9 -1 -2 12 -12 -13
right_child=10 -3 3 4 5 -7 -8 -9 -10 -11 11 13 -14 -15
leaf_value=0.007527043484342159 0.0030155604146117395 -0.010854661955107727 0.01621056159759025 -0.0080516620007136403 -0.0028694373251505669 -0.0062317200274279181 0.011896663858115848 0.011376493119098661 -0.015235973488933302 -0.0073677008510039926 -0.00077172257992978472 0.0011354124765864378 -0.014937903945413632 0.014360932189510933
leaf_weight=16.04225730150938 429.13138230144978 47.049732744693756 20.024724062532187 32.893863815814257 84.665542226284742 34.654723167419434 49.955948933959007 23.650468580424786 26.258538708090782 33.668656226247549 459.92804582417011 95.443883672356606 29.164864301681519 30.890000186860561
leaf_count=161 2762 270 114 191 565 149 219 149 289 314 3211 506 170 152
internal_value=0.000336709 -0.0015831 -8.22595e-05 0.00229577 0.000737451 0.00240153 0.00442479 0.000605847 -0.00744438 -0.00231239 0.00101896 -0.000386327 -0.00175908 0.00479282
internal_weight=1413.42 368.864 321.815 245.845 225.821 192.927 158.272 108.316 75.9695 49.7109 1044.56 615.427 489.093 126.334
internal_count=9222 2421 2151 1387 1273 1082 933 714 764 475 6801 4039 3381 658
is_linear=0
shrinkage=0.03


Tree=201
num_leaves=15
num_cat=0
split_feature=7 9 13 6 16 15 7 4 5 4 9 16 11 13
split_gain=2.25841 7.39041 6.36599 4.82777 6.7807 7.52041 4.75367 4.27072 4.20535 6.74815 4.13397 6.23484 3.74722 3.267
threshold=2.0500000000000003 3.5550000000000002 3.6500000000000008 6.2500000000000009 3.8522664268933817 10.550000000000002 1.7500000000000002 5.4396594755956835 62.250000000000007 5.7405907962289451 2.8750000000000004 3.456365926939355 3.6500000000000008 4.7500000000000009
decision_type=2 2 2 2 8 10 2 2 2 2 2 10 2 2
left_child=1 3 -3 4 5 -1 10 13 9 -6 11 -5 -13 -2
right_child=7 2 -4 6 8 -7 -8 -9 -10 -11 -12 12 -14 -15
leaf_value=0.023810374607279378 -0.008144649651796558 0.0047162750106058858 -0.010215378218903864 -0.0075138627941427425 0.009390762684731711 -0.0049100898813718534 0.017021775531822003 0.00033443039001058208 -0.0097629282068849733 -0.0086691752524453713 0.015247731354390365 0.00096447981926557136 0.012013115251035147 -0.00038255097861585681
leaf_weight=14.448077470064165 102.28240218386054 36.382237143814564 66.60908068343997 36.43541057780385 37.098472099751234 11.706723675131796 30.955579318106174 774.71836513653398 48.288157138973475 28.490922875702381 23.228235989809036 60.536380622535944 47.344694700092077 90.471852146089077
leaf_count=146 943 198 443 284 287 116 204 4262 413 147 152 403 301 899
internal_value=0.000143591 0.00190936 -0.00496655 0.00404305 -0.000235919 0.0122304 0.00699329 -0.000667925 -0.00349309 0.00148745 0.00470086 0.00254956 0.00613062 -0.00460319
internal_weight=1409 441.524 102.991 338.533 140.032 26.1548 198.5 967.473 113.878 65.5894 167.545 144.316 107.881 192.754
internal_count=9198 3094 641 2453 1109 262 1344 6104 847 434 1140 988 704 1842
is_linear=0
shrinkage=0.03


Tree=202
num_leaves=15
num_cat=0
split_feature=8 10 6 15 8 13 10 10 15 7 5 5 15 9
split_gain=3.072 4.7436 5.06448 4.54337 2.51418 3.9155 4.10137 5.46144 3.61107 3.20843 2.89433 8.43928 2.72617 8.25512
threshold=75.550000000000011 0.62500000000000011 8.1500000000000004 23.650000000000002 69.750000000000014 5.9500000000000011 1.6650000000000003 1.1250000000000002 14.250000000000002 3.4500000000000006 66.450000000000017 61.250000000000007 3.3500000000000001 1.6250000000000002
decision_type=2 2 2 8 2 2 2 2 10 2 2 2 8 2
left_child=4 2 -2 -3 12 6 7 8 10 -10 11 -6 13 -1
right_child=1 3 -4 -5 5 -7 -8 -9 9 -11 -12 -13 -14 -15
leaf_value=-0.018777024226665346 0.0022727749629026005 -0.0098250465784904852 0.024296986836174542 0.0086475060432878448 -0.0047218833070994566 -0.015057502637122473 -0.014234630083819378 0.012872866493356673 -0.00036676719129225449 -0.016946771306145362 -0.0072319189673206276 0.019759000862143213 0.00036380088076879883 0.0044256949758366632
leaf_weight=20.871864672750235 21.066639319062233 21.524490632116795 13.833320677280424 16.973225153982639 26.748054143041372 19.356478784233332 15.619473546743391 19.859656490385532 19.445466369390488 18.437893651425838 17.675135936588049 16.804745301604271 1137.7560683824122 26.351217709481716
leaf_count=165 203 185 112 131 207 178 114 146 137 112 190 153 7001 182
internal_value=-8.08039e-05 0.00569208 0.0129533 -0.00162286 -0.000417263 -0.0039602 -0.00188203 0.000248423 -0.00277797 -0.00947133 0.00176579 0.00578606 5.77237e-05 -0.00664545
internal_weight=1412.32 73.3977 34.9 38.4977 1338.93 153.947 134.59 118.971 99.1113 37.8834 61.2279 43.5528 1184.98 47.2231
internal_count=9216 631 315 316 8585 1237 1059 945 799 249 550 360 7348 347
is_linear=0
shrinkage=0.03


Tree=203
num_leaves=15
num_cat=0
split_feature=0 11 9 5 1 18 18 12 5 13 23 13 10 11
split_gain=2.13906 4.59473 3.04564 5.9073 3.12325 5.07267 5.28338 5.33133 5.25196 4.95439 4.93186 4.88542 7.21226 5.22972
threshold=16.500000000000004 1.9500000000000002 5.8650000000000011 60.650000000000013 1.0000000180025095e-35 152.50000000000003 178.50000000000003 67.550000000000011 57.650000000000013 6.1500000000000012 3.0500000000000003 5.4500000000000011 0.84500000000000008 1.5500000000000003
decision_type=2 2 2 2 2 10 8 2 2 2 2 2 2 2
left_child=2 -2 4 -4 5 9 -7 8 -8 11 -9 13 -13 -1
right_child=1 -3 3 -5 -6 6 7 10 -10 -11 -12 12 -14 -15
leaf_value=-0.0030535125652024148 0.010728720169665343 0.00017111472595904815 -0.012558466044169068 0.0055576151093972648 -0.00079574287274591232 -0.015743081871830242 0.0051958724672134717 0.011783106797757318 -0.012285193414276774 -0.0064019403990874385 -0.0043479790021389696 0.0028236456558999958 0.027723049435868053 0.0065082794191165735
leaf_weight=67.535738967359066 50.807729944586754 111.16789966821671 39.454550351947546 21.848158974200487 719.49187860637903 17.406423322856426 20.668182577937841 40.086889028549194 37.8186623044312 30.175036150962114 24.06431470811367 23.48542233556509 15.962216682732103 182.51241170242429
leaf_count=462 209 460 212 139 4829 138 126 286 270 251 151 203 117 1320
internal_value=0.000517092 0.00370487 8.76558e-05 -0.00616972 0.000437631 0.00235575 -0.0023477 9.57838e-05 -0.00618501 0.00442071 0.00585518 0.00563833 0.0148842 0.00391649
internal_weight=1402.49 161.976 1240.51 61.3027 1179.21 459.715 140.044 122.638 58.4868 319.671 64.1512 289.496 39.4476 250.048
internal_count=9173 669 8504 351 8153 3324 971 833 396 2353 437 2102 320 1782
is_linear=0
shrinkage=0.03


Tree=204
num_leaves=15
num_cat=0
split_feature=17 11 11 17 18 11 1 5 7 4 16 8 13 4
split_gain=3.28003 3.60104 3.62694 2.37005 2.41729 3.98693 3.43467 6.59573 4.42393 5.12057 8.62984 6.36435 5.82012 3.74249
threshold=0.24500000000000002 4.4500000000000011 1.5500000000000003 0.32500000000000007 149.50000000000003 1.0500000000000003 1.0000000180025095e-35 69.750000000000014 0.55000000000000016 5.5130863589885921 4.4025151600967432 54.150000000000013 4.1500000000000012 5.5621381532263205
decision_type=8 2 2 8 10 2 2 2 2 2 8 2 2 2
left_child=1 2 -1 -2 6 -6 7 8 -5 10 -10 -11 -12 -8
right_child=3 -3 -4 4 5 -7 13 -9 9 11 12 -13 -14 -15
leaf_value=-0.0086233883043174472 0.0082711752299903206 -0.014125706554223823 0.0054127218380903806 -0.0072560136131031771 0.0070691899853176556 -0.0069975770614494155 -0.0046632532163539712 -0.0073944386964387918 0.0046325571276936636 0.011864993140562489 0.0040095578609874111 -0.0035403310215427817 0.028364313063854882 0.00061996161775767253
leaf_weight=25.349666215479374 29.865832705050707 23.922261543571949 31.609221406280994 19.328371077775955 18.792381584644318 78.875267054885626 137.85939979925752 38.804598640650511 93.774898648262024 29.924592927098274 14.967823028564451 73.462793812155724 25.972284853458405 772.27255549281836
leaf_count=185 213 200 256 139 115 528 1520 344 747 134 118 364 217 4168
internal_value=0.000187029 -0.00549723 -0.00102586 0.000550936 0.000343205 -0.00407851 0.000716544 0.00349331 0.00524412 0.00638721 0.010136 0.00126026 0.0208656 -0.000201403
internal_weight=1414.78 80.8811 56.9589 1333.9 1304.03 97.6676 1206.37 296.235 257.431 238.102 134.715 103.387 40.9401 910.132
internal_count=9248 641 441 8607 8394 643 7751 2063 1719 1580 1082 498 335 5688
is_linear=0
shrinkage=0.03


Tree=205
num_leaves=15
num_cat=0
split_feature=7 7 12 16 12 9 12 7 23 18 4 12 5 5
split_gain=2.07789 3.60293 4.72217 2.86188 2.46742 4.5374 4.28441 3.74672 5.10611 5.63095 3.92901 3.72681 3.53935 3.76455
threshold=14.750000000000002 10.350000000000003 64.750000000000014 5.6121510136421309 69.65000000000002 6.5050000000000008 69.250000000000014 5.9500000000000011 1.2500000000000002 101.50000000000001 5.9596215639395131 76.350000000000009 67.950000000000017 65.550000000000011
decision_type=2 2 2 8 2 2 2 2 2 10 2 2 2 2
left_child=1 4 -3 -4 6 7 -1 8 9 -6 11 -9 13 -10
right_child=-2 2 3 -5 5 -7 -8 10 12 -11 -12 -13 -14 -15
leaf_value=0.00086862156145992269 -0.006921140146837943 -0.0034729520648566227 0.018213925266999831 0.0034591725499369505 0.001598238802335706 0.01062909657842555 0.013556894675494794 -0.016503855627150715 -0.0018533500161806641 0.021162337860117585 0.0011381533706147843 -0.0019830576621564103 -0.0086338661296589073 0.0087663400851385586
leaf_weight=725.27034421265125 29.407194077968597 24.724270269274712 24.320321708917618 24.69279096275568 52.792893528938293 22.293717931956053 19.818711947649717 38.60188252478838 285.76125821843743 13.110976949334143 34.638128235936165 27.450553264468908 56.848852068185806 28.535841796547174
leaf_count=4773 152 132 127 125 478 112 130 275 1767 103 155 183 463 214
internal_value=0.000363834 0.000543647 0.00677594 0.0117888 0.000167016 -0.00133086 0.00129424 -0.00192005 -0.000686016 0.0067082 -0.00699056 -0.0110334 -0.00207071 -0.000766984
internal_weight=1408.27 1378.86 73.7374 49.0131 1305.12 560.034 745.089 537.74 437.05 65.9039 100.691 66.0524 371.146 314.297
internal_count=9189 9037 384 252 8653 3750 4903 3638 3025 581 613 458 2444 1981
is_linear=0
shrinkage=0.03


Tree=206
num_leaves=15
num_cat=0
split_feature=7 23 10 7 5 7 9 12 5 5 13 6 15 11
split_gain=2.4171 2.74539 4.52652 6.07131 5.01173 4.66147 5.059 5.01822 4.85278 6.51945 6.15221 4.56382 5.9194 5.30944
threshold=14.750000000000002 3.8500000000000001 1.7550000000000001 1.4500000000000002 57.95000000000001 8.8500000000000032 6.6950000000000012 66.450000000000017 56.95000000000001 57.550000000000004 5.5500000000000007 5.7500000000000009 27.050000000000004 3.4500000000000006
decision_type=2 2 2 2 2 2 2 2 2 2 2 2 8 2
left_child=1 2 5 -4 -5 6 8 -7 10 -10 11 12 -1 -13
right_child=-2 -3 3 4 -6 7 -8 -9 9 -11 -12 13 -14 -15
leaf_value=-0.0037418904665030297 -0.0081258525974912035 0.0019517604350859355 0.0060400238255697665 -0.0017998066917192558 -0.015990250131488148 -0.0034850816485955797 0.012199369843755985 0.012948310193595538 0.014048092586014032 -0.00051727586610275384 -0.016767152315763718 -0.011062750936997602 0.014100698981421248 0.00067395691640281482
leaf_weight=36.372530724853277 29.56794797629118 409.51464851945639 23.954993806779385 40.899307027459145 48.630203366279602 23.323221892118454 20.905500128865242 41.664782840758562 24.187501583248377 523.07546263933182 29.026499979197979 72.427966427057981 23.712259776890278 61.86137830466032
leaf_count=251 152 2148 146 215 299 147 114 249 158 4189 215 430 146 369
internal_value=-0.000290429 -9.37547e-05 -0.000962874 -0.00645892 -0.00994579 -0.00020145 -0.000852508 0.00722297 -0.00128292 0.000247831 -0.00495612 -0.00281608 0.00384193 -0.00582604
internal_weight=1409.12 1379.56 970.042 113.485 89.5295 856.557 791.569 64.988 770.664 547.263 223.401 194.374 60.0848 134.289
internal_count=9228 9076 6928 660 514 6268 5872 396 5758 4347 1411 1196 397 799
is_linear=0
shrinkage=0.03


Tree=207
num_leaves=15
num_cat=0
split_feature=5 0 6 6 11 23 7 4 7 9 9 12 15 12
split_gain=1.86894 2.86567 4.05093 3.52096 4.28072 2.63044 4.53572 3.49623 2.43562 5.8683 6.28788 5.24799 7.78358 7.75784
threshold=77.15000000000002 2.5000000000000004 13.450000000000001 3.0500000000000003 2.0500000000000003 0.95000000000000007 4.6500000000000012 5.1945906263027615 2.4500000000000006 2.4450000000000007 2.8750000000000004 55.250000000000007 13.15 75.550000000000011
decision_type=2 2 2 2 2 2 2 2 2 2 2 2 10 2
left_child=1 2 3 4 -1 -5 7 -7 9 11 -11 -3 13 -13
right_child=-2 8 -4 5 -6 6 -8 -9 -10 10 -12 12 -14 -15
leaf_value=0.013349553629429878 0.0082455131567571779 0.017924948309044952 0.010676694604430104 -0.015689807501777259 -0.0056454603964960996 -0.0024589147451327511 0.010524374061854417 -0.018321423636643221 -0.00058677690316966938 -0.012933681423068286 0.00078657812149291915 0.012530302893066494 -0.0023023155074027436 -0.0046787189270157568
leaf_weight=12.915254693478344 19.850826844573021 21.375616602599621 10.551577690988777 28.033486109226942 21.803111560642719 38.07179244235158 10.086372498422859 15.140494178980587 800.36603137850761 31.719067916274071 163.16823071241379 95.244139119982719 105.9920814409852 27.912954978644848
leaf_count=147 185 115 130 349 275 460 123 195 4620 199 952 628 610 190
internal_value=9.13151e-05 -5.50724e-05 -0.00409982 -0.0056969 0.00221169 -0.00866198 -0.00462876 -0.00815828 0.000403058 0.00216847 -0.00171414 0.00516326 0.00361547 0.00859959
internal_weight=1402.23 1382.38 136.602 126.051 34.7184 91.3321 63.2987 53.2123 1245.78 445.412 194.887 250.525 229.149 123.157
internal_count=9178 8993 1679 1549 422 1127 778 655 7314 2694 1151 1543 1428 818
is_linear=0
shrinkage=0.03


Tree=208
num_leaves=15
num_cat=0
split_feature=5 23 4 4 8 9 10 5 15 11 11 9 18 10
split_gain=2.65388 2.62938 5.72288 7.68872 4.92551 4.87112 4.68224 4.26199 4.76177 4.20211 5.426 6.6588 5.80881 6.00553
threshold=77.15000000000002 2.3500000000000001 5.7879667366994099 4.8191849826685731 45.650000000000013 7.035000000000001 1.6850000000000003 56.95000000000001 9.1500000000000004 5.6500000000000012 3.8500000000000001 0.54500000000000015 115.50000000000001 0.93500000000000016
decision_type=2 2 2 2 2 2 2 2 10 2 2 2 8 2
left_child=1 2 3 -1 -3 9 -4 8 -5 10 12 -12 -6 -14
right_child=-2 4 6 7 5 -7 -8 -9 -10 -11 11 -13 13 -15
leaf_value=-0.0085659720992678698 0.0098671070301500595 0.0076262755264055321 -0.0007525287461440796 -0.0084079287062664571 0.010663209269589798 0.0092239762041223597 -0.014723068189941103 0.006931923503771413 0.0061877647478579181 -0.0063308511331535457 -0.0093353221817128081 0.006110409665982355 -0.0062791704890480127 0.00051995081539120153
leaf_weight=37.116437021642923 19.454123761504889 50.423864781856537 101.98869439959526 35.998611707240343 23.431313745677471 30.987547617405653 22.598279066383839 249.45327316969633 34.643873386085033 161.45652362331748 25.59971946850419 143.80625124648213 265.09767255932093 204.90766060724854
leaf_count=448 177 232 561 280 176 144 120 2081 258 970 149 848 1644 1108
internal_value=7.00222e-05 -0.000102278 0.00167797 0.00359921 -0.0010533 -0.00160636 -0.00375689 0.00511986 -0.00131416 -0.00206666 -0.000988361 0.00357562 -0.00257541 -0.00334069
internal_weight=1406.96 1387.51 481.799 357.212 905.711 855.287 124.587 320.096 70.6425 824.299 662.843 169.406 493.437 470.005
internal_count=9196 9019 3748 3067 5271 5039 681 2619 538 4895 3925 997 2928 2752
is_linear=0
shrinkage=0.03


Tree=209
num_leaves=15
num_cat=0
split_feature=4 4 13 11 9 9 16 8 8 8 12 9 15 11
split_gain=2.09576 2.60237 3.05731 2.45589 6.07756 7.69949 7.20939 7.08744 4.7743 4.20587 3.01123 2.52222 5.81847 3.14369
threshold=6.3802109374958755 6.2663935011327005 1.6500000000000001 0.95000000000000007 0.44500000000000006 2.8750000000000004 3.7607993050970712 63.95000000000001 62.550000000000004 62.850000000000001 67.750000000000014 5.7650000000000006 15.750000000000002 1.8500000000000003
decision_type=2 2 2 2 2 2 10 2 2 2 2 2 10 2
left_child=1 2 -1 4 -4 6 9 10 -7 -6 -8 13 -13 -5
right_child=-2 -3 3 11 5 8 7 -9 -10 -11 -12 12 -14 -15
leaf_value=-0.0098012310182882846 -0.0077377924598575239 0.0064727177813393806 0.015495834977997216 -0.0036903291858239292 -0.0040850519062064451 0.0014089893604306743 0.0057708885413242129 -0.021279257146312548 0.016892762596177977 0.013581729965710542 -0.008491605437376086 -0.013580127436950758 0.0031556736066829529 0.00062897346350141207
leaf_weight=23.936867371201515 26.329987540841103 50.517213076353073 25.207783862948418 178.70849714055657 19.41044282913208 41.358920477330685 20.481812849640846 24.010135479271412 28.051950749009848 20.937378451228142 23.279936365783215 35.130242716521025 32.115344800055027 864.30079804733396
leaf_count=124 108 212 173 1221 126 224 120 187 189 179 143 212 162 5853
internal_value=-6.47151e-05 0.000108161 -0.000155551 5.68123e-05 0.00305146 0.000908401 -0.00404746 -0.00976206 0.00838128 0.00556932 -0.00190907 -0.000501255 -0.00592216 -0.000125168
internal_weight=1413.78 1387.45 1336.93 1312.99 202.738 177.531 108.12 67.7719 69.4109 40.3478 43.7617 1110.25 67.2456 1043.01
internal_count=9233 9125 8913 8789 1341 1168 755 450 413 305 263 7448 374 7074
is_linear=0
shrinkage=0.03


Tree=210
num_leaves=15
num_cat=0
split_feature=12 11 11 23 8 15 13 8 12 16 12 9 13 12
split_gain=2.94745 2.88462 4.6938 3.98877 3.83712 6.57733 4.57264 3.73466 4.33327 4.48842 3.72801 4.26437 4.2575 4.16635
threshold=48.650000000000013 5.5500000000000007 4.4500000000000011 1.9500000000000002 65.450000000000017 17.350000000000005 4.6500000000000012 61.150000000000013 67.450000000000017 5.0291421579771125 74.050000000000011 3.4950000000000006 3.6500000000000008 60.45000000000001
decision_type=2 2 2 2 2 8 2 2 2 10 2 2 2 2
left_child=-1 2 -2 4 6 -6 -3 -4 -9 -10 11 13 -12 -5
right_child=1 3 7 10 5 -7 -8 8 9 -11 12 -13 -14 -15
leaf_value=-0.0095692991959413411 0.00021318804639181767 -0.0097403162498644301 0.0097670863938227881 0.0058760795452848739 0.022708607484639369 -0.002853962616153451 0.0080044702889314184 -0.0065998720665349491 0.015293201293126092 -0.0028637664934260312 0.011288675367888577 -0.014828246588845136 -0.0048631930616806762 -0.0065789865461155722
leaf_weight=22.521066963672638 944.58603877201676 25.033030681312084 86.108730256557465 27.87021991237998 14.28916470333934 15.216704495251177 18.355397142469883 34.749171517789364 20.820356566458941 20.791129775345325 21.621870458126068 37.939670789986849 28.324153807014227 92.248074699193239
leaf_count=144 6156 180 479 161 137 137 143 264 178 128 115 219 197 570
internal_value=0.00015364 0.000345188 0.00103501 -0.00234403 0.0035272 0.0110223 -0.002182 0.00566398 0.000721192 0.00688706 -0.00443608 -0.00664405 0.00252 -0.00356979
internal_weight=1410.47 1387.95 1107.06 280.898 72.8943 29.5059 43.3884 162.469 76.3607 41.6115 208.004 158.058 49.946 120.118
internal_count=9208 9064 7205 1859 597 274 323 1049 570 306 1262 950 312 731
is_linear=0
shrinkage=0.03


Tree=211
num_leaves=15
num_cat=0
split_feature=5 5 5 11 13 23 16 16 7 7 5 7 10 7
split_gain=2.35074 8.42018 5.0515 3.81726 5.93881 5.94313 5.89304 8.51284 6.16995 6.56184 6.66405 6.09953 5.28763 4.68076
threshold=57.050000000000004 57.550000000000004 55.250000000000007 1.9500000000000002 5.6500000000000012 1.8500000000000003 5.5082076464297929 5.6254626782429096 1.2500000000000002 0.75000000000000011 64.550000000000011 3.5500000000000003 0.45500000000000007 3.6500000000000008
decision_type=2 2 2 2 2 2 10 10 2 2 2 2 2 2
left_child=2 -2 -1 4 -3 -6 8 12 9 -5 -11 -9 -8 -10
right_child=1 3 -4 6 5 -7 7 11 13 10 -12 -13 -14 -15
leaf_value=0.00010883209366639509 0.014543126431719958 -0.0042549787823796762 -0.0070790041756811249 -0.0014966715740838904 0.018980432743167821 -0.0019642788282937763 0.0012420150033869697 0.0074455677030064293 -0.0064098719992335814 0.025780817869994904 0.00061786925075693025 -0.0038512118359370806 0.020334927455790023 0.0011953326240001156
leaf_weight=401.60028006508946 34.945695918053389 238.30172255262733 107.63591877743602 40.58687999099493 16.67532404512167 25.971699621528387 19.206849820911884 81.715017981827259 139.55787981674075 18.347148686647415 16.362017504870892 80.889911733567715 40.842247068881989 144.13537611812353
leaf_count=2175 200 1642 659 351 146 200 121 496 1143 140 149 460 235 1050
internal_value=0.000155008 0.00107689 -0.0014645 0.000450673 -0.00239439 0.00735765 0.00183361 0.00560994 -0.000553456 0.00681078 0.0154903 0.0018786 0.0147929 -0.00259213
internal_weight=1406.77 897.538 509.236 862.592 280.949 42.647 581.643 222.654 358.989 75.296 34.7092 162.605 60.0491 283.693
internal_count=9167 6333 2834 6133 1988 346 4145 1312 2833 640 289 956 356 2193
is_linear=0
shrinkage=0.03


Tree=212
num_leaves=15
num_cat=0
split_feature=24 5 7 7 8 4 16 9 15 7 12 5 6 12
split_gain=2.57316 3.10531 2.80155 3.44988 4.20385 5.6273 3.87241 2.56838 5.97079 7.36478 7.234 5.89519 6.85523 5.7123
threshold=1.0000000180025095e-35 43.150000000000013 14.750000000000002 8.8500000000000032 53.750000000000007 6.0395606314888619 5.5320022579448507 0.94500000000000006 8.4500000000000011 2.1500000000000008 62.550000000000004 51.650000000000013 13.250000000000002 73.750000000000014
decision_type=2 2 2 2 2 2 10 2 10 2 2 2 2 2
left_child=1 -1 3 7 -5 6 -6 8 9 13 -10 12 -9 -3
right_child=-2 2 -4 4 5 -7 -8 11 10 -11 -12 -13 -14 -15
leaf_value=0.010312674556647843 0.0067020122991821255 -0.0057369887294135193 -0.0091211595656334465 0.012923117531063049 -0.0089328212164022751 0.01177540976015585 0.0045050749339767913 -0.00061297434710904004 0.0098883682766602518 -0.013565504860622316 -0.0033399932257517475 0.00098747076692054579 -0.015568150291756185 0.013727167583522765
leaf_weight=19.452889040112495 44.152582421898842 35.104944974184036 27.91218426078558 31.996585980057716 41.535100184381008 25.592558957636356 28.908909887075424 74.87121320515871 47.569132573902607 76.060132890939713 122.40060021355748 777.22071573138237 39.082524128258228 15.533848930150269
leaf_count=92 203 296 146 146 274 111 166 401 306 627 801 5323 196 124
internal_value=-4.21454e-05 -0.000284268 -0.000475332 -0.000258105 0.00432541 0.00096314 -0.00348507 -0.000768205 -0.00316084 -0.00795627 0.000538984 4.14849e-05 -0.00618091 0.000930825
internal_weight=1407.39 1363.24 1343.79 1315.88 128.033 96.0366 70.444 1187.84 296.669 126.699 169.97 891.174 113.954 50.6388
internal_count=9212 9009 8917 8771 697 551 440 8074 2154 1047 1107 5920 597 420
is_linear=0
shrinkage=0.03


Tree=213
num_leaves=15
num_cat=0
split_feature=4 23 4 4 1 7 12 12 7 18 11 11 7 12
split_gain=2.0625 2.09224 3.67713 7.01248 6.27607 4.84646 4.7772 7.2861 4.14671 3.94966 3.44348 5.88177 6.33703 3.7719
threshold=4.4018650053024659 1.8500000000000003 5.4243776387234393 5.4811716467371987 1.0000000180025095e-35 2.1500000000000008 64.050000000000011 71.850000000000009 1.3500000000000003 203.50000000000003 7.3500000000000005 5.6500000000000012 5.5500000000000007 71.250000000000014
decision_type=2 2 2 2 2 2 2 2 2 8 2 2 2 2
left_child=-1 -2 4 -4 5 8 -7 -8 -3 -5 11 -11 13 -13
right_child=1 2 3 9 -6 6 7 -9 -10 10 -12 12 -14 -15
leaf_value=-0.0085196905644600463 0.0024294804550865959 -0.0017739043420303053 0.013110722346245024 -0.0076565867218432986 -0.014753035192863804 -0.015640938787049918 0.0092483062106381714 -0.011103314709937539 0.014174338822029491 0.00089976874517445514 0.0069545247648223809 -0.0064731288399829615 -0.016837940576877326 0.0072934746289927176
leaf_weight=19.028358958661556 325.85526737570763 29.833050526678562 32.783083010464907 53.00034249573946 34.980883825570345 23.548561740666628 28.492210865020752 25.032155487686396 22.136662364006042 655.93320559710264 62.135772719979286 40.736922226846218 31.6226591989398 24.531093366444111
leaf_count=258 2571 254 241 307 428 199 231 214 188 3475 329 216 160 139
internal_value=0.000196095 0.000345452 -0.000300707 0.00045878 -0.00436165 -0.00109952 -0.0057295 -0.000405135 0.00566711 -9.14442e-05 0.000444238 -0.00013544 -0.00684387 -0.00114813
internal_weight=1409.65 1390.62 1064.77 900.743 164.024 129.043 77.0729 53.5244 51.9697 867.96 814.96 752.824 96.8907 65.268
internal_count=9210 8952 6381 4867 1514 1086 644 445 442 4626 4319 3990 515 355
is_linear=0
shrinkage=0.03


Tree=214
num_leaves=15
num_cat=0
split_feature=11 9 15 13 10 11 23 0 7 23 10 7 16 8
split_gain=2.38992 5.24029 5.0721 4.4464 4.86315 3.94305 5.31138 3.97348 3.49742 3.37739 2.8372 4.80631 4.38406 5.76468
threshold=5.5500000000000007 4.3550000000000013 17.150000000000002 3.5500000000000003 1.2250000000000003 7.4500000000000011 3.1500000000000008 9.5000000000000018 2.8500000000000001 1.9500000000000002 0.18500000000000003 0.35000000000000003 5.6406980134935063 53.750000000000007
decision_type=2 2 8 2 2 2 2 2 2 2 2 2 10 2
left_child=10 2 3 -2 9 7 -7 8 -4 -5 -1 -12 -13 -14
right_child=1 -3 5 4 -6 6 -8 -9 -10 -11 11 12 13 -15
leaf_value=-0.0032293551500080114 0.012117952815572713 -0.012143498971545144 -0.0043915914344078971 0.0047329441189305878 0.011199627954769547 0.010469065770671835 -0.0080497250462329105 -0.00045453245693782948 -0.020004350849235984 -0.0094810847435197725 -0.00929282780074581 0.0029291339054368492 0.0054267381945679758 -0.0041138384271043145
leaf_weight=143.6563232280314 34.608153745532036 37.495038237422705 28.773274302482605 19.398071624338627 19.112714920192957 26.67144775390625 20.159516707062721 39.642924576997757 25.423790249973536 37.83719689026475 32.774153206497431 672.80798246338964 73.666867807507515 203.61241232603788
leaf_count=1058 202 232 233 177 123 189 112 173 200 269 235 4493 357 1193
internal_value=1.27729e-05 -0.00239648 -0.000735777 0.00396145 -0.000253417 -0.00444958 0.00248969 -0.0078634 -0.0127866 -0.00467048 0.000638969 0.00121785 0.00162718 -0.0015279
internal_weight=1415.64 289.122 251.627 110.956 76.348 140.671 46.831 93.84 54.1971 57.2353 1126.52 982.861 950.087 277.279
internal_count=9246 1910 1678 771 569 907 301 606 433 446 7336 6278 6043 1550
is_linear=0
shrinkage=0.03


Tree=215
num_leaves=15
num_cat=0
split_feature=12 12 5 0 4 15 11 8 5 5 8 10 16 11
split_gain=1.99965 4.08375 1.9174 1.78921 2.53842 5.753 7.35643 5.97878 4.9332 6.42641 3.46703 6.58979 4.9293 4.66656
threshold=48.650000000000013 52.050000000000004 77.15000000000002 1.0000000180025095e-35 5.1945906263027615 11.550000000000002 3.3500000000000001 65.65000000000002 66.750000000000014 61.45000000000001 67.850000000000009 1.8450000000000004 3.6483599671183362 4.2500000000000009
decision_type=2 2 2 2 2 10 2 2 2 2 2 2 10 2
left_child=-1 -2 3 -3 5 7 -7 -5 9 -9 -6 12 13 -12
right_child=1 2 -4 4 10 6 -8 8 -10 -11 11 -13 -14 -15
leaf_value=-0.0077475622766083148 0.0099751373517849625 -0.0074003453757064226 0.0086508623129814156 0.014669890576378119 -0.0010916424349527937 0.005794036875605639 -0.019396949183630066 -0.0058532469224855926 -0.01109042673627041 0.017962339771854321 0.0034884385441982428 -0.012006743340140019 0.0074408393421294588 -0.0130617261232323
leaf_weight=22.680978294461966 33.938138280063868 23.98181800916791 18.314449414610863 47.63438206538558 964.25574616342783 19.067463029175997 14.241473436355589 16.238235101103783 17.165278509259224 15.984609201550482 37.749634373933077 19.009903009980917 149.12226488441229 19.208755139261484
leaf_count=146 211 313 169 446 5519 191 155 179 199 165 289 124 1017 157
internal_value=0.000238612 0.000395562 0.000121241 -2.66608e-05 0.000134764 0.00402833 -0.00610244 0.00763497 0.000124984 0.00678669 -0.000306981 0.00300508 0.00464145 -0.00269663
internal_weight=1418.59 1395.91 1361.97 1343.66 1319.68 130.331 33.3089 97.0225 49.3881 32.2228 1189.35 225.091 206.081 56.9584
internal_count=9280 9134 8923 8754 8441 1335 346 989 543 344 7106 1587 1463 446
is_linear=0
shrinkage=0.03


Tree=216
num_leaves=15
num_cat=0
split_feature=7 23 23 15 6 23 6 19 10 10 11 11 10 9
split_gain=3.56451 2.20003 3.63736 11.1591 3.19314 4.68867 2.98713 5.26779 4.14853 5.55213 2.57412 4.78409 5.48968 6.46224
threshold=15.850000000000003 1.0500000000000003 1.2500000000000002 19.250000000000004 3.9500000000000006 0.55000000000000016 2.3500000000000001 1.0000000180025095e-35 1.1650000000000003 0.35500000000000004 5.5500000000000007 4.8500000000000005 0.66500000000000015 2.4450000000000007
decision_type=2 2 2 8 2 2 2 2 2 2 2 2 2 2
left_child=1 4 3 -3 5 -1 7 8 9 -4 11 -8 -13 -14
right_child=-2 2 6 -5 -6 -7 10 -9 -10 -11 -12 12 13 -15
leaf_value=0.011451695403557772 -0.011475385723982377 -0.0072589390277535944 -0.00072679135191098978 0.022894526441321131 -0.0062502968807630586 -0.0066728897893567661 0.00051265585338524798 0.0087479044307475773 0.0034616592857840251 -0.018811604604803089 -0.0022957845594043487 0.015740116582867659 -0.0086717251908484672 0.011532708536741229
leaf_weight=22.537249647080898 19.963729426264763 17.386852294206619 25.666972629725933 18.471897266805172 102.44096464663744 19.580804198980331 810.79670513793826 16.526477683335543 18.996583368629217 34.323007985949516 228.24906099960208 36.938024550676346 25.78073588758707 21.546329338103533
leaf_count=217 103 148 201 136 891 169 4998 112 121 264 1422 232 153 120
internal_value=-0.000238994 -3.83891e-05 0.000370178 0.00917486 -0.00347832 0.00321158 7.47117e-05 -0.00488133 -0.00808402 -0.0117252 0.000515879 0.00124165 0.0078344 0.000749688
internal_weight=1419.21 1399.24 1254.68 35.8587 144.559 42.1181 1218.82 95.513 78.9866 59.99 1123.31 895.062 84.2651 47.3271
internal_count=9287 9184 7907 284 1277 386 7623 698 586 465 6925 5503 505 273
is_linear=0
shrinkage=0.03


Tree=217
num_leaves=15
num_cat=0
split_feature=6 6 9 16 6 0 16 9 9 1 9 18 11 6
split_gain=2.78191 4.22852 4.77529 3.61761 3.13905 3.25759 6.86561 2.72919 4.46042 3.0881 5.65445 5.16155 7.10056 8.22162
threshold=25.950000000000003 20.850000000000005 2.0450000000000004 5.6699580697646654 19.250000000000004 18.500000000000004 5.6049363209762273 6.6950000000000012 5.8650000000000011 1.0000000180025095e-35 0.40500000000000008 30.500000000000004 1.5500000000000003 12.950000000000001
decision_type=2 2 2 8 2 2 10 2 2 2 2 10 2 2
left_child=1 4 -3 -2 5 7 -7 8 9 11 -11 12 -1 -14
right_child=3 2 -4 -5 -6 6 -8 -9 -10 10 -12 -13 13 -15
leaf_value=-0.0040895368642376749 0.00052965128106622727 0.014517682338336673 -0.00032845713556913658 -0.012344784724554725 -0.0090627100661462585 -0.0025725060302710478 0.015113046102592247 0.0075341511411607994 -0.012164109785315055 0.005893534554526134 -0.0025784587690061552 -0.0014909952410930032 0.011381574227239158 -0.0060506369770934017
leaf_weight=53.771142840385437 40.260006122291088 33.267458364367485 39.317188195884228 32.640956941992044 30.296662531793118 38.728902131319046 32.875947684049606 32.961144097149372 24.469752103090286 75.519887171685696 601.21117927879095 225.66187229007483 125.85492299497128 26.570902071893215
leaf_count=375 199 188 206 168 173 161 138 175 153 513 4024 1652 933 169
internal_value=-0.000145669 0.000173971 0.00697301 -0.00565715 -0.000241114 1.04331e-05 0.0060039 -0.000381687 -0.000644051 -0.000336296 -0.00159673 0.00163451 0.00500937 0.00824713
internal_weight=1413.41 1340.51 72.5846 72.901 1267.92 1237.63 71.6048 1166.02 1133.06 1108.59 676.731 431.859 206.197 152.426
internal_count=9227 8860 394 367 8466 8293 299 7994 7819 7666 4537 3129 1477 1102
is_linear=0
shrinkage=0.03


Tree=218
num_leaves=15
num_cat=0
split_feature=7 7 10 10 9 9 23 14 9 8 13 5 11 12
split_gain=2.95108 3.2921 5.43201 5.11879 3.24099 4.99843 3.97155 3.70988 3.64669 3.52285 3.02583 7.40847 6.18591 3.99513
threshold=13.850000000000003 9.3500000000000032 0.68500000000000016 1.3250000000000004 6.6950000000000012 5.9250000000000007 6.1500000000000012 1.0000000180025095e-35 1.8650000000000004 58.250000000000007 5.8500000000000005 67.350000000000009 2.6500000000000008 52.050000000000004
decision_type=2 2 2 2 2 2 2 2 2 2 2 2 2 2
left_child=1 4 -3 -4 5 6 7 10 -9 -8 13 -12 -13 -1
right_child=-2 2 3 -5 -6 -7 9 8 -10 -11 11 12 -14 -15
leaf_value=0.0085894033300686866 -0.0074723349520638659 0.013073355341993284 -0.0078180500403960042 0.0084912300934684402 0.0076519944894432035 -0.011852613121404695 -0.00031349770100108464 0.015112457336846394 -0.0011141341366749098 0.014988928919497378 -0.0091588118518307858 0.01877377733080576 -0.0051413615395375671 -0.00051155064582474714
leaf_weight=40.495952785015106 38.306515574455261 42.707191590219736 33.216418463736773 26.686885595321655 43.610201966017485 27.511006537824869 24.614039868116379 22.19768438488245 21.829763777554035 24.559120669960976 91.853684101253748 14.125121001154186 16.444325607270002 942.51971522718668
leaf_count=255 201 238 175 133 217 163 112 136 128 131 712 125 147 6354
internal_value=0.000239969 0.000481584 0.00551968 -0.000457869 5.43976e-05 -0.000245803 6.87244e-05 -0.000304085 0.00777385 0.00800721 -0.000659368 -0.00500904 0.0069947 -9.50605e-05
internal_weight=1410.68 1372.37 102.61 59.9033 1269.76 1226.15 1198.64 1149.47 44.0274 49.1732 1105.44 122.423 30.5694 983.016
internal_count=9227 9026 546 308 8480 8263 8100 7857 264 243 7593 984 272 6609
is_linear=0
shrinkage=0.03


Tree=219
num_leaves=15
num_cat=0
split_feature=4 4 4 4 13 15 15 12 19 15 15 7 7 12
split_gain=2.60729 3.59737 2.45679 5.33082 4.23594 3.13087 5.05388 2.8918 3.79812 4.23919 6.81155 4.01866 3.87658 6.65526
threshold=6.3802109374958755 6.2663935011327005 6.1194157252056671 6.0705791782984067 2.0500000000000003 32.150000000000013 13.050000000000002 64.550000000000011 1.0000000180025095e-35 16.350000000000005 21.050000000000004 1.1500000000000001 2.3500000000000001 60.350000000000001
decision_type=2 2 2 2 2 10 8 2 2 10 10 2 2 2
left_child=1 2 3 4 -1 6 -4 8 9 11 -11 -6 -13 -14
right_child=-2 -3 5 -5 7 -7 -8 -9 -10 10 -12 12 13 -15
leaf_value=-0.0091884621936632847 -0.0086123680463189769 0.0077140667571639994 0.0020748456890094706 0.0083748802352850409 -0.011141360612736769 0.0039424236873379743 -0.011336015528531114 0.0012832884897437701 -0.008448251065955632 0.015669655410427405 -0.00069509288839369435 0.0062573775187413846 0.0026280105518454171 -0.011005667042060891
leaf_weight=40.173594940453768 26.008879110217094 49.833070173859596 38.114233270287514 64.469123139977455 38.401365473866463 31.08587384223938 62.998942881822586 724.58757274597883 61.774664971977472 27.995008990168571 73.466632708907127 44.818171769380569 67.588099136948586 54.059703353792429
leaf_count=226 107 209 170 287 317 130 274 5142 431 189 434 362 506 410
internal_value=-9.14463e-06 0.000183595 -0.000126504 0.000307978 -0.000185877 -0.00392944 -0.00642127 0.000185455 -0.00196379 -0.000541451 0.00434409 -0.00300689 -0.000860218 -0.00362603
internal_weight=1405.37 1379.37 1329.53 1197.33 1132.86 132.199 101.113 1092.69 368.104 306.329 101.462 204.867 166.466 121.648
internal_count=9194 9087 8878 8304 8017 574 444 7791 2649 2218 623 1595 1278 916
is_linear=0
shrinkage=0.03


Tree=220
num_leaves=15
num_cat=0
split_feature=9 16 16 10 11 9 7 1 8 23 5 23 16 13
split_gain=2.2723 2.18943 2.53235 4.06354 4.97286 5.11111 3.53478 3.01488 4.35489 4.2608 4.37842 7.07659 4.09331 3.2891
threshold=8.3150000000000031 6.0394864804899884 5.8299212842645742 0.64500000000000013 1.9500000000000002 2.0250000000000004 3.1500000000000008 1.0000000180025095e-35 78.15000000000002 4.0500000000000007 69.850000000000009 1.7500000000000002 3.5578679449331911 3.1500000000000008
decision_type=2 10 10 2 2 2 2 2 2 2 2 2 10 2
left_child=1 2 7 6 -5 -6 -4 8 13 10 12 -12 -9 -1
right_child=-2 -3 3 4 5 -7 -8 9 -10 -11 11 -13 -14 -15
leaf_value=-0.0030916526604229094 0.0093670354821651144 -0.0066150687366189802 0.018103373269975201 -0.010327005617551016 -0.0040484384168522989 0.012042055289629962 0.0024586346790130592 -0.015521339939665526 -0.01080120010647286 0.0023052866303058233 0.016405610559439756 -0.003952904546837643 -0.0029376282537641974 0.0035020456769836068
leaf_weight=78.076284755021334 19.788763172924519 36.165778040885925 22.899771988391876 23.798296883702278 30.195995893329382 32.436887361109257 27.779600292444229 19.980330031365156 18.746749050915241 212.08937956765294 22.156564511358738 31.946778934448957 448.81490432843566 393.19679758697748
leaf_count=472 89 211 142 126 164 169 155 248 167 1057 211 273 2939 2851
internal_value=0.000363094 0.000202747 0.000407299 0.00419815 0.000119522 0.00455885 0.0105187 -3.23368e-05 0.00178006 -0.00124454 -0.00269255 0.00506694 -0.00363209 0.00238867
internal_weight=1418.07 1398.28 1362.12 137.111 86.4312 62.6329 50.6794 1225.01 490.02 734.988 522.899 54.1033 468.795 471.273
internal_count=9274 9185 8974 756 459 333 297 8218 3490 4728 3671 484 3187 3323
is_linear=0
shrinkage=0.03


Tree=221
num_leaves=15
num_cat=0
split_feature=5 4 13 4 13 5 15 15 18 5 11 11 12 24
split_gain=2.56762 1.87462 6.8788 3.52253 9.25572 5.91686 5.81955 5.19603 4.04671 3.89628 4.07521 3.35664 2.7212 2.75724
threshold=43.150000000000013 4.8450297401007179 5.2500000000000009 5.1945906263027615 4.7500000000000009 61.45000000000001 11.450000000000001 17.150000000000002 203.50000000000003 58.45000000000001 3.7500000000000004 2.6500000000000008 52.050000000000004 1.0000000180025095e-35
decision_type=2 2 2 2 2 2 8 8 8 2 2 2 2 2
left_child=-1 2 -2 4 5 -3 -7 -6 9 -5 -11 -4 -10 -14
right_child=1 3 11 8 7 6 -8 -9 12 10 -12 -13 13 -15
leaf_value=0.0096803655022672901 -0.013735798607724952 -0.01658988015023994 0.014261865248695016 -0.012397844460091238 0.0019354167214561007 0.016065104057977009 -0.0059220806215139104 0.020291260862312081 0.0071387682623615311 0.0047903121622382633 -0.0096301159657984099 -0.0041792452977128906 -0.00032612656892125661 0.0081864592982008651
leaf_weight=19.87691967189312 31.340520229190588 15.748408127576111 12.994061876088383 41.195787534117699 24.069072250276804 13.220231223851441 22.317836292088032 31.969248879700899 44.621904440224171 40.253176927566528 23.950520064681768 14.114767819643019 1039.8509156219661 30.405267640948296
leaf_count=94 390 153 141 254 244 137 233 292 251 274 172 172 6259 139
internal_value=0.000127652 -4.36432e-05 -0.00508157 0.000196392 0.0052805 -0.00378923 0.00322984 0.0132116 -0.000270485 -0.00574956 -0.000896195 0.00550452 0.000270859 -4.73467e-05
internal_weight=1405.93 1386.05 58.4493 1327.6 107.325 51.2865 35.5381 56.0383 1220.28 105.399 64.2037 27.1088 1114.88 1070.26
internal_count=9205 9111 703 8408 1059 523 370 536 7349 700 446 313 6649 6398
is_linear=0
shrinkage=0.03


Tree=222
num_leaves=15
num_cat=0
split_feature=24 4 4 13 5 8 8 0 16 6 0 6 4 4
split_gain=2.09725 1.80193 2.65119 10.9134 6.60407 6.58547 5.82072 5.08506 5.00361 3.43151 4.21363 4.60749 8.50465 7.35759
threshold=1.0000000180025095e-35 4.4018650053024659 5.1945906263027615 4.6500000000000012 61.45000000000001 69.65000000000002 71.15000000000002 2.5000000000000004 3.4826592348033558 2.2500000000000004 3.5000000000000004 13.250000000000002 5.6126058646306207 5.5753558576740643
decision_type=2 2 2 2 2 2 2 2 10 2 2 2 2 2
left_child=1 -1 3 4 -3 7 -6 -5 -7 -4 -11 12 13 -12
right_child=-2 2 9 5 6 8 -8 -9 -10 10 11 -13 -14 -15
leaf_value=-0.0080172342820931542 0.0064855379261906342 -0.018015976646753751 -0.0056905977879900304 0.0071650612683213542 -0.0056908049066795178 0.010143270392167166 0.015745741111416252 0.026804807991230653 -0.012233434049867448 -0.0061456221150802733 0.0047021000655559815 -0.0019867789674174151 0.0002947014170279788 0.020344404029676549
leaf_weight=18.718534663319588 44.21801221370697 18.385164756327868 87.366982828825712 30.742810383439064 28.576274618506432 13.190569777041675 12.332173220813273 21.67854343354702 12.827832635492085 78.889500144869089 145.32005263119936 342.53822611272335 521.47848509997129 29.84971196949482
leaf_count=266 205 192 599 333 313 147 141 165 154 894 1004 1810 2788 176
internal_value=0.000401467 0.000180928 0.000324488 0.00419071 -0.00528007 0.0112372 0.0017825 0.0169138 -0.0010827 -0.000132751 0.000324943 0.00084323 0.00223897 0.00785824
internal_weight=1406.11 1361.89 1343.18 137.733 59.2936 78.4398 40.9084 52.4214 26.0184 1205.44 1118.08 1039.19 696.648 175.17
internal_count=9187 8982 8716 1445 646 799 454 498 301 7271 6672 5778 3968 1180
is_linear=0
shrinkage=0.03


Tree=223
num_leaves=15
num_cat=0
split_feature=5 6 6 9 13 15 5 15 15 10 7 15 6 7
split_gain=2.56061 2.41274 3.7175 4.56017 3.6173 2.27464 2.20174 6.03228 2.35252 2.8792 8.62082 6.02089 7.25813 4.98752
threshold=43.150000000000013 25.950000000000003 21.050000000000004 2.1250000000000004 4.1500000000000012 2.1500000000000008 47.850000000000001 11.850000000000003 45.150000000000013 1.4850000000000001 1.4500000000000002 22.150000000000002 9.7500000000000018 2.9500000000000006
decision_type=2 2 2 2 2 8 2 10 10 2 2 10 2 2
left_child=-1 2 5 -4 -3 -2 7 -7 9 -8 -11 12 13 -12
right_child=1 4 3 -5 -6 6 8 -9 -10 10 11 -13 -14 -15
leaf_value=0.0096953972112736979 -0.0088164922016495725 -0.011082804026233566 0.014083179642449364 -0.00096231748785811379 0.0019212871442324971 -0.016046148182574143 0.0013611845561532011 0.0031102182588900011 -0.0058626063906868616 0.0085940621906540633 -0.0073528940443190289 -0.014353908992166682 -0.010730499250208568 0.008392112508035364
leaf_weight=19.829119682312012 21.416440568864346 37.247268125414848 32.80566980689764 33.68825127184391 33.035467557609081 21.917887680232525 926.21190197393298 29.915501683950424 47.409281469881535 44.7955082654953 21.596570916473866 45.303959578275681 45.942722130566835 54.418033383786678
leaf_count=93 184 183 187 179 174 116 6523 144 229 276 146 231 264 323
internal_value=0.00014584 -2.39577e-05 0.000271781 0.00692637 -0.00524876 -0.00010571 7.99108e-05 -0.00568915 0.000354944 0.000638414 -0.00247711 -0.00560554 -0.00191844 0.00374107
internal_weight=1415.53 1395.7 1325.42 66.4939 70.2827 1258.93 1237.51 51.8334 1185.68 1138.27 212.057 167.261 121.957 76.0146
internal_count=9252 9159 8802 366 357 8436 8252 260 7992 7763 1240 964 733 469
is_linear=0
shrinkage=0.03


Tree=224
num_leaves=15
num_cat=0
split_feature=9 9 13 12 4 9 9 6 7 15 7 12 7 23
split_gain=2.78607 2.35989 7.52822 4.68675 4.325 4.10173 3.87156 4.87313 4.69077 4.9915 3.83192 3.16004 5.71416 3.75286
threshold=8.3150000000000031 3.4950000000000006 3.2500000000000004 67.450000000000017 6.100671172656047 3.3650000000000007 3.9550000000000005 16.050000000000004 4.6500000000000012 9.5500000000000025 5.3500000000000005 53.250000000000007 1.9500000000000002 6.3500000000000005
decision_type=2 2 2 2 2 2 2 2 2 10 2 2 2 2
left_child=1 5 10 4 -4 11 -5 8 9 -8 -3 12 -1 -13
right_child=-2 2 3 6 -6 -7 7 -9 -10 -11 -12 13 -14 -15
leaf_value=0.017927818034979701 0.010163539027801049 0.0097321517160600755 -0.0060890429507192033 -0.009409226384512465 -0.021025214091696439 0.012242602323753958 -0.010126070520459492 -0.009308653494398425 0.014083336248681494 0.0075776907626955532 -0.0029473906632279862 -0.00059176798009136775 -0.00045691471372822718 0.0088543533923846045
leaf_weight=19.800070930272341 18.77545154094696 52.796364858746529 92.604998107999563 31.963982816785574 19.155402451753616 21.084345407783985 21.240909222513437 21.729233361780643 28.564072996377945 26.603292606770992 31.11344625428319 952.03590072318912 38.747701857239008 34.414523750543594
leaf_count=124 83 286 625 210 84 126 150 121 161 163 158 6518 239 170
internal_value=-1.982e-05 -0.000193077 -0.00240743 -0.00507309 -0.00943979 0.000491661 -0.00111145 0.00191631 0.00548417 -0.000496503 0.00512927 0.000197399 0.00668194 -0.000219227
internal_weight=1410.63 1391.85 325.772 241.862 111.76 1066.08 130.101 98.1375 76.4083 47.8442 83.9098 1045 58.5478 986.45
internal_count=9218 9135 1958 1514 709 7177 805 595 474 313 444 7051 363 6688
is_linear=0
shrinkage=0.03


Tree=225
num_leaves=15
num_cat=0
split_feature=23 9 8 15 8 5 9 4 4 4 23 5 11 10
split_gain=2.48525 4.85169 5.37251 5.26629 4.39157 6.30617 4.21253 5.19926 4.98148 4.6303 4.51782 4.57429 4.44212 4.17091
threshold=3.5500000000000003 0.38500000000000006 48.850000000000001 7.6500000000000012 49.150000000000013 58.250000000000007 3.5750000000000006 5.4243776387234393 5.6126058646306207 5.7369965295207175 3.8500000000000001 58.150000000000013 2.3500000000000001 0.58500000000000008
decision_type=2 2 2 10 2 2 2 2 2 2 2 2 2 2
left_child=1 3 -3 -1 5 -2 7 -6 -9 -10 -11 13 -13 -12
right_child=4 2 -4 -5 6 -7 -8 8 9 10 11 12 -14 -15
leaf_value=-0.0025524425485044561 0.014927409735373209 -0.010917293371803751 -0.001132314800190194 0.010867334409010115 -0.0071038074559816563 -0.0020498344869796402 -0.0042318463821312147 0.013309183817097206 -0.0076276638775967104 -0.005509650043211846 0.0095445649249011714 0.00073288060522186133 0.015975856386959617 -0.0032239704462840068
leaf_weight=43.939594365656376 43.068415574729443 49.305943593382835 751.54951382800937 55.243699204176664 41.518817074596882 31.527390480041504 121.53705553337932 36.94821785017848 33.301056511700153 34.901456668972969 29.985186100006104 26.02569891512394 48.822636693716049 62.698538810014725
leaf_count=367 189 266 5496 377 367 148 630 229 207 174 138 124 227 277
internal_value=-6.95721e-05 -0.00101626 -0.00179874 0.00508501 0.00159369 0.00807407 0.000405276 0.00223716 0.00376173 0.00201994 0.00375261 0.00578595 0.0110535 0.00118403
internal_weight=1410.37 900.039 800.855 99.1833 510.334 74.5958 435.739 314.202 272.683 235.735 202.434 167.532 74.8483 92.6837
internal_count=9216 6506 5762 744 2710 337 2373 1743 1376 1147 940 766 351 415
is_linear=0
shrinkage=0.03


Tree=226
num_leaves=15
num_cat=0
split_feature=6 4 6 15 13 24 7 11 13 17 4 7 17 9
split_gain=2.60084 5.67734 6.81266 4.8633 7.21946 4.9025 4.95111 5.27821 5.22753 4.99382 4.50764 4.28731 4.2365 3.69639
threshold=9.6500000000000004 6.1997102591538349 9.0500000000000025 34.250000000000007 1.9500000000000002 1.0000000180025095e-35 9.7500000000000018 5.0500000000000007 3.6500000000000008 0.24500000000000002 5.7279875176021298 12.550000000000002 0.80500000000000016 4.1250000000000009
decision_type=2 2 2 10 2 2 2 2 2 10 2 2 10 2
left_child=1 2 3 4 -1 6 7 12 -9 -10 -8 13 -6 -2
right_child=11 -3 -4 -5 5 -7 10 8 9 -11 -12 -13 -14 -15
leaf_value=-0.015820546734271398 0.00038028427670601167 0.010320743761698893 0.011734553570494712 -0.0084507159342964711 0.002125840557012012 0.013512477434447759 0.018716066368516047 0.0039540291608280284 -0.011637377587030918 0.0041469749922272642 1.5877081435807361e-05 -0.012166407803784422 -0.010278830090569306 -0.0055237515789739438
leaf_weight=18.585722018033266 459.3486378416419 51.576733261346817 40.396023113280535 54.689782008528709 415.65977032482624 22.341781243681908 19.708437919616699 38.228285174816847 83.59642019867897 19.907777231186628 21.88507828861475 26.823126807808876 21.401694126427174 115.28790456056595
leaf_count=105 2769 217 264 303 3184 104 138 264 690 158 113 136 141 626
internal_value=4.41294e-05 0.0011531 0.00046432 -0.000248499 0.000488137 0.00107822 0.000525972 -0.000229422 -0.00515777 -0.00855025 0.00993425 -0.00144285 0.00140903 -0.000841658
internal_weight=1409.44 807.978 756.401 716.005 661.315 642.729 620.387 578.794 141.732 103.504 41.5935 601.46 437.061 574.637
internal_count=9212 5681 5464 5200 4897 4792 4688 4437 1112 848 251 3531 3325 3395
is_linear=0
shrinkage=0.03


Tree=227
num_leaves=15
num_cat=0
split_feature=4 9 5 7 16 16 9 4 6 13 10 8 4 8
split_gain=2.59894 4.4329 4.35437 4.80013 2.62451 2.60022 3.77263 2.70765 7.15376 5.68385 5.07931 4.91564 3.18264 3.72723
threshold=4.8450297401007179 0.56500000000000006 66.550000000000011 2.0500000000000003 6.0394864804899884 5.9234082660476366 2.5450000000000004 5.1945906263027615 3.8500000000000001 4.2500000000000009 0.40500000000000008 65.550000000000011 5.2585103753927083 66.350000000000009
decision_type=2 2 2 2 10 10 2 2 2 2 2 2 2 2
left_child=1 -1 3 -3 5 7 -7 8 -2 -10 -11 -12 13 -9
right_child=4 2 -4 -5 -6 6 -8 12 9 10 11 -13 -14 -15
leaf_value=-0.019169592025709954 0.016043597733809773 0.017358273141019273 -0.0099298089652389912 -0.0052502407774739183 -0.006673999088505596 0.012658998999854055 -0.0020038845330122394 -0.017069164133230667 -0.01015346449002251 -0.0075603482196190258 0.020134884157287855 -0.00069511510297757466 0.00035427058233298805 0.0022245101294555503
leaf_weight=11.244971230626104 30.747244883328676 12.511663302779199 20.397432535886765 12.9018647223711 38.48666163533926 33.455320306122303 24.759316630661488 15.560945808887483 27.313899286091328 14.621661871671675 18.800915319472551 17.27327611669898 1108.1762592792511 14.219239279627798
leaf_count=143 310 144 252 152 224 191 134 143 270 152 159 175 6600 136
internal_value=0.000306161 -0.00569838 -0.000830697 0.00690427 0.000581363 0.000820006 0.00675748 0.000516873 0.00492995 -0.000152975 0.00566289 0.0112905 7.53842e-05 -0.0088615
internal_weight=1400.47 57.0559 45.811 25.4135 1343.41 1304.93 58.2146 1246.71 108.757 78.0098 50.6959 36.0742 1137.96 29.7802
internal_count=9185 691 548 296 8494 8270 325 7945 1066 756 486 334 6879 279
is_linear=0
shrinkage=0.03


Tree=228
num_leaves=15
num_cat=0
split_feature=1 5 7 9 13 11 8 23 7 6 4 5 23 10
split_gain=2.43235 4.69574 7.83558 4.65199 4.45943 8.41096 6.69614 5.51838 7.45616 5.46835 5.17702 5.22655 4.76863 4.33712
threshold=1.0000000180025095e-35 69.750000000000014 0.45000000000000007 6.6150000000000011 3.9500000000000006 0.75000000000000011 50.150000000000013 1.8500000000000003 1.8500000000000003 13.65 5.6723329579150699 66.950000000000017 6.1500000000000012 0.71500000000000008
decision_type=2 2 2 2 2 2 2 2 2 2 2 2 2 2
left_child=1 2 -1 4 5 -2 -7 8 -6 10 11 -10 -9 -3
right_child=3 13 -4 -5 7 6 -8 12 9 -11 -12 -13 -14 -15
leaf_value=-0.012470117819262647 -0.010508087778890682 0.001599360242437542 0.0039234018160207718 0.0087006812173973016 -0.0081262999851624274 -0.0065797021039610826 0.004529375586224081 -0.006063105635176487 -0.0048363019735989179 -0.006689974131262569 0.018683583700266019 0.015929345938869837 0.0079340576783004987 -0.013049981549718627
leaf_weight=23.152124460786581 44.334199819713831 36.566828269511461 418.86906836926937 39.426525451242924 39.437184758484364 53.884365104138851 291.5810821428895 323.10730822756886 27.107243124395609 17.711920984089375 31.172663286328316 11.673982862383125 19.247563846409321 29.394051041454077
leaf_count=171 258 337 2831 191 357 252 1674 2118 264 127 188 126 94 238
internal_value=0.000162748 0.00181212 0.00293487 -0.000774431 -0.00125701 0.0011081 0.00272747 -0.00321179 0.00206739 0.00684414 0.0104886 0.00251992 -0.00517329 -0.00538834
internal_weight=1406.67 507.982 442.021 898.684 859.258 389.8 345.465 469.458 127.103 87.6658 69.9539 38.7812 342.355 65.9609
internal_count=9226 3577 3002 5649 5458 2184 1926 3274 1062 705 578 390 2212 575
is_linear=0
shrinkage=0.03


Tree=229
num_leaves=15
num_cat=0
split_feature=12 8 13 6 6 23 10 12 12 0 8 10 11 10
split_gain=2.42097 2.30118 4.56852 3.31347 4.13348 3.07792 3.0087 8.03327 8.4366 5.42234 6.18841 5.32269 4.91258 4.60471
threshold=87.850000000000009 60.650000000000013 2.0500000000000003 24.350000000000005 21.250000000000004 6.1500000000000012 0.59500000000000008 60.050000000000004 66.950000000000017 5.5000000000000009 55.850000000000001 1.2550000000000001 1.6500000000000001 2.1150000000000007
decision_type=2 2 2 2 2 2 2 2 2 2 2 2 2 2
left_child=1 3 -3 4 6 -4 7 -1 -9 -10 -11 12 -8 -13
right_child=-2 2 5 -5 -6 -7 11 8 9 10 -12 13 -14 -15
leaf_value=-0.01279893455400246 0.0094085263265726148 -0.013219447551987402 -0.0012603183532452554 -0.0057192849448590025 0.012210329458808511 0.009501077196797934 0.013663549824920693 0.010406976318860202 -0.013626060990192736 0.005887501624615446 -0.008815985242858931 -0.0041286734071832457 0.0030813970975341952 0.0061666613518594152
leaf_weight=41.148941610008478 19.14689189568162 23.172142565250397 657.38640156388283 54.545520193874836 26.967858135700226 19.851789094507694 50.762909013777971 55.799453869462013 28.040493175387383 63.536515139043331 36.286054834723473 125.12366017326713 150.71339587494731 50.998669423162937
leaf_count=252 128 131 4981 266 137 108 289 343 276 313 192 673 861 247
internal_value=-9.18035e-06 -0.000172829 -0.00137667 0.00106108 0.00168915 -0.000877551 0.00112152 -0.00160392 0.00117701 -0.003091 0.000377129 0.00274392 0.00601393 -0.00105958
internal_weight=1403.48 1384.33 700.41 683.923 629.378 677.238 602.41 224.811 183.663 127.863 99.8226 377.599 201.476 176.122
internal_count=9197 9069 5220 3849 3583 5089 3446 1376 1124 781 505 2070 1150 920
is_linear=0
shrinkage=0.03


Tree=230
num_leaves=15
num_cat=0
split_feature=12 7 8 10 7 15 15 10 0 12 5 11 8 23
split_gain=2.45724 3.32428 4.38795 5.37081 3.72685 3.074 4.1821 2.92741 2.70513 2.87112 4.81236 5.41759 4.33755 7.96051
threshold=62.350000000000001 10.050000000000002 66.750000000000014 0.96500000000000008 1.1500000000000001 43.650000000000013 17.350000000000005 0.51500000000000012 22.500000000000004 69.65000000000002 49.250000000000007 5.3500000000000005 67.350000000000009 3.0500000000000003
decision_type=2 2 2 2 2 8 10 2 2 2 2 2 2 2
left_child=1 2 3 4 -1 6 7 -6 9 10 -2 12 -12 -14
right_child=8 -3 -4 -5 5 -7 -8 -9 -10 -11 11 -13 13 -15
leaf_value=-0.011954398872026232 -0.0078065328151342393 -0.011133851673699851 -0.0068870204972964651 0.0059270481865286943 0.0024215403468421082 -0.0083353585820381496 0.0090427781136417067 -0.010755004694807986 0.0093865418947336032 -0.00091127485929032379 0.0029624785607494371 -0.002962964976254629 0.0039782710145617999 0.024238187039933426
leaf_weight=26.851576454937458 34.003463670611382 28.77990485727787 85.801998473703861 102.48721486702561 33.333026073873043 27.970665853470564 40.036647230386734 20.83803965523839 26.24130542576313 599.72288128733635 220.00512154400349 92.081594090908766 53.342678137123585 22.935653056949377
leaf_count=186 174 156 720 574 225 189 219 146 111 3986 1347 611 451 158
internal_value=-5.06795e-05 -0.00214975 -0.0012318 0.000794045 -0.00281371 -0.000413822 0.00223968 -0.0031276 0.000689083 0.000421175 0.00230165 0.00327466 0.00523024 0.0111864
internal_weight=1414.43 366.099 337.319 251.517 149.03 122.178 94.2077 54.1711 1048.33 1022.09 422.369 388.365 296.283 76.2783
internal_count=9253 2415 2259 1539 965 779 590 371 6838 6727 2741 2567 1956 609
is_linear=0
shrinkage=0.03


Tree=231
num_leaves=15
num_cat=0
split_feature=1 9 23 12 5 4 10 13 5 9 13 12 10 5
split_gain=1.93302 3.759 3.32357 4.86364 5.01892 5.58686 4.86537 3.86581 4.03086 4.55419 6.69231 3.80734 4.03736 3.78576
threshold=1.0000000180025095e-35 5.9250000000000007 4.1500000000000012 74.750000000000014 54.95000000000001 5.8066560796343705 0.89500000000000013 1.8500000000000003 52.550000000000004 4.455000000000001 3.6500000000000008 69.250000000000014 0.91500000000000015 74.450000000000017
decision_type=2 2 2 2 2 2 2 2 2 2 2 2 2 2
left_child=1 -1 7 4 -4 -6 -5 -2 9 10 -9 12 -7 -10
right_child=2 -3 3 6 5 11 -8 8 13 -11 -12 -13 -14 -15
leaf_value=0.0022049822363394383 -0.013717911674125878 -0.0093199809354153843 -0.0017815165010071484 -0.014237385254126425 -0.0029810052665308509 -0.00064137432624957011 0.003148188744666147 0.016430511345425444 -0.0029548776500909315 -0.0074107124819095165 0.00021003278832887784 0.019833600420508187 0.013849974455647436 0.009508159937091195
leaf_weight=488.70028108730912 18.622838467359543 21.965178564190865 72.194609448313713 23.845891907811165 29.466481734067202 34.504776366055012 26.15076445415616 32.957404013723135 507.49016606062651 22.053357135504484 58.010869577527046 29.156410694122314 28.878133825957775 18.123592488467693
leaf_count=3457 99 129 331 126 207 157 125 171 3580 114 331 128 127 169
internal_value=0.000157774 0.0016237 -0.000677034 0.00228104 0.00442293 0.0080199 -0.00568437 -0.001785 -0.00133317 0.00369771 0.0066365 0.0114961 0.00649101 -0.0024396
internal_weight=1412.12 510.665 901.455 244.197 194.2 122.006 49.9967 657.258 638.635 113.022 90.9683 92.5393 63.3829 525.614
internal_count=9251 3586 5665 1201 950 619 251 4464 4365 616 502 412 284 3749
is_linear=0
shrinkage=0.03


Tree=232
num_leaves=15
num_cat=0
split_feature=11 6 4 4 4 4 15 15 13 9 15 11 15 5
split_gain=2.09291 2.47136 2.25937 2.24012 2.8583 4.59119 3.96742 7.15822 3.07472 3.9306 3.19697 2.65215 2.7483 2.71209
threshold=0.15000000000000005 35.45000000000001 6.3333277891718245 6.2663935011327005 6.1194157252056671 6.0818669689277494 31.750000000000004 13.050000000000002 2.3500000000000001 1.6850000000000003 31.450000000000003 1.5500000000000003 40.850000000000001 58.350000000000001
decision_type=2 2 2 2 2 2 10 8 2 2 10 2 10 2
left_child=-1 2 3 4 5 8 7 -6 9 -2 -10 -12 13 -13
right_child=1 -3 -4 -5 6 -7 -8 -9 10 -11 11 12 -14 -15
leaf_value=-0.0069707844780345345 -0.013748828150173946 0.0097819764268223947 -0.0067615452968753367 0.007684864611643678 0.003093098636703491 0.009072934543132502 0.0045540155429704332 -0.013292662552639894 0.00097546013882108379 0.00043273667091882849 -0.012606044995502995 0.0014253997744898765 0.0047214040854050947 -0.011762021476390711
leaf_weight=33.720147844403982 27.324408482760191 18.332138009369373 38.887747779488564 29.647788062691689 35.965752482414246 47.758783593773842 30.905504807829857 58.614323809742928 948.46991919726133 37.94101282581687 22.096651814877987 24.01927362382412 32.427399478852749 25.78393904492259
leaf_count=231 163 87 160 127 161 211 130 256 6891 209 129 128 174 164
internal_value=-9.19052e-05 0.000100992 -6.48753e-05 0.000157022 -4.47881e-05 0.000424761 -0.00425624 -0.00721924 1.65995e-05 -0.00606046 0.000420197 -0.00444161 -0.00165088 -0.00585216
internal_weight=1411.89 1378.17 1359.84 1320.95 1291.31 1165.82 125.486 94.5801 1118.06 65.2654 1052.8 104.327 82.2306 49.8032
internal_count=9221 8990 8903 8743 8616 8069 547 417 7858 372 7486 595 466 292
is_linear=0
shrinkage=0.03


Tree=233
num_leaves=15
num_cat=0
split_feature=10 5 15 11 9 6 10 9 12 15 0 7 5 5
split_gain=2.10045 6.11384 4.3866 4.32237 4.6551 4.99123 2.91508 3.626 4.74247 4.71899 6.63053 4.24816 3.38165 3.28741
threshold=0.20500000000000004 61.650000000000013 23.650000000000002 4.8500000000000005 0.82500000000000007 10.450000000000001 0.22500000000000003 4.3550000000000013 65.450000000000017 20.550000000000004 10.500000000000002 2.9500000000000006 56.750000000000007 68.15000000000002
decision_type=2 2 10 2 2 2 2 2 2 8 2 2 2 2
left_child=1 3 -3 4 -1 -6 -2 13 11 12 -11 -9 -10 -8
right_child=6 2 -4 -5 5 -7 7 8 9 10 -12 -13 -14 -15
leaf_value=-0.013510089687022709 0.010629392326891536 -0.012107180246566786 0.0044934143949703804 0.010010148230273545 0.0081195950708665785 -0.0073288294026781463 8.0038260487615509e-05 -0.017372863842392703 -0.0024193776141532581 -0.014985932638569739 0.0037249598887246233 -0.002617095138776772 0.011935324178338492 0.0049053940264588538
leaf_weight=19.053190715610981 19.048883456736803 67.601034965366125 15.058027289807795 31.996318705379963 40.057638339698315 27.506537217646837 865.31392593309283 29.526842907071114 22.435969483107328 27.942962668836117 32.068023219704628 40.080205909907818 31.406578779220581 143.97488385438919
leaf_count=121 134 617 96 197 266 154 5451 173 119 186 138 225 193 1185
internal_value=-0.000186927 -0.00298572 -0.00899924 0.00139946 -0.00215402 0.00175865 0.000288295 7.94589e-05 -0.00374225 0.000105527 -0.00546991 -0.0096212 0.00625647 0.000789163
internal_weight=1413.07 201.273 82.6591 118.614 86.6174 67.5642 1211.8 1192.75 183.461 113.854 60.011 69.607 53.8425 1009.29
internal_count=9255 1451 713 738 541 420 7804 7670 1034 636 324 398 312 6636
is_linear=0
shrinkage=0.03


Tree=234
num_leaves=15
num_cat=0
split_feature=4 4 1 18 9 9 12 12 11 16 16 18 11 23
split_gain=2.39082 1.99633 1.94133 4.13 4.21108 5.73047 5.29398 5.17976 5.08886 6.51781 5.35753 4.05691 3.87703 3.8009
threshold=6.3802109374958755 6.2663935011327005 1.0000000180025095e-35 144.50000000000003 1.385 0.34500000000000003 69.65000000000002 60.750000000000007 4.4500000000000011 5.4885597986431112 5.579398847042806 170.50000000000003 1.1500000000000001 3.8500000000000001
decision_type=2 2 2 10 2 2 2 2 2 8 8 10 2 2
left_child=1 2 3 4 5 -1 7 -7 9 -6 -10 -5 -13 -14
right_child=-2 -3 -4 11 8 6 -8 -9 10 -11 -12 12 13 -15
leaf_value=-0.003030406840958511 -0.0080602082373682233 0.0059241262178644227 -0.00082485025914945235 -0.013422820861346517 -0.008558676933605 0.0030146783314537605 0.0024199988013223262 0.022113559934814956 0.01451564244590354 0.0037624176110155746 -0.0023337448907850252 0.0087429714449700005 0.00032769456095971733 -0.011842303429603018
leaf_weight=33.918317310512066 26.445182114839554 49.665911495685577 821.48993073776364 20.422511041164398 72.468599949032068 20.57152146473527 44.118682518601418 38.705363847315311 34.849943701177835 72.867898687720299 27.488565631210804 27.840267147868872 85.954131446778774 26.455617345869541
leaf_count=265 109 209 5317 156 498 155 335 280 237 481 202 172 612 159
internal_value=0.000119943 0.000305659 7.39539e-05 0.00152792 0.00336316 0.00733941 0.010724 0.0162356 0.000623347 -0.00246153 0.00746419 -0.00239522 -0.000382652 -0.00291885
internal_weight=1403.26 1376.82 1327.15 505.661 344.989 137.314 103.396 59.2769 207.675 145.336 62.3385 160.673 140.25 112.41
internal_count=9187 9078 8869 3552 2453 1035 770 435 1418 979 439 1099 943 771
is_linear=0
shrinkage=0.03


Tree=235
num_leaves=15
num_cat=0
split_feature=5 5 23 7 5 6 23 13 23 6 8 8 4 13
split_gain=3.3871 6.06377 4.12305 3.55974 5.66849 3.81964 4.47408 5.0021 3.27391 3.21791 3.14298 2.96205 3.10295 4.73608
threshold=57.050000000000004 57.550000000000004 6.3500000000000005 8.8500000000000032 50.250000000000007 9.5500000000000025 3.4500000000000006 3.1500000000000008 4.7500000000000009 11.050000000000002 59.650000000000013 54.850000000000001 5.8343666368707661 5.1500000000000012
decision_type=2 2 2 2 2 2 2 2 2 2 2 2 2 2
left_child=3 -2 -3 5 -5 6 11 -8 10 -7 -9 -1 13 -13
right_child=1 2 -4 4 -6 9 7 8 -10 -11 -12 12 -14 -15
leaf_value=-0.011251170862454252 0.012954172491626571 0.00027097842160120193 0.011297608339205616 0.014053649801464146 -0.0020046464588573286 -0.013700994443445942 0.015326104813078277 0.011340774359071978 -0.0077021179773743668 -0.0039218196311347009 -0.0029520300615777659 0.0077255689220363548 -0.0081965301612695364 -0.0080690793582704218
leaf_weight=30.235618442296982 32.823902864009142 835.86950467899442 26.688858956098557 25.957246109843254 51.968052558600903 34.069189392030239 23.174595899879932 24.642213437706232 24.177107352763414 172.3169321231544 22.886172529309988 46.285545084625483 31.032185956835747 20.906610991805792
leaf_count=172 189 6006 139 119 263 195 109 123 124 907 139 343 166 182
internal_value=8.68769e-05 0.00119487 0.000675304 -0.00185997 0.00386928 -0.00293145 -0.000191325 0.00461479 0.000379625 -0.00582201 0.00483253 -0.00378101 -0.00104793 0.00259263
internal_weight=1403.03 895.382 862.558 507.651 77.9253 429.726 223.34 94.8801 71.7055 206.386 47.5284 128.46 98.2243 67.1922
internal_count=9176 6334 6145 2842 382 2460 1358 495 386 1102 262 863 691 525
is_linear=0
shrinkage=0.03


Tree=236
num_leaves=15
num_cat=0
split_feature=0 14 9 7 11 5 8 9 12 7 9 11 23 18
split_gain=2.06444 2.19083 3.09401 3.38164 4.19249 4.7889 4.21312 3.803 4.07166 4.89727 7.72325 8.8201 3.87356 8.11866
threshold=22.500000000000004 1.0000000180025095e-35 6.5050000000000008 8.8500000000000032 6.0500000000000007 51.650000000000013 54.650000000000013 5.9250000000000007 69.65000000000002 5.9500000000000011 1.5250000000000001 3.0500000000000003 1.3500000000000003 118.50000000000001
decision_type=2 2 2 2 2 2 2 2 2 2 2 2 2 10
left_child=1 2 3 7 5 -5 -7 8 -1 12 -11 -12 13 -10
right_child=-2 -3 -4 4 -6 6 -8 -9 9 10 11 -13 -14 -15
leaf_value=0.00016113669153407302 0.0062470795646389398 0.0050549119313142892 0.0060707109933108242 0.011614854290777988 0.013217701963937008 0.0069078246449287475 -0.0067158341660226925 -0.01373569983116819 -0.0014380050944588487 -0.022148972389667829 0.010853889548285511 -0.01442814870802986 -0.0035560517174473053 0.021213061475575154
leaf_weight=636.60553984716535 36.100358247756958 54.567893780767918 51.135978557169437 22.084149435162544 25.023079328238964 24.581690244376659 63.062323115766048 18.094513446092606 58.879380945116282 25.675553202629089 20.122945129871368 19.654842630028725 338.32209527492523 13.558119624853132
leaf_count=4317 153 322 261 104 140 119 382 112 531 178 122 123 2249 105
internal_value=-0.000380925 -0.000577464 -0.000829106 -0.00113067 0.00328201 0.000538911 -0.00272819 -0.00166858 -0.00141181 -0.00349436 -0.0108224 -0.00185454 -0.00221055 0.00389754
internal_weight=1407.47 1371.37 1316.8 1265.66 134.751 109.728 87.644 1130.91 1112.82 476.213 65.4533 39.7778 410.76 72.4375
internal_count=9218 9065 8743 8482 745 605 501 7737 7625 3308 423 245 2885 636
is_linear=0
shrinkage=0.03


Tree=237
num_leaves=15
num_cat=0
split_feature=5 13 4 11 5 16 5 5 12 9 11 10 4 13
split_gain=2.79223 7.93418 5.77252 4.94731 4.39168 9.11101 4.90283 6.43209 4.25766 4.25432 4.2355 5.00407 4.22138 10.0225
threshold=67.15000000000002 5.2500000000000009 5.549022868977084 3.0500000000000003 64.250000000000014 5.5922422850595153 61.850000000000001 61.550000000000004 71.850000000000009 2.8350000000000004 2.5500000000000003 0.66500000000000015 5.2768419326554152 4.4500000000000011
decision_type=2 2 2 2 2 8 2 2 2 2 2 2 2 2
left_child=4 2 -2 -4 6 8 7 12 -6 -7 -3 -12 13 -1
right_child=1 10 3 -5 5 9 -8 -9 -10 -11 11 -13 -14 -15
leaf_value=-0.018466465592455461 -0.011689161345075796 0.013658453637985034 -0.0076076418577193661 0.0056525431577808859 -0.0068702119512707872 0.0066572746193156772 -0.0048088534015716085 0.014995844508265313 0.0076336792408906833 0.021685775905608752 -0.010178923438257104 0.0089142934889969733 0.0011958273104452786 0.0031056287695451564
leaf_weight=28.699568014591932 79.734760597348213 28.225365467369556 43.910393781960011 47.578727468848228 50.583211548626423 59.032291427254677 147.97129663452506 23.647292844951153 22.340006411075592 24.005375508219004 19.918507229536772 19.5310287065804 771.04464169591665 42.830112434923649
leaf_count=282 800 242 277 283 401 408 1043 144 183 154 192 166 4233 422
internal_value=0.000271428 -0.0026508 -0.00604553 -0.000776142 0.000876771 0.00548034 0.000145429 0.00101448 -0.00222223 0.0119867 0.0057632 -0.000786663 0.000535937 -0.00619066
internal_weight=1409.05 238.899 171.224 91.4891 1170.15 155.961 1014.19 866.222 72.9232 83.0377 67.6749 39.4495 842.574 71.5297
internal_count=9230 1960 1360 560 7270 1146 6124 5081 584 562 600 358 4937 704
is_linear=0
shrinkage=0.03


Tree=238
num_leaves=15
num_cat=0
split_feature=16 16 16 8 13 11 11 7 7 10 12 23 6 5
split_gain=2.57741 6.88127 4.43187 4.00973 3.26918 3.20013 5.04815 2.86041 3.22727 7.65132 4.95052 6.95674 3.24197 2.48163
threshold=5.3950650364007915 5.4174642079966882 5.2759731750840464 71.350000000000009 4.1500000000000012 2.0500000000000003 4.4500000000000011 0.45000000000000007 1.5500000000000003 1.4850000000000001 71.450000000000017 2.4500000000000006 13.550000000000002 64.450000000000017
decision_type=10 10 10 2 2 2 2 2 2 2 2 2 2 2
left_child=2 -2 7 -3 -4 -5 -7 13 9 10 12 -12 -9 -1
right_child=1 3 4 5 -6 6 -8 8 -10 -11 11 -13 -14 -15
leaf_value=-0.013633067114350294 0.0154721868393901 -1.2084572042950199e-05 -0.0017633329670189515 -0.0017091706436687165 -0.013128383363506047 0.020408678979010286 0.00027458481794017644 -0.0070932996967632356 -0.00094834622946870747 0.019220201900111335 0.01808233590405978 -0.0062416838653499354 0.0072277215495314016 0.0019007710031768437
leaf_weight=20.525452099740505 24.742030054330826 632.84487224370241 49.849822208285332 20.805281169712543 39.968395937234163 22.19269211217761 19.300401043146849 54.941278025507927 440.89444370940328 20.330892845988274 22.364438988268375 13.980063550174235 14.242520984262226 12.801455367356537
leaf_count=164 138 3489 266 139 258 138 125 489 3360 133 199 113 99 126
internal_value=8.69472e-05 0.00133814 -0.00121887 0.000728173 -0.0072463 0.00769014 0.0120801 -0.000264275 0.000269777 0.00441015 0.000816475 0.00910267 -0.00385666 -0.00819669
internal_weight=1409.78 719.885 689.899 695.143 89.8182 62.2984 41.4931 600.081 566.754 125.859 105.528 36.3445 69.1838 33.3269
internal_count=9236 4029 5207 3891 524 402 263 4683 4393 1033 900 312 588 290
is_linear=0
shrinkage=0.03


Tree=239
num_leaves=15
num_cat=0
split_feature=4 10 4 12 10 23 23 6 9 23 15 6 7 15
split_gain=2.11697 2.46853 4.46328 5.20924 2.59054 2.96999 2.60476 4.86467 4.86002 4.46202 8.55242 3.73049 4.19831 3.41643
threshold=6.3802109374958755 2.0950000000000002 6.0705791782984067 69.15000000000002 1.8450000000000004 2.7500000000000004 1.0500000000000003 4.9500000000000011 2.2050000000000005 1.2500000000000002 19.250000000000004 9.0500000000000025 2.4500000000000006 13.15
decision_type=2 2 2 2 2 2 2 2 2 2 8 2 2 8
left_child=1 4 3 -3 6 -6 7 8 -1 10 -8 12 -9 -11
right_child=-2 2 -4 -5 5 -7 9 11 -10 13 -12 -13 -14 -15
leaf_value=0.0094023083377046315 -0.0078791858812840097 0.0067902313304275194 0.013352730635007722 -0.0081491524389357296 0.0016182101365294673 -0.011964859983836345 -0.0041544746389481444 -0.0023882571857548563 -0.0078314299095971901 0.0026005946249240638 0.023784734409950516 -0.0021097747119778482 -0.022671454991367253 -0.0010143148655924234
leaf_weight=34.279452260583639 25.475190863013268 43.339216060936451 29.574514612555504 32.157237861305475 22.894262675195932 30.023821789771318 16.541645113378763 16.756668891757727 18.95015287026763 345.17947287857533 15.538998015224932 47.001556936651468 19.567671738564968 712.34787432104349
leaf_count=323 105 237 127 182 147 162 144 164 178 2404 118 381 181 4379
internal_value=-5.77976e-05 0.000113996 0.00442531 0.00031597 -0.000256013 -0.00645595 3.66931e-05 -0.00379288 0.00312133 0.000531769 0.0107609 -0.00813642 -0.0147358 0.000172286
internal_weight=1409.63 1384.15 105.071 75.4965 1279.08 52.9181 1226.16 136.556 53.2296 1089.61 32.0806 83.3259 36.3243 1057.53
internal_count=9232 9127 546 419 8581 309 8272 1227 501 7045 262 726 345 6783
is_linear=0
shrinkage=0.03


Tree=240
num_leaves=15
num_cat=0
split_feature=10 11 10 9 13 23 10 10 7 16 16 8 8 9
split_gain=2.16739 3.34716 4.18387 3.7934 3.6728 2.98245 2.8902 3.25682 2.95924 2.94998 6.33195 10.087 6.11264 4.53063
threshold=0.18500000000000003 4.6500000000000012 0.065000000000000016 1.8650000000000004 4.0500000000000007 2.8500000000000001 0.30500000000000005 0.36500000000000005 4.7500000000000009 5.6374812235346061 5.5082076464297929 56.850000000000001 73.350000000000009 1.135
decision_type=2 2 2 2 2 2 2 2 2 8 10 2 2 2
left_child=1 2 3 -1 -3 -4 8 -8 -2 10 12 -12 -9 -14
right_child=6 4 5 -5 -6 -7 7 9 -10 -11 11 -13 13 -15
leaf_value=0.0097928068130843007 0.001822057478067832 0.011440100986363794 -0.0030361269643414254 -0.006086081870054094 -0.0034806362964117342 -0.0146402007548335 -0.0064684595694820312 0.0015659220847484071 0.011569776579515207 -0.00087509881628417756 -0.0022425832836223698 0.014019900728148007 0.0025986806744650367 -0.017870428595378435
leaf_weight=22.314699113368988 87.74108612164855 22.764774169772863 42.883216302841902 22.154900025576353 28.184266582131386 38.581918887794018 54.325346626341343 365.45386671647429 37.927943121641874 509.67779697105289 54.295040547847748 82.961299002170563 13.464947979897259 21.926458291709423
leaf_count=173 614 143 365 161 225 241 382 2437 234 3158 264 477 131 201
internal_value=0.000425327 -0.00263398 -0.00520264 0.00206633 0.00361274 -0.00906062 0.000874972 0.000373042 0.00509414 0.000756796 0.00229632 0.00773417 0.000361958 -0.0107251
internal_weight=1404.66 176.884 125.935 44.4696 50.949 81.4651 1227.77 1102.1 125.669 1047.78 538.102 137.256 400.845 35.3914
internal_count=9206 1308 940 334 368 606 7898 7050 848 6668 3510 741 2769 332
is_linear=0
shrinkage=0.03


Tree=241
num_leaves=15
num_cat=0
split_feature=7 4 10 6 7 16 16 10 11 16 5 14 6 23
split_gain=2.53539 3.92021 2.66358 2.0389 2.23277 2.49936 4.20607 8.09901 3.47417 3.33236 5.29758 3.63013 3.17204 5.69004
threshold=12.65 5.9555116882636465 2.5550000000000002 1.1500000000000001 11.550000000000002 5.981675882704967 5.8197412955975762 0.64500000000000013 2.4500000000000006 5.7339964818670781 63.650000000000013 1.0000000180025095e-35 5.9500000000000011 1.9500000000000002
decision_type=2 2 2 2 2 10 10 2 2 10 2 2 2 2
left_child=2 -2 3 -1 5 6 9 -8 -7 11 -11 12 13 -5
right_child=1 -3 -4 4 -6 8 7 -9 -10 10 -12 -13 -14 -15
leaf_value=-0.007312212002928177 0.0020979157243960428 -0.013315259528405895 0.0069657524656220769 0.0072731673142315111 0.0092948189358503571 -0.014382196650292419 0.015066837846606363 -0.0011092899198240354 0.00020984107496750947 -0.010711011425768868 0.0052360416410446213 0.0085244736874486391 -0.0015006789604377435 -0.00085633531398895697
leaf_weight=29.681078463792801 25.474757701158524 27.052108287811279 44.335989370942116 116.60354061797261 18.137113213539124 20.852452583611012 42.887098111212254 65.095071956515312 33.666466064751148 57.254099380224943 23.250467918813229 39.032902080565691 644.20470533892512 211.10879657790065
leaf_count=225 151 124 213 1053 96 116 247 348 206 319 149 235 4186 1490
internal_value=-0.000139687 -0.00630746 0.000123439 -0.000135359 6.0068e-05 -0.000109887 0.000187107 0.00569781 -0.00611068 -0.000381587 -0.00606849 9.89131e-05 -0.000281361 0.00210206
internal_weight=1398.64 52.5269 1346.11 1301.77 1272.09 1253.96 1199.44 107.982 54.5189 1091.45 80.5046 1010.95 971.917 327.712
internal_count=9158 275 8883 8670 8445 8349 8027 595 322 7432 468 6964 6729 2543
is_linear=0
shrinkage=0.03


Tree=242
num_leaves=15
num_cat=0
split_feature=5 0 23 11 17 9 23 7 16 4 9 5 4 13
split_gain=1.71564 1.81565 3.99405 4.64668 5.42242 4.10086 4.06235 3.45535 2.59105 2.39627 4.40042 4.52538 5.61711 5.05163
threshold=77.15000000000002 2.5000000000000004 2.0500000000000003 3.2500000000000004 0.58500000000000008 1.1150000000000004 1.0500000000000003 2.3500000000000001 3.6303770149144858 5.7126000344781183 5.6150000000000011 66.450000000000017 5.5569516469078435 2.3500000000000001
decision_type=2 2 2 2 8 2 2 2 8 2 2 2 2 2
left_child=1 2 3 4 -1 -5 -7 -6 -4 10 11 13 -13 -3
right_child=-2 9 8 5 7 6 -8 -9 -10 -11 -12 12 -14 -15
leaf_value=-0.0079662807838434789 0.0078553494105806487 -0.0093834058412123212 0.0024522742534231379 -0.015793546339850646 0.0026606090138746974 -0.0086430297751107603 0.012030008370535165 0.020882960671508639 -0.013700219701049728 -0.00071129652410774726 -0.0093938729176417362 -0.0075694618451411849 0.0063188203017393802 0.0049881612026794926
leaf_weight=13.290779922157524 20.528136946260929 18.907900959253311 9.8476555198430997 17.385259915143251 20.502468008548021 12.592234201729299 11.761305954307316 15.347255345433949 33.799703318625689 746.53510017693043 24.245660193264484 69.627440072596073 35.853142373263836 356.23355992138386
leaf_count=149 186 122 123 221 237 169 145 183 453 3779 168 574 249 2477
internal_value=0.000148776 6.80041e-06 -0.00323992 0.000449517 0.00641024 -0.00650325 0.00168935 0.0120628 -0.0101784 0.000367329 0.0019536 0.00261687 -0.00277647 0.00414991
internal_weight=1406.46 1385.93 134.527 90.8793 49.1405 41.7388 24.3535 35.8497 43.6474 1251.4 504.868 480.622 105.481 375.141
internal_count=9235 9049 1680 1104 569 535 314 420 576 7369 3590 3422 823 2599
is_linear=0
shrinkage=0.03


Tree=243
num_leaves=15
num_cat=0
split_feature=9 9 15 14 7 13 12 10 5 7 12 15 10 10
split_gain=2.10396 4.94142 5.22877 2.61539 3.51932 5.17253 5.26102 4.16376 4.15978 3.84688 11.6665 3.38565 3.79351 4.09798
threshold=8.3150000000000031 5.9250000000000007 15.750000000000002 1.0000000180025095e-35 8.8500000000000032 4.4500000000000011 62.550000000000004 0.87500000000000011 54.650000000000013 5.7500000000000009 56.850000000000001 33.050000000000004 0.26500000000000007 1.1050000000000002
decision_type=2 2 10 2 2 2 2 2 2 2 2 10 2 2
left_child=1 3 -3 4 9 6 -6 -7 -8 -1 -11 12 -12 -14
right_child=-2 2 -4 -5 5 7 8 -9 -10 10 11 -13 13 -15
leaf_value=2.6436188616657052e-05 0.0085046666901924962 -0.016446961986566675 0.00044733162920275661 0.0064346467161524017 -0.011760750072491135 0.018590579690405989 0.011481901207630322 0.0019613912870246166 -0.0026136928711735425 0.013993475122756669 0.00073301475982481086 0.0034720789781898858 -0.016137092088014424 -0.004171364985087557
leaf_weight=950.82053447887301 19.851071298122406 29.236344989389181 31.307499885559082 51.100164953619242 21.445382606238127 26.391754254698753 29.388100124895573 26.164420008659363 38.441534318029881 21.550045691430569 27.72816263884306 19.446197085082531 65.332322593778372 47.825639106333256
leaf_count=6574 89 181 157 296 119 154 140 141 214 133 196 97 437 274
internal_value=-0.000148232 -0.000302269 -0.00834315 9.49416e-05 -0.000183389 0.00418846 -0.000315244 0.0112015 0.00386241 -0.000746811 -0.00468165 -0.00753903 -0.00912578 -0.0114704
internal_weight=1406.03 1386.18 60.5438 1325.63 1274.53 141.831 89.275 52.5562 67.8296 1132.7 181.882 160.332 140.886 113.158
internal_count=9202 9113 338 8775 8479 768 473 295 354 7711 1137 1004 907 711
is_linear=0
shrinkage=0.03


Tree=244
num_leaves=15
num_cat=0
split_feature=6 7 7 13 15 9 15 12 9 10 10 13 15 9
split_gain=2.15393 1.81385 1.97822 6.97755 1.91685 1.74412 5.76654 5.47791 4.95195 6.90933 4.61304 4.70745 9.64009 7.8437
threshold=1.0500000000000003 14.750000000000002 10.350000000000003 4.5500000000000007 14.65 0.94500000000000006 7.0500000000000007 73.450000000000017 1.135 0.7350000000000001 0.95500000000000007 3.4500000000000006 8.1500000000000004 3.3950000000000005
decision_type=2 2 2 2 10 2 10 2 2 2 2 2 8 2
left_child=-1 2 5 4 -4 6 7 -2 9 -7 11 12 -10 -14
right_child=1 -3 3 -5 -6 8 -8 -9 10 -11 -12 -13 13 -15
leaf_value=-0.0077040207396759687 -0.010976110629954381 -0.006576217971563522 -0.0073033124235491265 0.016778879309229527 0.0036034527418097439 0.017133652673016555 0.0013262588905722746 0.0025498913448175138 0.018733106854071795 -0.0015704166310110694 0.0027167036091104721 -0.0033306961700692024 -0.0064368027222139147 0.0086090130402175467
leaf_weight=26.542218968272209 82.40007445961237 29.448229044675827 22.770104724913836 23.768570967018604 25.850369602441788 32.839038550853729 200.23497205972672 36.613373588770628 23.191472984850407 32.069831196218729 368.06092954799533 389.45243545249104 76.503982279449701 45.536913309246302
leaf_count=200 668 155 128 131 122 236 1298 292 150 214 2163 2827 444 243
internal_value=4.84913e-05 0.000223767 0.000394646 0.00505315 -0.00170916 0.000114059 -0.00179186 -0.00687993 0.00074884 0.00844107 0.000152308 -0.00162176 0.00291922 -0.000704908
internal_weight=1415.28 1388.74 1359.29 72.389 48.6205 1286.9 319.248 119.013 967.655 64.9089 902.746 534.685 145.232 122.041
internal_count=9271 9071 8916 381 250 8535 2258 960 6277 450 5827 3664 837 687
is_linear=0
shrinkage=0.03


Tree=245
num_leaves=15
num_cat=0
split_feature=5 5 15 5 15 5 5 23 12 12 0 11 11 5
split_gain=1.72768 1.92717 5.21154 3.47015 2.84577 1.74571 6.79002 4.15797 3.4187 4.38911 5.86173 5.90611 3.94902 5.68334
threshold=43.150000000000013 47.850000000000001 11.550000000000002 49.650000000000013 21.850000000000005 56.95000000000001 57.850000000000001 2.3500000000000001 58.45000000000001 71.850000000000009 14.500000000000002 1.1500000000000001 4.1500000000000012 54.850000000000001
decision_type=2 2 10 2 8 2 2 2 2 2 2 2 2 2
left_child=-1 2 -2 4 -3 8 7 -7 -5 10 11 -10 13 -11
right_child=1 3 -4 5 -6 6 -8 -9 9 12 -12 -13 -14 -15
leaf_value=0.0074434572960095135 -0.015174548685556833 0.013120262444297596 0.0015855715648935731 -0.0095429381699123645 -0.00036286784955373916 0.018183948332384691 -0.00063603633915137786 0.0027427998897504849 0.0097212090933347008 -0.014913314899836771 0.0095320634555487067 -0.0045872664182877816 0.0015425989013229443 0.0014213381853972465
leaf_weight=19.817123398184776 23.730248235166073 25.870730459690094 37.87616603821516 46.253326959908009 25.433342315256596 22.725863911211491 850.05818133801222 41.234134070575237 28.002149898558855 50.698046591132879 54.25274632871151 118.09267142415047 44.508972205221653 27.996008362621069
leaf_count=95 126 135 184 262 127 154 6096 222 183 292 227 753 256 170
internal_value=-0.000406358 -0.000543887 -0.00552477 -0.0002943 0.00699752 -0.000611712 9.48062e-05 0.00914989 -0.00233593 -0.0011761 0.00156302 -0.00161381 -0.00551759 -0.00936439
internal_weight=1416.55 1396.73 61.6064 1335.13 51.3041 1283.82 914.018 63.96 369.804 323.551 200.348 146.095 123.203 78.6941
internal_count=9282 9187 310 8877 262 8615 6472 376 2143 1881 1163 936 718 462
is_linear=0
shrinkage=0.03


Tree=246
num_leaves=15
num_cat=0
split_feature=5 6 13 15 5 5 11 6 11 5 9 9 0 8
split_gain=2.06863 3.86903 5.4399 4.95949 3.03648 6.05048 4.04937 7.28251 6.04901 6.46239 5.28933 4.83032 4.75275 4.30953
threshold=49.650000000000013 9.5500000000000025 3.8500000000000001 18.550000000000004 56.95000000000001 57.350000000000001 2.0500000000000003 5.7500000000000009 2.9500000000000006 53.750000000000007 3.7050000000000005 1.9850000000000001 13.500000000000002 56.850000000000001
decision_type=2 2 2 10 2 2 2 2 2 2 2 2 2 2
left_child=1 2 -1 -3 6 -6 7 -2 -8 10 11 -10 -11 -9
right_child=4 3 -4 -5 5 -7 8 13 9 12 -12 -13 -14 -15
leaf_value=0.016334398072003976 0.012527740589079185 -0.0080548155555597214 -0.00036477978153905805 0.0070155475504375259 0.013650618914965797 0.00019779189454176979 -0.013612710279326196 0.0046691350463402741 0.0014479732565598447 -0.011550240601351474 -0.0072122970298425784 0.017454035916088385 0.0023645855705870262 -0.0081066923916187274
leaf_weight=32.550966560840607 34.74806585162878 38.71512683480978 32.571727532893419 30.82985931634903 26.152883365750313 886.14689080044627 49.546901792287827 36.693173378705978 46.790187999606133 68.693792011588812 26.81936726346612 22.569331966340542 29.42547196149826 51.527598060667515
leaf_count=156 219 197 183 138 151 6319 287 188 257 467 142 126 125 318
internal_value=0.000105155 0.00357216 0.00855168 -0.00135155 -0.000272346 0.000655748 -0.00255838 0.00183148 -0.00476447 -0.00222322 0.0032289 0.0074797 -0.00746494 -0.00282749
internal_weight=1413.78 134.668 65.1227 69.545 1279.11 912.3 366.814 122.969 243.845 194.298 96.1789 69.3595 98.1193 88.2208
internal_count=9273 674 339 335 8599 6470 2129 725 1404 1117 525 383 592 506
is_linear=0
shrinkage=0.03


Tree=247
num_leaves=15
num_cat=0
split_feature=12 8 6 23 7 8 9 15 4 12 16 5 5 15
split_gain=2.26851 2.10863 4.59341 3.2457 4.39189 5.79666 3.98754 3.56462 3.44085 2.64833 2.44475 2.43919 6.17252 7.08968
threshold=87.550000000000011 53.95000000000001 25.750000000000004 3.5500000000000003 7.4500000000000011 49.150000000000013 3.0050000000000003 12.850000000000003 5.9970019466003057 68.050000000000011 5.3484956511275712 64.250000000000014 66.450000000000017 24.250000000000004
decision_type=2 2 2 2 2 2 2 8 2 2 10 2 2 10
left_child=1 2 3 4 5 10 9 -5 -9 -7 -1 -3 -13 -14
right_child=-2 11 -4 7 -6 6 -8 8 -10 -11 -12 12 13 -15
leaf_value=-0.0018420680043915898 0.0085640702406036499 -0.001967887680162692 -0.009433739747565676 0.013381487567279599 0.01030548280474577 0.0040180482260535264 0.011135833144613831 0.0085677338377891862 -0.0022359652656405017 -0.0087980566534183024 -0.015739449353510713 0.0070532007347401593 -0.0039979249610090986 0.0095998851862809861
leaf_weight=20.336959525942802 20.894241686910391 747.27572598680854 25.012037470936775 38.239283833652735 23.985240876674652 24.766373120248318 25.374461323022842 44.468795910477638 53.767767950892448 23.996054448187351 26.058155052363873 102.31514054536819 191.76721334457397 36.95329450443387
leaf_count=125 137 4765 118 182 124 157 149 227 229 153 135 778 1710 238
internal_value=-0.000235273 -0.00039843 0.00178083 0.00292655 -0.000227833 -0.00265089 0.00256187 0.0061568 0.00283265 -0.00252046 -0.0104195 -0.00102223 0.00111001 -0.00164262
internal_weight=1405.21 1384.32 306.005 280.993 144.517 120.532 74.1369 136.476 98.2366 48.7624 46.3951 1078.31 331.036 228.721
internal_count=9227 9090 1599 1481 843 719 459 638 456 310 260 7491 2726 1948
is_linear=0
shrinkage=0.03


Tree=248
num_leaves=15
num_cat=0
split_feature=15 9 9 4 15 10 6 4 15 10 13 7 6 12
split_gain=1.7142 7.14569 10.1072 4.87858 4.46315 4.35759 3.93823 5.21716 3.95201 4.24259 4.14178 3.68076 4.34304 4.86756
threshold=13.15 3.4950000000000006 2.5450000000000004 6.0260813711961978 15.250000000000002 0.51500000000000012 13.550000000000002 5.9809387115841224 7.0500000000000007 0.34500000000000003 3.8500000000000001 4.1500000000000012 6.5500000000000007 68.550000000000011
decision_type=8 2 2 2 8 2 2 2 10 2 2 2 2 2
left_child=1 2 6 5 -2 -3 8 -8 9 -1 -11 12 13 -10
right_child=4 3 -4 -5 -6 -7 7 -9 11 10 -12 -13 -14 -15
leaf_value=0.0076882984068625008 -0.0075258031354542365 -0.018038120445080016 0.013106579172954883 0.0035730544205512895 -0.00026162648154651018 -0.003279752400262678 -0.011481485011874168 0.0055282127768936026 0.012028538885074162 0.004662330240374441 -0.0099969053504018763 -0.00051945167978838453 0.01685417025825833 -0.0065407527794586074
leaf_weight=25.722911383956671 78.557018231600523 26.768697954714298 70.935483161360025 35.936144053936005 860.38812325149775 48.216902025043964 40.631781950592995 21.436550170183182 19.73076406866312 21.795726485550404 49.972069580107927 47.481275945901871 36.096838939934969 21.526800073683262
leaf_count=231 530 225 481 162 5349 336 300 97 161 150 426 312 267 179
internal_value=-0.000168864 0.00130951 0.00338142 -0.00518728 -0.000906029 -0.00934651 0.000771177 -0.00563267 0.00264355 -0.00183834 -0.00553123 0.0060797 0.00991596 0.00267999
internal_weight=1405.2 466.252 355.33 110.922 938.945 74.9856 284.395 62.0683 222.326 97.4907 71.7678 124.836 77.3544 41.2576
internal_count=9206 3327 2604 723 5879 561 2123 397 1726 807 576 919 607 340
is_linear=0
shrinkage=0.03


Tree=249
num_leaves=15
num_cat=0
split_feature=15 9 16 6 7 15 13 16 6 24 4 4 15 10
split_gain=2.23432 4.52308 2.479 3.67554 3.71928 4.25611 4.06764 3.34118 3.05818 2.45256 2.21226 4.52532 3.69932 3.32014
threshold=3.3500000000000001 1.8250000000000004 5.8197412955975762 20.450000000000003 3.4500000000000006 21.250000000000004 4.4500000000000011 5.770774704683455 7.8500000000000005 1.0000000180025095e-35 6.2385873703561474 6.1194157252056671 13.050000000000002 0.82500000000000007
decision_type=8 2 10 2 2 10 2 10 2 2 2 2 10 2
left_child=1 -1 7 4 5 -4 8 9 -6 10 11 -2 -13 -12
right_child=2 -3 3 -5 6 -7 -8 -9 -10 -11 13 12 -14 -15
leaf_value=-0.013318286499361485 -4.4191151437293258e-05 0.0024045567711599158 0.0036492868443708218 -0.0069004106759196276 -0.0022594731698968307 0.018349113055121685 -0.0077041889981734821 -0.0078610731633240831 0.011405507994002192 0.0071357998494763165 -0.0023319402608373641 0.0018190239088782441 -0.011276513365308867 0.010230168509525552
leaf_weight=28.083746291697025 940.23934442922473 30.221503913402557 48.508554682135582 22.621890552341938 24.309241034090519 26.309652023017406 29.25668054074049 46.151109494268894 27.681267999112606 36.515191450715065 31.434477388858795 26.695226684212685 55.805095419287682 37.409577578306198
leaf_count=241 6695 219 299 113 135 141 161 264 138 170 130 120 243 156
internal_value=-0.000113614 -0.00562239 0.000143617 0.00338495 0.00504376 0.00964407 0.000493965 -0.000361883 0.00537849 -2.17528e-05 -0.000292629 -0.000651708 -0.00717729 0.00472474
internal_weight=1411.24 58.3053 1352.94 178.687 156.065 74.8182 81.2472 1174.25 51.9905 1128.1 1091.58 1022.74 82.5003 68.8441
internal_count=9225 460 8765 987 874 440 434 7778 273 7514 7344 7058 363 286
is_linear=0
shrinkage=0.03


Tree=250
num_leaves=15
num_cat=0
split_feature=9 4 11 23 11 11 10 15 9 15 17 13 8 16
split_gain=2.04111 1.98609 5.39042 4.66296 5.12773 5.71178 10.9783 11.1099 8.03854 7.53983 4.40942 4.28473 4.22718 5.15077
threshold=8.3150000000000031 5.7126000344781183 0.95000000000000007 2.4500000000000006 6.1500000000000012 3.4500000000000006 1.0750000000000004 33.350000000000001 2.6350000000000002 24.250000000000004 0.76500000000000012 4.3500000000000005 63.850000000000001 3.6759615399854142
decision_type=2 2 2 2 2 2 2 8 2 8 8 2 2 10
left_child=1 2 -1 4 5 6 7 8 11 -7 -11 -4 -6 -14
right_child=-2 -3 3 -5 12 9 -8 -9 -10 10 -12 -13 13 -15
leaf_value=0.0074947893965838768 0.0088801667484554678 -0.00091383100520531083 0.0077693611591135893 -0.0027484085185855191 0.0012365553597565129 -0.011355652082713667 -0.0080620956711250722 -0.0030152349776273899 0.00021277845724990043 -0.0030929300109229321 0.014723526877579062 0.029987536010110769 0.0026522227020758966 0.028060611541772407
leaf_weight=102.64813414588571 19.58184090256691 730.1503100655973 16.157629303634167 258.88942827284336 24.847824182361364 56.599523980170488 39.459445208311081 36.983950786292553 18.560819040983915 26.355228953063488 16.648414473980665 27.838060114532709 13.401463862508537 13.981344629079102
leaf_count=820 87 3720 145 1987 203 538 312 326 169 228 135 260 140 121
internal_value=0.000311073 0.000158138 0.00135574 0.00015219 0.00273701 0.000785532 0.00464653 0.00982907 0.0170839 -0.00456718 0.00461968 0.0234534 0.0108044 0.017955
internal_weight=1402.1 1382.52 652.371 549.723 290.834 238.603 139 99.5405 62.5565 99.6032 43.0036 43.9957 52.2306 27.3828
internal_count=9191 9104 5384 4564 2577 2113 1212 900 574 901 363 405 464 261
is_linear=0
shrinkage=0.03


Tree=251
num_leaves=15
num_cat=0
split_feature=11 4 10 10 9 9 12 12 10 23 16 4 4 15
split_gain=2.04887 2.43481 2.24982 3.55912 1.89546 4.19591 2.76697 5.3755 5.3082 3.76323 6.75795 6.69791 7.0172 4.79763
threshold=0.15000000000000005 5.775395613781245 2.8650000000000007 2.5550000000000002 6.6950000000000012 5.9250000000000007 72.050000000000011 71.250000000000014 0.95500000000000007 1.8500000000000003 5.2541683739968805 5.4602805185488377 5.6389835613919983 7.3500000000000005
decision_type=2 2 2 2 2 2 2 2 2 2 10 2 2 10
left_child=1 -1 3 4 5 6 7 -2 -9 10 -8 -11 13 -13
right_child=2 -3 -4 -5 -6 -7 9 8 -10 11 -12 12 -14 -15
leaf_value=0.0012752483944944745 0.00091182043629533833 -0.013260271546403213 -0.0075866861020377823 0.011392678275522731 0.0060829899549858044 -0.0097966970331851144 0.009085678184734965 0.017916266992359296 -0.0016065053590079608 -0.012040141752757565 -0.0059775105456308869 -0.0014390911581440033 -0.00331757969672926 0.017212685041606401
leaf_weight=18.565661560744047 793.63547478243709 16.417616486549377 25.041583187878132 22.542855098843575 47.458196621388197 31.276901464909315 64.368283461779356 28.893147714436054 18.675929494202137 56.086179252713919 39.322865888476372 20.607073470950127 203.29527549445629 23.703532323241234
leaf_count=154 5279 87 119 112 237 185 568 204 115 541 264 141 1060 158
internal_value=0.000345647 -0.00635144 0.000538445 0.000716617 0.000493224 0.000263086 0.000553152 0.00153322 0.0108277 -0.00146464 0.00336106 -0.00314005 -0.00092564 0.00927212
internal_weight=1409.89 34.9833 1374.91 1349.87 1327.32 1279.86 1248.59 841.205 47.5691 407.383 103.691 303.692 247.606 44.3106
internal_count=9224 241 8983 8864 8752 8515 8330 5598 319 2732 832 1900 1359 299
is_linear=0
shrinkage=0.03


Tree=252
num_leaves=15
num_cat=0
split_feature=12 15 9 15 23 8 5 6 1 6 4 5 9 18
split_gain=2.15541 2.13276 5.71312 2.46642 3.56588 1.95357 1.58745 6.47344 2.36264 4.50945 6.62157 3.7706 4.97487 4.58226
threshold=87.550000000000011 3.3500000000000001 1.6250000000000002 4.9500000000000011 3.0500000000000003 63.850000000000001 46.350000000000001 9.5500000000000025 1.0000000180025095e-35 6.1500000000000012 6.1997102591538349 69.750000000000014 1.2850000000000004 30.500000000000004
decision_type=2 8 2 8 2 2 2 2 2 2 2 2 2 10
left_child=1 2 -1 4 5 -3 7 -5 11 10 -10 13 -13 -8
right_child=-2 3 -4 6 -6 -7 8 -9 9 -11 -12 12 -14 -15
leaf_value=-0.015119001272406014 0.0086182706428946081 0.0057127478773028742 0.0028820389217301232 0.014871010808137448 0.014082112782983101 -0.0070735841212381766 0.0059117482137414617 -0.0046531746764752573 -0.0061699818725147494 0.00027629803245502024 0.0098182820366219878 0.0048658331143692892 -0.011692230624551197 -0.00049783433827470345
leaf_weight=24.358828995376825 21.262111321091652 17.481232959777117 31.674917992204428 24.010041117668152 22.54064441844821 15.637530624866484 180.2942321151495 28.559581659734249 226.19801715388894 512.14395688474178 21.434759423136711 23.282304245978594 36.489752173423767 217.51004851609468
leaf_count=211 135 134 233 119 138 150 1175 133 1658 2977 90 214 305 1537
internal_value=0.000104254 -5.73754e-05 -0.00554083 0.000194366 0.00610423 -0.000460448 -8.75809e-05 0.00478117 -0.000316528 -0.00133903 -0.00461913 0.00137739 -0.00536483 0.00244446
internal_weight=1402.88 1381.62 56.0337 1325.58 55.6594 33.1188 1269.92 52.5696 1217.35 759.777 247.633 457.576 59.7721 397.804
internal_count=9209 9074 444 8630 422 284 8208 252 7956 4725 1748 3231 519 2712
is_linear=0
shrinkage=0.03


Tree=253
num_leaves=15
num_cat=0
split_feature=6 15 4 13 0 15 16 23 0 5 6 5 5 16
split_gain=2.30636 2.12942 2.09252 9.1598 6.92637 7.01232 5.74181 7.59178 6.4875 4.88844 4.82396 3.18528 3.45 3.94163
threshold=1.3500000000000003 12.450000000000001 5.1537630488764057 4.5500000000000007 3.5000000000000004 23.650000000000002 3.708165724643735 1.7500000000000002 2.5000000000000004 64.250000000000014 6.0500000000000007 70.750000000000014 62.850000000000001 3.6420189770348306
decision_type=2 10 2 2 2 10 10 2 2 2 2 2 2 10
left_child=1 -1 3 9 5 11 8 -8 -5 -2 -11 12 13 -4
right_child=2 -3 4 6 -6 -7 7 -9 -10 10 -12 -13 -14 -15
leaf_value=-0.011523515925149282 -0.014333400689212749 0.0013293320749234732 -0.014720865522606312 0.0063210292961966025 0.00036264755302759872 0.011070664382375448 0.011088268292848848 -0.017207912482213684 0.027318437346724522 0.012770119003179614 -0.0086567345383593546 0.0014548584732446304 -0.019476933144229751 0.0028914156115431109
leaf_weight=24.930997677147388 25.127547405660152 17.407729763537645 16.824575901031494 42.496202129870653 1127.7695118896663 11.486515551805494 13.329385340213777 11.084765180945395 17.656466029584408 14.52304643020034 13.594784107059239 15.25325073301792 34.618579473346472 21.200484029948711
leaf_count=222 265 114 187 491 6299 110 142 130 130 174 156 163 395 241
internal_value=-0.000146839 -0.00665677 7.86452e-05 0.00351603 -0.000320082 -0.00771374 0.00944122 -0.0025003 0.0141079 -0.00589727 0.00266749 -0.0106323 -0.0131005 -0.00570645
internal_weight=1407.3 42.3387 1364.97 137.812 1227.15 99.3834 84.5668 24.4142 60.1527 53.2454 28.1178 87.8969 72.6436 38.0251
internal_count=9219 336 8883 1488 7395 1096 893 272 621 595 330 986 823 428
is_linear=0
shrinkage=0.03


Tree=254
num_leaves=15
num_cat=0
split_feature=1 5 7 10 10 17 9 9 9 11 4 4 6 6
split_gain=1.92557 6.29472 5.94908 4.72566 5.67462 3.96363 6.51537 8.4986 8.2251 4.25281 6.92439 6.06108 3.81355 4.67506
threshold=1.0000000180025095e-35 69.750000000000014 0.45000000000000007 0.71500000000000008 0.26500000000000007 1.2250000000000003 1.2150000000000001 0.76500000000000012 1.8250000000000004 4.5500000000000007 5.5225668049512686 5.2821438300081054 5.6500000000000012 12.250000000000002
decision_type=2 2 2 2 2 8 2 2 2 2 2 2 2 2
left_child=1 2 -1 4 -3 9 7 -7 -8 12 11 -11 -4 -14
right_child=-2 3 5 -5 -6 6 8 -9 -10 10 -12 -13 13 -15
leaf_value=-0.010434735139571343 -0.00050258510508776363 -0.011250433434242084 0.0095217856899041334 -0.014422570581536972 0.010359151139440014 0.0050906658577643173 -0.0099409032094926308 0.026298097039514284 0.0066018047452820264 -0.0085378959829361806 -0.015674509669359762 0.014449424712838495 -0.0055171692210009724 0.0077147566751628281
leaf_weight=22.804510716348886 896.77163174748421 14.367808975279329 54.77288893610239 29.875261720269918 20.182901918888092 45.917673178017139 30.402014896273613 25.338818229734898 112.30499332025647 15.314069490879776 26.46946931630373 16.471857417374849 55.097793824970722 35.048732940107584
leaf_count=172 5643 140 405 243 182 315 202 164 674 156 156 121 384 224
internal_value=0.000331603 0.00180517 0.00310042 -0.00662596 0.00108664 0.00395521 0.00675708 0.0138619 0.00286037 0.000913123 -0.00563512 0.00371926 0.00364557 -0.000237565
internal_weight=1401.14 504.369 439.943 64.426 34.5507 417.138 213.963 71.2565 142.707 203.175 58.2554 31.7859 144.919 90.1465
internal_count=9181 3538 2973 565 322 2801 1355 479 876 1446 433 277 1013 608
is_linear=0
shrinkage=0.03


Tree=255
num_leaves=15
num_cat=0
split_feature=4 4 6 4 6 8 4 13 11 13 0 11 5 5
split_gain=2.28837 1.98594 5.6697 3.13349 2.94012 2.49209 2.19457 2.74827 2.19478 6.99596 4.63229 5.32992 3.96892 4.76461
threshold=6.3802109374958755 6.1903464077001455 8.6500000000000004 6.1194157252056671 13.850000000000003 56.250000000000007 6.0818669689277494 1.9500000000000002 5.0500000000000007 2.8500000000000001 13.500000000000002 5.7500000000000009 63.650000000000013 69.550000000000011
decision_type=2 2 2 2 2 2 2 2 2 2 2 2 2 2
left_child=1 3 -3 6 -5 -4 7 -1 -9 -10 11 -11 -13 -14
right_child=-2 2 5 4 -6 -7 -8 8 9 10 -12 12 13 -15
leaf_value=-0.0077375344824723996 -0.0081324720402704814 0.013154246790631371 0.0038423632777764504 -0.01032885969059524 0.0015783637857104645 -0.0068534585807536767 0.0063772491804446243 0.0011290422259639294 0.010954385979712098 -0.012206692642995095 0.008261236524916931 -0.0055590293670843074 0.0096386089187558335 -0.0061953545036073747
leaf_weight=34.031998693943024 24.440786376595497 35.264022693037987 39.599651724100113 43.990273758769035 28.24550187587738 30.096220046281815 47.214156828820705 833.26212842389941 28.709960918873549 60.342868100851774 22.155577436089516 101.86180586367846 39.637202754616737 23.416177526116371
leaf_count=192 101 149 167 196 126 128 209 5895 170 459 95 724 317 211
internal_value=0.00014389 0.000320856 0.00418771 -1.57753e-05 -0.00587215 -0.00092592 0.000362603 8.75609e-05 0.000361246 -0.00193461 -0.00361762 -0.00494001 -0.00200015 0.00373519
internal_weight=1392.27 1367.83 104.96 1262.87 72.2358 69.6959 1190.63 1143.42 1109.39 276.124 247.414 225.258 164.915 63.0534
internal_count=9139 9038 444 8594 322 295 8272 8063 7871 1976 1806 1711 1252 528
is_linear=0
shrinkage=0.03


Tree=256
num_leaves=15
num_cat=0
split_feature=12 4 9 9 4 25 0 8 16 11 16 18 6 12
split_gain=3.12066 5.02142 6.00744 4.36098 6.88942 4.75768 3.66445 5.35825 6.79475 7.76895 3.3946 3.84016 3.44576 3.39382
threshold=64.550000000000011 5.571166495774313 2.3450000000000002 3.1450000000000005 6.1130332057324646 1.0000000180025095e-35 15.500000000000002 59.250000000000007 5.6619228994511737 3.1500000000000008 3.8741335307049973 147.50000000000003 7.0500000000000007 72.050000000000011
decision_type=2 2 2 2 2 2 2 2 10 2 8 8 2 2
left_child=1 2 10 6 5 -5 7 -3 9 -9 12 -12 -1 -2
right_child=13 3 -4 4 -6 -7 -8 8 -10 -11 11 -13 -14 -15
leaf_value=0.0061618975566389124 0.0028325611408651862 -0.0047689077437519439 0.00156445119479746 0.0060909184324813509 -0.015919745343421953 -0.0086167926033948027 0.010317239286535966 0.00036478812775197795 -0.0052836341162438016 0.020846981903799962 -0.0015372873130164197 -0.018360574582461708 -0.010751374050163236 -0.00076576649118987932
leaf_weight=17.440820053219795 473.71544298529625 81.825070545077324 55.495629101991653 46.119535572826862 28.801413610577583 27.313333310186863 39.887194231152534 32.566679269075394 31.859721690416336 29.531419038772583 17.16377430409193 47.673728447407484 16.292773202061653 461.7709540091455
leaf_count=176 3056 435 488 279 126 139 166 193 188 169 165 452 148 3056
internal_value=5.95066e-05 -0.00191731 -0.00626906 0.000256099 -0.00471101 0.000419819 0.00266406 0.000690141 0.00544501 0.0109329 -0.0105419 -0.014336 -0.00234031 0.00106174
internal_weight=1407.46 471.971 154.067 317.904 102.234 73.4329 215.67 175.783 93.9578 62.0981 98.5711 64.8375 33.7336 935.486
internal_count=9236 3124 1429 1695 544 418 1151 985 550 362 941 617 324 6112
is_linear=0
shrinkage=0.03


Tree=257
num_leaves=15
num_cat=0
split_feature=4 4 24 12 10 4 11 11 7 12 23 16 16 23
split_gain=2.50755 1.94758 2.59248 2.37923 1.83248 6.45877 6.65247 3.28614 3.62 3.51222 5.15634 9.49335 3.57755 3.74572
threshold=4.4018650053024659 4.7270815074131276 1.0000000180025095e-35 68.250000000000014 0.18500000000000003 5.5460031614459471 4.8500000000000005 5.5500000000000007 12.250000000000002 74.450000000000017 2.1500000000000008 5.585530659866639 5.8039341613969606 3.6500000000000008
decision_type=2 2 2 2 2 2 2 2 2 2 2 8 8 2
left_child=-1 3 4 -2 5 -3 -7 8 -6 10 11 -9 13 -12
right_child=1 2 -4 -5 7 6 -8 9 -10 -11 12 -13 -14 -15
leaf_value=-0.0095911713397320263 -0.0017208430218757988 -0.011200334098926569 0.0070450463495468655 0.015654157665712924 0.0014417988825792859 -0.0034295997796246268 0.01217787233446461 -0.0097353414171227632 -0.0076560437111278098 0.003637964020820296 -0.010311158081206325 0.013579966877617828 -0.014659411507912581 0.0020048667018670828
leaf_weight=18.846271671354771 11.167784195393326 53.146993149071932 41.220039382576942 10.949550993740557 886.46984736993909 80.273553427308798 29.580852884799242 25.034539684653282 36.251754131168127 52.684250365942717 37.814915277063847 28.250998333096504 43.675341553986073 43.415818940848112
leaf_count=264 125 539 193 127 5628 463 168 207 186 345 244 200 271 222
internal_value=5.46436e-05 0.000220531 6.13191e-05 0.00818128 -0.000183154 -0.00311068 0.00112026 0.00024214 0.00104503 -0.00292082 -0.00490637 0.00273054 -0.00814401 -0.00399398
internal_weight=1398.78 1379.94 1357.82 22.1173 1316.6 163.001 109.854 1153.6 922.722 230.876 178.192 53.2855 124.906 81.2307
internal_count=9182 8918 8666 252 8473 1170 631 7303 5814 1489 1144 407 737 466
is_linear=0
shrinkage=0.03


Tree=258
num_leaves=15
num_cat=0
split_feature=4 5 15 11 6 6 8 8 11 13 23 7 15 9
split_gain=3.09175 1.88261 4.41671 4.62025 6.92346 2.16876 2.78033 3.55038 7.14254 4.20581 3.72333 4.69042 5.91203 5.2297
threshold=6.3802109374958755 49.650000000000013 6.4500000000000011 4.2500000000000009 9.5500000000000025 1.1500000000000001 52.150000000000013 53.95000000000001 2.4500000000000006 2.0500000000000003 2.5500000000000003 1.8500000000000003 14.65 3.4950000000000006
decision_type=2 2 10 2 2 2 2 2 2 2 2 2 8 2
left_child=1 2 -1 4 -4 -3 -7 8 -8 -9 -11 13 -13 -12
right_child=-2 5 3 -5 -6 6 7 9 -10 10 11 12 -14 -15
leaf_value=-0.0059383445659927725 -0.0096878563031697999 -0.0076716416532802744 0.021044526003623106 -0.0022477134700536281 0.0015088201432881425 -0.0033342470912719425 -0.004750960367825784 -0.0096896154694843112 0.014529011881905394 0.0025459640491124636 0.0066939731058347825 -0.0077743593380384295 -2.7565798798577266e-05 -0.0061118087355614822
leaf_weight=29.432186797261238 24.748316526412964 29.627820651978254 27.702100303024054 33.11489525437355 34.279746495187283 190.99501667171717 25.330674201250076 33.025784477591515 38.85904248431325 424.79890349134803 103.84910133481026 138.61365012824535 231.80391856282949 34.607827328145504
leaf_count=170 102 230 137 160 162 1011 145 187 211 3453 706 936 1381 218
internal_value=-0.000119199 8.7346e-05 0.00353068 0.00661155 0.0111592 -0.000267961 -5.79061e-05 0.000562272 0.0071272 9.19245e-05 0.000487686 -0.00123858 -0.00299142 0.00339166
internal_weight=1400.79 1376.04 124.529 95.0967 61.9818 1251.51 1221.88 1030.89 64.1897 966.699 933.673 508.874 370.418 138.457
internal_count=9209 9107 629 459 299 8478 8248 7237 356 6881 6694 3241 2317 924
is_linear=0
shrinkage=0.03


Tree=259
num_leaves=15
num_cat=0
split_feature=17 9 13 17 11 7 7 10 7 13 4 25 15 11
split_gain=2.26872 4.25757 3.28551 2.92623 2.21466 9.82873 3.86336 2.89244 2.44182 3.2681 2.0211 4.42733 2.96376 1.72467
threshold=0.69500000000000006 1.2450000000000003 4.7500000000000009 0.57500000000000007 7.4500000000000011 5.1500000000000012 1.5500000000000003 0.78500000000000014 12.15 3.9500000000000006 6.2663935011327005 1.0000000180025095e-35 55.000000000000007 6.9500000000000011
decision_type=10 2 2 10 2 2 2 2 2 2 2 2 10 2
left_child=3 -2 -3 4 8 6 -6 -8 10 -10 12 -12 13 -1
right_child=1 2 -4 -5 5 -7 7 -9 9 -11 11 -13 -14 -15
leaf_value=-0.00037400520722257022 -0.0057682645829623775 0.0024331904611778229 0.017511063433734111 -0.010826022331775721 0.006853816157991968 0.016881251268690375 1.2258587608779775e-05 -0.015128151272027955 -0.013352373805754842 0.0011634616121272373 -0.0029278752602841314 0.012119922274011968 -0.011467553988265468 -0.0073771733047909328
leaf_weight=1053.1241900734603 21.344242874532938 32.743432857096195 18.942682813853025 20.02277835085988 19.250348806381226 29.057360216975212 21.286279175430536 19.323391858488321 26.33046493679285 23.841555587947369 32.895389184355736 29.361723348498344 18.035202525556087 27.661809865385294
leaf_count=7167 146 204 126 145 133 163 148 128 131 127 136 125 84 196
internal_value=-0.000370751 0.00460254 0.0090163 -0.000662191 -0.000464793 0.00397682 -0.00310574 -0.0080607 -0.000805858 -0.00697419 -0.000510553 0.0045424 -0.000816122 -0.000586392
internal_weight=1393.22 73.0304 51.6861 1320.19 1300.17 88.9174 59.86 40.6097 1211.25 50.172 1161.08 62.2571 1098.82 1080.79
internal_count=9159 476 330 8683 8538 572 409 276 7966 258 7708 261 7447 7363
is_linear=0
shrinkage=0.03


Tree=260
num_leaves=15
num_cat=0
split_feature=12 16 7 12 12 5 16 0 15 5 15 10 11 10
split_gain=2.02325 1.96395 4.30783 3.06774 3.1609 6.91905 4.06944 2.89713 3.99551 3.78275 3.44801 3.68475 3.81276 3.89846
threshold=88.250000000000014 5.3950650364007915 12.250000000000002 52.050000000000004 59.650000000000013 61.050000000000004 5.6254626782429096 13.500000000000002 33.650000000000013 56.050000000000004 16.350000000000005 0.31500000000000006 4.5500000000000007 0.71500000000000008
decision_type=2 10 2 2 2 2 10 2 10 2 10 2 2 2
left_child=1 2 7 -3 5 6 -5 8 10 -9 -1 -12 13 -13
right_child=-2 3 -4 4 -6 -7 -8 9 -10 -11 11 12 -14 -15
leaf_value=-0.0018784805089667406 0.0088553871608660212 0.010013659670731629 -0.013127456739797266 -0.00035040147602684904 0.0015309665081118097 0.0057038526171330267 -0.015740819099933225 0.010516827390890104 -0.01196716586463193 -0.0030307942465264302 -0.0056091683860570087 0.020159658236836769 -0.0028103882784272002 0.0041216931024019438
leaf_weight=459.40496010705829 18.779097430408001 28.363849617540836 20.890163358300924 24.956119582056999 584.69935349747539 36.523781925439835 36.664608728140593 39.491704478859901 25.204739790409803 28.729742273688316 23.393794640898705 20.117885291576385 23.353352464735508 37.420520268380642
leaf_count=3806 121 151 123 127 3295 225 191 166 160 121 188 143 172 247
internal_value=0.000178504 2.98747e-05 -0.00112117 0.00112735 0.000688127 -0.00416393 -0.0100019 -0.000643231 -0.00133286 0.00499422 -0.000756321 0.00404686 0.00700333 0.0108927
internal_weight=1407.99 1389.21 678.007 711.208 682.844 98.1445 61.6207 657.117 588.895 68.2214 563.691 104.286 80.8918 57.5384
internal_count=9236 9115 5126 3989 3838 543 318 5003 4716 287 4556 750 562 390
is_linear=0
shrinkage=0.03


Tree=261
num_leaves=15
num_cat=0
split_feature=4 17 4 4 7 7 23 15 6 10 23 10 10 5
split_gain=2.62465 4.47432 2.80714 3.93558 2.09238 5.87218 5.47174 5.44768 5.13937 4.17219 3.39218 3.97653 4.84229 6.09259
threshold=4.8450297401007179 0.27500000000000008 4.5900947070259628 4.2920000602747415 3.0500000000000003 2.4500000000000006 5.9500000000000011 33.650000000000013 8.6500000000000004 0.75500000000000012 5.8500000000000005 0.45500000000000007 0.66500000000000015 59.850000000000001
decision_type=2 10 2 2 2 2 2 8 2 2 2 2 2 2
left_child=1 2 3 -1 5 6 -2 8 9 -7 11 -6 13 -13
right_child=4 -3 -4 -5 10 7 -8 -9 -10 -11 -12 12 -14 -15
leaf_value=-0.011217913352684 -0.00043820972951271066 0.0087144840713759414 -0.016651132163828793 0.0096242644339096257 -0.0016505329592518155 0.013698504651466816 0.013517790726926186 -0.016195039722529017 -0.009691105289937222 -0.0040338047335627836 -0.0063933210529520433 0.016566200824165909 0.0018011597438946697 0.00093968356541926997
leaf_weight=12.852844107896091 478.85254191979766 10.439474433660505 22.447924472391605 10.135318148881195 207.90141530334949 18.61083409935236 21.680528856813908 34.909016832709312 37.341255474835634 20.652895223349333 43.985832057893276 44.988029945641756 391.85975958034396 41.925132606178522
leaf_count=185 3230 116 261 121 1355 139 107 236 242 137 212 250 2288 298
internal_value=-0.000101697 -0.00619456 -0.0101444 -0.00195102 0.000173893 -0.00111511 0.000294012 -0.00718117 -0.00233294 0.00496918 0.00125388 0.00178641 0.00328049 0.00948946
internal_weight=1398.58 55.8756 45.4361 22.9882 1342.71 612.047 500.533 111.514 76.605 39.2637 730.66 686.674 478.773 86.9132
internal_count=9177 683 567 306 8494 4091 3337 754 518 276 4403 4191 2836 548
is_linear=0
shrinkage=0.03


Tree=262
num_leaves=15
num_cat=0
split_feature=0 17 13 9 13 10 15 10 19 10 15 15 6 9
split_gain=2.509 4.67966 6.41411 5.17221 3.35022 3.89523 3.18653 2.92 3.61176 5.77159 5.04833 5.39599 4.8529 4.19446
threshold=6.5000000000000009 0.36500000000000005 5.1500000000000012 1.6850000000000003 3.1500000000000008 0.35500000000000004 33.95000000000001 0.12500000000000003 1.0000000180025095e-35 1.5650000000000002 23.250000000000004 10.850000000000003 2.2500000000000004 5.9250000000000007
decision_type=2 10 2 2 2 2 10 2 2 2 8 10 2 2
left_child=1 4 3 -3 5 -1 -6 -2 12 10 11 -10 -9 -14
right_child=7 2 -4 -5 6 -7 -8 8 9 -11 -12 -13 13 -15
leaf_value=0.015207001309499545 0.0068336772029748442 0.008098752197892304 0.01705101834504482 -0.010881131795479521 -0.0028905929561076566 -0.0015281536385392375 -0.014195161208016947 -0.010357460331021407 0.011541625605466727 -0.0056668448841428265 0.014852720797120442 -0.005257862063882927 0.00099168519027710133 -0.0073122709957457455
leaf_weight=14.357912339270113 66.550189644098282 20.97772167250514 22.186881843954325 20.825116813182831 379.35429267212749 33.19011015817523 19.401806514710188 36.38913432508707 24.899744786322117 32.552302472293377 47.741119526326656 35.896249070763588 594.8736447095871 55.248195946216583
leaf_count=132 337 187 191 186 3676 293 159 190 125 156 224 176 2914 267
internal_value=6.15639e-05 -0.0016077 0.0056957 -0.00150887 -0.00270634 0.00449142 -0.0036096 0.00101786 0.000511961 0.00479577 0.00804507 0.00197679 -0.000396742 0.000235582
internal_weight=1404.44 510.294 63.9897 41.8028 446.304 47.548 398.756 894.151 827.6 141.089 108.537 60.796 686.511 650.122
internal_count=9213 4824 564 373 4260 425 3835 4389 4052 681 525 301 3371 3181
is_linear=0
shrinkage=0.03


Tree=263
num_leaves=15
num_cat=0
split_feature=12 12 7 7 13 7 6 6 16 12 5 11 5 0
split_gain=1.9491 2.67488 4.11873 2.01435 5.60322 4.29915 6.98835 5.47439 6.06208 5.68085 5.01535 6.68186 4.04988 5.19826
threshold=48.650000000000013 53.250000000000007 2.8500000000000001 2.9500000000000006 6.0500000000000007 2.4500000000000006 9.3500000000000032 6.2500000000000009 3.708165724643735 60.750000000000007 54.750000000000007 3.7500000000000004 54.95000000000001 4.5000000000000009
decision_type=2 2 2 2 2 2 2 2 8 2 2 2 2 2
left_child=-1 2 -2 5 -5 7 -7 8 -3 -9 11 -11 -10 -14
right_child=1 3 -4 4 -6 6 -8 9 12 10 -12 -13 13 -15
leaf_value=-0.0074872840906877181 0.014851080984336058 0.0079456733286138448 -0.0010223897449595782 0.00050274366783727327 0.01078038758522145 0.00042874243115285487 -0.015867861917047078 -0.0061841771717794109 0.0023722860241100771 -0.010433459840904524 0.006709536101358121 0.0080367472585798645 -0.0012277705404799032 -0.013352732498842224
leaf_weight=23.426187671720982 23.647137794643641 28.657526209950447 29.011992022395134 693.08128884062171 46.325788110494614 51.703085422515869 38.303455889225006 51.682871587574482 37.531276468187571 37.140245962888002 190.89311091601849 25.63458202406764 54.480656906962395 75.429383046925068
leaf_count=149 147 275 178 4222 348 390 256 343 223 203 1323 135 584 453
internal_value=0.000291069 0.000449261 0.00677547 0.000174525 0.00121475 -0.00112519 -0.0069766 -1.6396e-05 -0.00387199 0.00248219 0.0043333 -0.00285454 -0.00606632 -0.00850182
internal_weight=1406.95 1383.52 52.6591 1330.86 739.407 591.456 90.0065 501.45 196.099 305.351 253.668 62.7748 167.441 129.91
internal_count=9229 9080 325 8755 4570 4185 646 3539 1535 2004 1661 338 1260 1037
is_linear=0
shrinkage=0.03


Tree=264
num_leaves=15
num_cat=0
split_feature=4 4 13 5 16 8 6 5 9 0 11 17 11 6
split_gain=2.44059 3.1731 6.87543 9.92037 8.27425 8.24887 5.92305 6.01901 4.1944 3.65324 4.29372 2.29179 4.39684 5.1325
threshold=4.4018650053024659 5.1945906263027615 4.6500000000000012 60.650000000000013 3.843668611458058 66.950000000000017 6.1500000000000012 67.15000000000002 2.1050000000000004 2.5000000000000004 1.8500000000000003 0.32500000000000007 5.9500000000000011 6.7500000000000009
decision_type=2 2 2 2 10 2 2 2 2 2 2 10 2 2
left_child=-1 2 3 -2 5 -4 7 -5 -7 10 -3 -11 13 -13
right_child=1 9 4 6 -6 8 -8 -9 -10 11 -12 12 -14 -15
leaf_value=-0.0095420931679204048 -0.019809656243930048 0.005321031047302519 0.022704721774148885 0.02315492796127637 -0.0076078651109183302 0.0099967520068868186 -0.0067049328689102565 -0.0032587952745816396 -0.0095222316997697135 0.00055961497436451089 -0.014291822857598953 -0.0085383007653592191 -0.015023497333805409 0.0044136881949097947
leaf_weight=18.0613709166646 16.782598253339529 11.342962149530647 37.63219104334712 14.447776559740307 16.581507410854101 18.4975133612752 20.59424589946866 11.102324139326809 12.26681689545512 1071.0383550785482 27.940193105489016 41.614547200500965 19.829248532652855 62.422327697277069
leaf_count=256 175 142 330 145 178 197 223 130 130 6161 374 256 135 373
internal_value=0.000137933 0.000298373 0.00437505 -0.00302201 0.00971618 0.0141482 0.00442336 0.0130225 0.00197068 -0.000205858 -0.00866727 0.000107273 -0.00367397 -0.000921045
internal_weight=1400.15 1382.09 147.905 62.9269 84.978 68.3965 46.1443 25.5501 30.7643 1234.19 39.2832 1194.9 123.866 104.037
internal_count=9205 8949 1508 673 835 657 498 275 327 7441 516 6925 764 629
is_linear=0
shrinkage=0.03


Tree=265
num_leaves=15
num_cat=0
split_feature=5 5 5 15 15 15 10 12 5 10 15 5 6 6
split_gain=1.85847 2.15062 2.06045 3.22108 2.1111 6.23287 3.94624 3.24333 2.77088 5.64762 5.57278 4.90058 4.45634 7.9233
threshold=45.95000000000001 47.850000000000001 49.650000000000013 22.050000000000004 29.250000000000004 31.450000000000003 0.77500000000000013 65.850000000000009 64.250000000000014 0.10500000000000002 24.650000000000002 61.850000000000001 2.1500000000000008 5.3500000000000005
decision_type=2 2 2 8 10 10 2 2 2 2 10 2 2 2
left_child=-1 -2 3 -3 8 -6 7 -7 10 -10 11 -4 -11 -14
right_child=1 2 4 -5 5 6 -8 -9 9 12 -12 -13 13 -15
leaf_value=0.0054212383407375719 -0.007280188653251419 0.011984769373127093 0.0001245878787684906 -0.0020795264559063417 0.014198420760683526 -0.011877274661765623 0.0042662096035425492 0.00053460143351633611 -0.010987957079794618 0.012868095539987563 -0.010344651244226137 -0.0064411035561024324 -0.0061308489205520629 0.0043535041172298346
leaf_weight=48.043477907776833 33.62831936776638 26.20759105682373 553.48927061259747 25.250730767846107 29.069174017757177 29.105740446597338 85.446780748665333 41.71323898434639 25.897619236260653 28.21281898394227 59.30366437882185 120.46365992724895 87.430452309548855 213.3893918544054
leaf_count=229 176 136 3524 126 155 161 437 227 251 260 320 894 766 1597
internal_value=-8.84388e-05 -0.000302437 -9.86366e-05 0.00551041 -0.000345941 0.00257169 3.56842e-05 -0.00501339 -0.000852349 0.00131127 -0.00190143 -0.00108777 0.00242931 0.00125591
internal_weight=1406.65 1358.61 1324.98 51.4583 1273.52 185.335 156.266 70.819 1088.19 354.93 733.257 673.953 329.033 300.82
internal_count=9259 9030 8854 262 8592 980 825 388 7612 2874 4738 4418 2623 2363
is_linear=0
shrinkage=0.03


Tree=266
num_leaves=15
num_cat=0
split_feature=12 7 0 4 4 23 4 4 5 4 0 7 15 13
split_gain=2.13085 1.87657 2.46116 3.26815 4.42031 2.53483 3.9375 5.02572 10.905 5.10581 6.82014 5.75369 5.37725 6.28271
threshold=88.250000000000014 14.750000000000002 22.500000000000004 6.3333277891718245 6.2836698832074012 3.0500000000000003 5.7191895361592762 5.5621381532263205 64.050000000000011 5.3680841043302543 3.5000000000000004 6.4500000000000011 11.950000000000001 4.5500000000000007
decision_type=2 2 2 2 2 2 2 2 2 2 2 2 8 2
left_child=1 2 3 4 5 6 7 9 -9 10 12 -11 -1 -14
right_child=-2 -3 -4 -5 -6 -7 -8 8 -10 11 -12 -13 13 -15
leaf_value=0.0041140640562702712 0.0083349322384238395 -0.0077760511742369391 0.0070606561319486831 -0.010359141709706579 0.012463769886217021 0.00063837506709592273 -0.0049741006441569495 -0.0015670406211279212 0.016581101290872414 -0.010095981389216793 0.0082933482966537006 0.0072284814437754679 -0.016948488917711294 -0.0010910322855508686
leaf_weight=54.280976690351963 18.355632662773132 28.969982676208019 31.497726112604141 26.70198155939579 17.905161827802658 575.37831038236618 255.08919589221478 85.385943874716759 40.163295414298773 96.202666126191616 63.970560692250729 17.047072563320398 32.82166975364089 57.310977645218372
leaf_count=630 118 153 135 110 75 3282 1438 554 289 796 475 128 404 614
internal_value=-0.000658706 -0.000807697 -0.00063051 -0.000839631 -0.000604358 -0.000835369 -0.0020388 -0.00032791 0.00465126 -0.00231297 0.000500877 -0.00729281 -0.00311295 -0.00745279
internal_weight=1401.08 1382.73 1353.76 1322.26 1295.56 1277.65 702.272 447.183 125.549 321.634 208.384 113.25 144.414 90.1326
internal_count=9201 9083 8930 8795 8685 8610 5328 3890 843 3047 2123 924 1648 1018
is_linear=0
shrinkage=0.03


Tree=267
num_leaves=15
num_cat=0
split_feature=23 13 11 9 6 13 15 15 8 11 11 23 9 12
split_gain=2.10465 6.43226 4.33266 4.92527 6.34101 3.77338 3.74974 3.47952 4.93306 2.6754 2.03754 5.11652 4.97363 3.92002
threshold=4.1500000000000012 2.6500000000000008 2.7500000000000004 3.3450000000000002 11.050000000000002 1.9500000000000002 20.750000000000004 40.850000000000001 66.050000000000011 3.8500000000000001 2.9500000000000006 3.1500000000000008 3.7450000000000006 68.750000000000014
decision_type=2 2 2 2 2 2 8 8 2 2 2 2 2 2
left_child=5 -2 3 4 6 -1 -3 8 9 -4 11 -7 -12 -14
right_child=1 2 7 -5 -6 10 -8 -9 -10 -11 12 -13 13 -15
leaf_value=-0.00998906570122708 0.011553667363502695 -0.0075103622930745729 -0.010680256259497308 -0.0037760075482382496 0.016008097702738436 0.00013215768867533205 0.0081031641906608477 -0.010508719866746414 0.010523618401773443 -0.00028120400875251945 0.0023345879459615547 -0.0067097324990392539 -0.0097221930816516321 0.0015901709652414236
leaf_weight=32.860115617513657 48.659672252833843 23.073534019291401 27.142924889922142 42.98834216594696 41.334340631961823 359.8895450271666 22.313648425042629 36.651009913533926 23.927373129874468 73.383097022771835 436.57903575897217 130.27619173750281 57.740672897547483 46.994038712233305
leaf_count=182 223 136 135 209 206 2681 127 210 148 359 3147 773 376 306
internal_value=-2.95762e-05 0.00200989 0.000244716 0.00423878 0.00820101 -0.000686427 0.00020808 -0.00300181 -0.000470561 -0.00346205 -0.000343313 -0.00173567 0.000921828 -0.0048052
internal_weight=1403.81 339.474 290.814 129.71 86.7215 1064.34 45.3872 161.104 124.453 100.526 1031.48 490.166 541.314 104.735
internal_count=9218 1753 1530 678 469 7465 263 852 642 494 7283 3454 3829 682
is_linear=0
shrinkage=0.03


Tree=268
num_leaves=15
num_cat=0
split_feature=8 9 9 15 7 7 6 7 10 9 15 23 15 10
split_gain=2.31873 6.18868 3.75336 3.70945 3.40563 3.79203 3.28239 2.46559 7.80853 9.09568 8.17058 6.4263 6.36879 5.91654
threshold=74.850000000000009 1.8650000000000004 0.92500000000000016 14.250000000000002 12.15 11.050000000000002 10.550000000000002 1.5500000000000003 1.0250000000000001 1.385 17.050000000000004 2.2500000000000004 13.65 1.885
decision_type=2 2 2 10 2 2 2 2 2 2 10 2 8 2
left_child=4 2 -2 -3 5 7 -6 8 9 10 -1 -11 -10 -14
right_child=1 3 -4 -5 6 -7 -8 -9 12 11 -12 -13 13 -15
leaf_value=0.00046478191597138424 0.0029027656915077723 -0.0095422666537554896 0.020792719579672565 0.0074149354791460441 0.00013294291751999777 0.011915414122323293 -0.013226251093451737 -0.00075805508889087881 0.017471530387339795 0.0022365329260726724 0.022105006097630778 -0.011652628787723345 -0.0032938345601073648 0.014025705437644857
leaf_weight=53.558122601360083 22.303651560097933 25.572754856199026 18.912672769278288 14.177260026335714 31.948793951421976 19.505805913358927 29.13101664930582 939.94203004986048 39.33550613373518 46.725720390677452 17.347828909754753 72.235045466572046 48.123007524758577 21.91815809905529
leaf_count=438 205 236 166 97 171 102 148 6002 247 386 105 461 309 115
internal_value=0.0001922 0.00496625 0.0124732 -0.00334157 -0.00011832 0.000229301 -0.00675718 -1.79282e-06 0.00234709 -0.0013501 0.0068666 -0.00632704 0.0085435 0.00269942
internal_weight=1400.74 80.9663 41.2163 39.75 1319.77 1258.69 61.0798 1239.19 299.243 189.867 70.906 118.961 109.377 70.0412
internal_count=9188 704 371 333 8484 8165 319 8063 2061 1390 543 847 671 424
is_linear=0
shrinkage=0.03


Tree=269
num_leaves=15
num_cat=0
split_feature=16 10 11 23 4 11 16 7 18 0 11 4 23 15
split_gain=3.33593 3.12514 2.22054 4.27801 5.08197 2.92488 2.70657 1.90351 4.31521 4.12008 3.68696 3.96555 5.12386 5.71168
threshold=3.3969832901692403 0.68500000000000016 0.35000000000000003 3.5500000000000003 5.7369965295207175 0.45000000000000007 5.5944229380314097 5.3500000000000005 211.50000000000003 20.500000000000004 7.3500000000000005 6.1065184494252689 4.0500000000000007 8.1500000000000004
decision_type=8 2 2 2 2 2 8 2 10 2 2 2 2 10
left_child=1 -1 3 4 6 -4 -2 9 10 -7 11 12 13 -9
right_child=2 -3 5 -5 -6 7 -8 8 -10 -11 -12 -13 -14 -15
leaf_value=0.00020566933752874946 -0.0089774991190507587 -0.017703756340455058 0.0095224369824948724 0.0041687603323617073 -0.019932916230515244 0.00050460716381712871 0.0068011473055814269 0.0050016031563584465 -0.01211159395378302 0.011741397189074866 0.008837955675546216 -0.0072166210155174713 0.0074303485639372049 -0.0061129174436087581
leaf_weight=16.317891065031294 14.404700599610807 13.674626182764767 25.616300038993359 27.819050241261721 19.271990105509758 865.31487569585443 14.828990302979944 59.204553749412298 27.464282184839249 25.426169842481613 28.419740729033947 79.437211126089096 61.892262972891331 114.95868133753538
leaf_count=147 133 118 154 150 113 5957 125 452 176 108 165 345 323 718
internal_value=-0.000176503 -0.00932275 5.79155e-05 -0.00475062 -0.0097776 0.000360192 -0.00114933 0.000137391 -0.00165346 0.000889111 -0.000656692 -0.00163651 0.000352039 -0.00230054
internal_weight=1394.05 29.9925 1364.06 76.3247 48.5057 1287.73 29.2337 1262.12 371.377 890.741 343.912 315.493 236.055 174.163
internal_count=9184 265 8919 521 371 8398 258 8244 2179 6065 2003 1838 1493 1170
is_linear=0
shrinkage=0.03


Tree=270
num_leaves=15
num_cat=0
split_feature=16 13 4 5 6 11 5 23 23 15 6 9 9 6
split_gain=2.06313 4.09072 6.33109 5.31953 6.60355 2.74748 2.43492 2.16821 5.19176 4.46775 3.67722 4.78251 3.34368 2.47905
threshold=3.7275409828871884 4.6500000000000012 5.1721429718648553 61.150000000000013 5.9500000000000011 3.0500000000000003 60.250000000000007 1.0500000000000003 1.3500000000000003 17.250000000000004 4.9500000000000011 2.2050000000000005 3.2350000000000008 9.0500000000000025
decision_type=8 2 2 2 2 2 2 2 2 8 2 2 2 2
left_child=1 3 5 -1 -5 -3 -4 10 9 -9 11 -2 13 -12
right_child=7 2 6 4 -6 -7 -8 8 -10 -11 12 -13 -14 -15
leaf_value=-0.0019665631572951224 0.0094620568365889612 0.015894495911792209 0.00045713078584165936 0.02565674754247842 0.0018450651764212258 -0.0017987364274815421 -0.014120154222454539 -0.0016565737027023121 -0.00034241370390864103 0.015861219543174484 -0.017346932484437999 -0.0088895147654137804 0.0029739825765234254 -0.0046186124443872772
leaf_weight=25.110767487436533 28.603619679808617 14.144347656518223 15.710522469133137 18.929399769753218 20.140567481517792 11.881826162338255 23.410073548555374 19.975493285804987 1100.6775740496814 28.814969450235367 25.627952076494694 15.877506677061318 17.907466981559992 34.349315393716097
leaf_count=195 252 142 118 171 177 123 210 160 6676 203 241 142 136 270
internal_value=6.20034e-05 0.00359836 -0.00167881 0.00868915 0.0149838 0.0088288 -0.00887765 -0.000310277 0.000100803 0.00920187 -0.0040242 0.00267513 -0.00778085 -0.0109737
internal_weight=1401.16 129.328 65.1468 64.1807 39.07 26.0262 39.1206 1271.83 1149.47 48.7905 122.366 44.4811 77.8847 59.9773
internal_count=9216 1136 593 543 348 265 328 8080 7039 363 1041 394 647 511
is_linear=0
shrinkage=0.03


Tree=271
num_leaves=15
num_cat=0
split_feature=9 4 9 9 23 9 8 7 13 23 5 4 13 16
split_gain=2.87785 3.43349 2.97946 2.36339 5.86454 3.09957 2.39041 4.87727 6.58868 3.66187 3.37813 3.67432 7.44959 3.87761
threshold=6.6950000000000012 5.9489134651199729 5.9250000000000007 5.1550000000000011 3.2500000000000004 4.9050000000000011 58.650000000000013 9.7500000000000018 4.3500000000000005 6.1500000000000012 69.050000000000011 5.5225668049512686 6.0500000000000007 3.7715139837605842
decision_type=2 2 2 2 2 2 2 2 2 2 2 2 2 8
left_child=2 -2 3 5 -5 6 -1 9 -9 10 -8 12 13 -12
right_child=1 -3 -4 4 -6 -7 7 8 -10 -11 11 -13 -14 -15
leaf_value=0.00099864099251840174 -0.0022704713264837012 0.012558527294752854 -0.0093484527808840485 -0.004573613958461376 0.013941659728628287 -0.011014987805441488 -0.0037277688318582574 -0.0026241887684592784 0.016013820182807562 0.0084609079991981185 0.0037225048176676538 0.0087317146988083114 0.015387151784493621 -0.012841120704993717
leaf_weight=495.42388988286257 22.643747828900814 27.12772399187088 30.711374875158072 25.740658044815063 27.430616833269596 21.354465652257204 565.72958368062973 34.336909219622612 26.764599710702896 22.133969157934189 16.196637768298388 39.565505094826221 11.58058289811015 33.634519353508949
leaf_count=2771 133 118 181 168 140 136 4151 193 155 119 173 271 116 375
internal_value=-0.000524851 0.00622062 -0.000795458 -0.000561917 0.00535558 -0.000830387 -0.000612401 -0.00167625 0.00613367 -0.00240821 -0.00282935 0.00214249 -0.0024405 -0.00760892
internal_weight=1400.37 49.7715 1350.6 1319.89 53.1713 1266.72 1245.37 749.942 61.1015 688.841 666.707 100.977 61.4117 49.8312
internal_count=9200 251 8949 8768 308 8460 8324 5553 348 5205 5086 935 664 548
is_linear=0
shrinkage=0.03


Tree=272
num_leaves=15
num_cat=0
split_feature=19 9 4 5 7 5 11 6 23 15 23 15 10 13
split_gain=1.82532 7.16594 3.31913 2.60353 6.16757 5.90615 3.82845 7.74296 6.33841 5.77398 5.86896 5.95467 3.71382 3.28922
threshold=1.5000000000000002 3.0950000000000002 5.8028359520302306 56.95000000000001 8.1500000000000004 57.550000000000004 2.0500000000000003 5.7500000000000009 3.8500000000000001 11.050000000000002 4.8500000000000005 13.15 0.41500000000000004 4.0500000000000007
decision_type=2 2 2 2 2 2 2 2 2 8 2 10 2 2
left_child=3 2 -2 4 6 -5 7 -1 -9 13 11 -11 -13 -8
right_child=1 -3 -4 5 -6 -7 9 8 -10 10 -12 12 -14 -15
leaf_value=0.011330735059582306 0.0017870235722995255 -0.00695342866052002 0.016522522946700605 0.011440331728946661 0.0049872222839010376 0.00017809279841874887 -0.0054262118545959732 -0.0096500047093558122 0.0060747347217321159 0.007066676204259559 -0.014056398927842913 0.0042873133794545069 -0.0080633666422340738 -0.019883369504890461
leaf_weight=36.587631400674582 25.433004155755043 29.47970300167799 28.893631584942341 39.206855989992619 86.9817482419312 809.41899381950498 32.400467742234468 59.618105627596378 31.692182905972004 55.179117176681757 30.238030035048723 26.653866022825241 74.245397835969925 30.215595275163651
leaf_count=223 220 171 142 227 427 5823 182 367 159 359 141 154 390 204
internal_value=5.58292e-05 0.00421863 0.0103561 -0.00022499 -0.00202041 0.000762375 -0.00368207 0.000530849 -0.0041602 -0.00581444 -0.00299675 -0.000484288 -0.00475239 -0.013357
internal_weight=1396.24 83.8063 54.3266 1312.44 463.812 848.626 376.83 127.898 91.3103 248.932 186.316 156.078 100.899 62.6161
internal_count=9189 533 362 8656 2606 6050 2179 749 526 1430 1044 903 544 386
is_linear=0
shrinkage=0.03


Tree=273
num_leaves=15
num_cat=0
split_feature=4 11 0 1 16 23 6 0 6 9 9 13 12 7
split_gain=2.3176 5.21902 6.3849 4.35856 3.88492 3.67875 4.39034 7.45976 5.38279 3.82867 7.5992 3.60229 4.77293 3.55472
threshold=5.7126000344781183 0.95000000000000007 6.5000000000000009 1.0000000180025095e-35 3.2913687936949438 2.1500000000000008 6.5500000000000007 8.5000000000000018 8.6500000000000004 5.3250000000000011 3.6250000000000004 4.3500000000000005 64.950000000000017 5.2500000000000009
decision_type=2 2 2 2 10 2 2 2 2 2 2 2 2 2
left_child=1 2 3 4 -1 -2 7 -7 13 10 11 -10 -13 -8
right_child=5 -3 -4 -5 -6 6 8 -9 9 -11 -12 12 -14 -15
leaf_value=0.0028506189663735147 -0.0055240799466345289 0.00017261775549221731 0.017297959746798951 0.0095809254813088492 -0.014158188470818527 -0.014521256305782182 0.012141509434324746 -0.00048370621362952258 0.0037020339561843014 0.0073897392254623061 -0.010684306550110627 0.0051937466942955177 -0.0085124022912177154 -0.00031782341758794812
leaf_weight=26.596991289407015 131.07597003504634 552.00960962474346 32.966353595256805 32.131550546735525 15.30857180058956 40.416452214121819 56.66300256550312 137.86595767736435 154.28843493759632 46.880277924239635 58.333680406212807 31.594994284212589 58.451969347894192 30.579331256449223
leaf_count=234 761 4586 158 322 134 294 288 631 727 218 284 157 292 148
internal_value=8.12576e-05 0.00137224 0.00727686 0.00200277 -0.00420977 -0.0010605 -7.24143e-05 -0.00397534 0.00154758 -0.000151367 -0.00142052 0.000961065 -0.00368306 0.00799388
internal_weight=1405.16 659.013 107.003 74.0371 41.9056 746.15 615.074 178.282 436.792 349.549 302.669 244.335 90.047 87.2423
internal_count=9234 5434 848 690 368 3800 3039 925 2114 1678 1460 1176 449 436
is_linear=0
shrinkage=0.03


Tree=274
num_leaves=15
num_cat=0
split_feature=12 12 15 15 9 12 4 0 4 9 10 10 16 9
split_gain=1.90065 4.87903 3.11412 6.06948 3.79435 3.38493 3.38485 3.82901 3.29396 2.88409 7.99072 6.84458 3.25408 3.24791
threshold=69.65000000000002 69.350000000000009 25.650000000000002 22.150000000000002 3.8050000000000002 70.15000000000002 6.2284104152997699 11.500000000000002 5.9555116882636465 0.70500000000000007 1.0450000000000002 0.56500000000000006 3.7607993050970712 0.9850000000000001
decision_type=2 2 10 10 2 2 2 2 2 2 2 2 10 2
left_child=1 -1 3 5 -4 -2 7 9 -9 10 11 12 -7 -11
right_child=2 -3 4 -5 -6 6 -8 8 -10 13 -12 -13 -14 -15
leaf_value=0.00050944728421667331 -0.012142251314673448 0.014415370387974628 -0.00021883597034198665 -0.013824233285268179 0.01136841425538342 0.0095311534586198718 -0.011215499055293662 -0.0022824762415047748 0.0096333359326668845 -0.011852146139413525 -0.010389056418595359 0.023165073237133287 -0.0078488685968656716 -0.0016999472226622849
leaf_weight=776.21848722547293 19.954238642007113 18.410747893154621 96.063924491405487 33.542929206043482 29.504500165581703 14.001677744090559 21.210820019245148 29.99319064617157 53.330263808369637 27.738158006221056 19.869498465210199 16.800299942493439 14.830726373940704 233.34732959419489
leaf_count=5075 149 115 513 195 150 132 89 135 235 232 151 135 127 1808
internal_value=-4.48587e-05 0.000919757 -0.00129831 -0.00238727 0.00283487 -0.00139456 -0.000763605 -9.41343e-05 0.00545771 -0.00157153 0.00385937 0.0104767 0.000752508 -0.00298098
internal_weight=1404.82 794.629 610.188 484.619 125.568 451.076 431.122 409.911 83.3235 326.588 65.5022 45.6327 28.8324 261.085
internal_count=9241 5190 4051 3388 663 3193 3044 2955 370 2585 545 394 259 2040
is_linear=0
shrinkage=0.03


Tree=275
num_leaves=15
num_cat=0
split_feature=7 10 11 6 9 15 12 6 0 10 10 15 15 16
split_gain=2.04759 7.92759 4.55466 6.18287 5.75445 4.3518 10.6038 4.31548 5.78833 4.07925 3.75812 6.86285 5.22363 5.92358
threshold=1.2500000000000002 1.0250000000000001 2.3500000000000001 6.8500000000000005 1.385 13.65 67.450000000000017 9.8500000000000032 6.5000000000000009 0.45500000000000007 1.2750000000000001 39.750000000000007 44.150000000000013 5.3853479333317242
decision_type=2 2 2 2 2 8 2 2 2 2 2 10 10 10
left_child=1 2 3 9 -4 -3 -7 8 -6 -1 12 -12 13 -2
right_child=10 5 4 -5 7 6 -8 -9 -10 -11 11 -13 -14 -15
leaf_value=0.010899974976391844 -0.0017678202677151047 0.017054803547249128 0.01123884544156392 -0.015313148977649158 0.0014605893610179926 0.014869616784532394 -0.0088523088270680422 0.0055446991048340201 -0.021087110183340963 -0.0080744157104013069 -0.0050818479975340064 0.010062109388082502 -0.010438355603743652 0.0033341220321158058
leaf_weight=16.626315757632259 410.33816846087575 32.5377097427845 34.96740685775876 35.469460088759661 20.010512534528971 29.927892025560141 28.357811413705349 25.374665018171072 14.784557573497294 14.501831438392399 272.43245908245444 25.179438441991806 34.343972355127335 399.48869631811976
leaf_count=141 3172 208 277 256 213 179 182 157 78 111 1580 120 168 2329
internal_value=-0.000244947 0.0021733 -0.00182636 -0.00756247 0.00236612 0.00901939 0.00354062 -0.00325689 -0.00956573 0.00216619 -0.000786998 -0.00365551 0.000239863 0.00075399
internal_weight=1394.34 252.558 161.735 66.5976 95.1371 90.8234 58.2857 60.1697 34.7951 31.1281 1141.78 297.612 844.171 809.827
internal_count=9171 1802 1233 508 725 569 361 448 291 252 7369 1700 5669 5501
is_linear=0
shrinkage=0.03


Tree=276
num_leaves=15
num_cat=0
split_feature=8 10 13 5 16 16 11 4 16 6 12 6 13 11
split_gain=2.16038 6.77047 5.42689 8.13972 7.49313 7.34939 5.26553 4.70751 3.66579 2.6584 4.14204 6.01983 5.42636 4.7793
threshold=69.750000000000014 1.6650000000000003 4.5500000000000007 60.550000000000004 4.0625442494750397 5.5358881356258705 1.4500000000000002 5.5880637467126633 5.7753442552043763 12.65 72.050000000000011 21.050000000000004 4.9500000000000011 5.1500000000000012
decision_type=2 2 2 2 8 10 2 2 8 2 2 2 2 2
left_child=9 2 3 8 -5 6 -4 -6 -2 -1 12 -12 13 -11
right_child=1 -3 5 4 7 -7 -8 -9 -10 10 11 -13 -14 -15
leaf_value=0.0012680223466681824 0.0017021282750346795 -0.016641038023941387 0.0029808385077473398 0.026753243520839524 -0.0067501750480122302 0.0066052715078281157 -0.015075610294925233 0.011611622506162104 -0.014095728692366699 -0.0050083329324619088 -0.011164688544466957 0.0030286297904685068 0.0079968208997901209 0.0056255153511682691
leaf_weight=811.70398247614503 29.12135000154376 23.170639477670193 17.426645494997501 14.18597714230418 18.553487196564674 27.197143748402596 53.182404164224863 22.711141876876354 17.867560002952814 134.99255493283272 74.520793151110411 37.943625137209892 58.3382718116045 47.610358033329248
leaf_count=5307 195 176 163 143 199 188 543 128 124 722 442 202 354 255
internal_value=-0.000197643 -0.00286578 -0.000905266 0.00383297 0.0111838 -0.00581302 -0.0107168 0.00351848 -0.00508293 0.000324047 -0.00183152 -0.00645101 0.000412033 -0.00215972
internal_weight=1388.53 223.416 200.246 102.44 55.4506 97.8062 70.609 41.2646 46.9889 1165.11 353.406 112.464 240.941 182.603
internal_count=9141 1859 1683 789 470 894 706 327 319 7282 1975 644 1331 977
is_linear=0
shrinkage=0.03


Tree=277
num_leaves=15
num_cat=0
split_feature=4 0 9 15 23 7 6 12 9 16 13 7 12 11
split_gain=1.79987 2.41158 1.65851 5.04574 3.88246 3.93687 3.83628 2.79831 2.69834 2.93726 4.11451 3.52255 3.01192 2.79365
threshold=6.3802109374958755 20.500000000000004 0.36500000000000005 7.6500000000000012 3.5500000000000003 3.1500000000000008 1.3500000000000003 64.250000000000014 0.48500000000000004 5.9401871273555775 4.5500000000000007 0.25000000000000006 67.250000000000014 2.7500000000000004
decision_type=2 2 2 10 2 2 2 2 2 10 2 2 2 2
left_child=1 2 3 7 5 -5 -4 -1 13 11 12 -10 -11 -8
right_child=-2 -3 6 4 -6 -7 8 -9 9 10 -12 -13 -14 -15
leaf_value=-0.01206202005353516 -0.0070367578342930134 0.0069367641122366642 -0.0089531542360375884 0.020049814654761591 -0.00088876080748241139 0.0035341033503983482 0.0011394442509680244 0.0013873282765909415 -0.0099194490774095461 -0.0069736704075953728 -0.013793232961138572 0.0011786161041649206 0.0073159375304849466 -0.013366454364620242
leaf_weight=17.264819994568825 24.18797342479229 45.367244526743889 37.601800955832005 24.612645123153925 29.506922539323568 27.812053568661213 20.657509952783585 34.80470784008503 21.431239634752274 20.336680397391319 25.222449213266373 1029.8514109961689 22.918875388801098 21.166825547814369
leaf_count=147 100 192 301 182 147 183 139 279 154 115 156 6867 133 147
internal_value=0.000338091 0.000492452 0.000248058 0.00335022 0.00781098 0.0123586 -0.000111059 -0.00373819 0.000212316 0.00050518 -0.00529821 0.00090649 0.00057119 -0.00684521
internal_weight=1402.74 1378.56 1333.19 134.001 81.9316 52.4247 1199.19 52.0695 1161.58 1119.76 68.478 1051.28 43.2556 41.8243
internal_count=9242 9142 8950 938 512 365 8012 426 7711 7425 404 7021 248 286
is_linear=0
shrinkage=0.03


Tree=278
num_leaves=15
num_cat=0
split_feature=11 23 11 4 10 4 10 4 15 4 4 15 4 9
split_gain=2.38587 3.34588 3.10351 2.90225 2.38931 1.95034 3.38084 3.93579 2.86303 7.18351 4.43396 5.71106 5.58675 4.6334
threshold=0.35000000000000003 3.5500000000000003 0.45000000000000007 5.7126000344781183 0.74500000000000011 5.9640412465269099 0.18500000000000003 5.9154285850625064 26.850000000000005 5.5843521465953989 5.8393413264772702 19.550000000000004 5.7979879895265087 1.3050000000000004
decision_type=2 2 2 2 2 2 2 2 10 2 2 10 2 2
left_child=1 3 -2 4 -1 6 -4 8 10 -10 11 12 -8 -13
right_child=2 -3 5 -5 -6 -7 7 -9 9 -11 -12 13 -14 -15
leaf_value=-0.0088542307342024153 0.0095451162626942077 0.003365619776531428 -0.0052137736533758704 -0.016908902793368073 0.0060075153327778432 0.001895579543424034 0.0010211201590929137 -0.0070066225207187421 -0.0053415447918009349 0.01081031885373549 -0.0072305266752776655 0.0031249399647360391 0.013473665566093881 -0.012549088965518032
leaf_weight=16.974020630121235 26.991776138544083 25.669369254261255 121.38124290853739 19.742393508553505 12.883902955800293 376.09711905568838 486.89647613465786 60.244286596775055 34.387153599411249 65.657285489141941 64.588494166731834 23.63670526444912 29.840724594891071 43.109182789921761
leaf_count=159 162 140 1016 118 103 1704 3934 315 252 345 364 169 179 291
internal_value=1.21624e-05 -0.00501149 0.000313535 -0.00925804 -0.00249944 8.70374e-05 -0.000650777 6.22298e-05 0.000674209 0.00526862 -6.99498e-05 0.000777387 0.00186247 -0.0071675
internal_weight=1408.1 75.2697 1332.83 49.6003 29.8579 1305.84 929.742 808.36 748.116 100.044 648.072 583.483 516.737 66.7459
internal_count=9251 520 8731 380 262 8569 6865 5849 5534 597 4937 4573 4113 460
is_linear=0
shrinkage=0.03


Tree=279
num_leaves=15
num_cat=0
split_feature=4 10 10 15 8 7 7 16 7 15 19 8 13 9
split_gain=1.72076 1.80279 2.54171 4.93146 4.18516 5.1761 4.60839 4.23824 4.08549 5.46208 4.90991 4.89016 5.90202 4.61176
threshold=6.3802109374958755 2.5550000000000002 1.3950000000000002 44.150000000000013 62.550000000000004 1.4500000000000002 2.9500000000000006 3.843668611458058 1.1500000000000001 25.650000000000002 1.0000000180025095e-35 54.650000000000013 2.3500000000000001 0.78500000000000014
decision_type=2 2 2 10 2 2 2 10 2 10 2 2 2 2
left_child=1 2 3 8 5 -4 7 -6 -1 11 -11 13 -13 -10
right_child=-2 -3 4 -5 6 -7 -8 -9 9 10 -12 12 -14 -15
leaf_value=-0.0029491736209952086 -0.0069072433082996458 0.0058524850442560417 0.004578432059784243 -0.008891833097641225 0.0056390276842992661 -0.0081076111101071376 0.0083453491131588176 -0.011007555305890782 -0.0047668177122687869 0.0041251943984419162 0.017548297777375762 -0.012420454579878906 0.00042284190973716545 0.007969930310338498
leaf_weight=172.55661181360483 25.09244941174984 46.49276889115572 33.483722731471062 40.51209019869566 19.790111221373081 127.65737964957952 49.608437351882458 27.429257646203041 28.168076500296593 111.2235644236207 28.464152462780476 29.277635894715786 527.97974088415504 127.25517585128546
leaf_count=1311 104 224 182 202 161 676 323 188 170 602 161 176 3990 712
internal_value=0.000190466 0.000345121 0.000130341 0.000779059 -0.0025128 -0.00541311 0.0023427 -0.00415889 0.00120263 0.00205543 0.00737232 0.000969206 -0.000356381 0.00558497
internal_weight=1394.99 1369.9 1323.41 1065.44 257.969 161.141 96.8278 47.2194 1024.92 852.368 139.688 712.681 557.257 155.423
internal_count=9182 9078 8854 7324 1530 858 672 349 7122 5811 763 5048 4166 882
is_linear=0
shrinkage=0.03


Tree=280
num_leaves=15
num_cat=0
split_feature=16 6 11 11 23 16 23 11 17 6 9 13 10 8
split_gain=1.58324 3.70092 1.70545 4.59156 3.43321 5.59863 1.83877 3.74693 6.67417 4.7088 6.07566 4.5121 4.33449 3.82052
threshold=3.3969832901692403 6.3500000000000005 0.35000000000000003 0.45000000000000007 3.4500000000000006 5.6181114048543295 1.9500000000000002 6.1500000000000012 0.43500000000000005 3.8500000000000001 3.6550000000000007 4.1500000000000012 0.88500000000000012 60.250000000000007
decision_type=8 2 2 2 2 8 2 2 10 2 2 2 2 2
left_child=1 -1 4 -4 5 -2 7 8 9 -5 12 -9 13 -11
right_child=2 -3 3 6 -6 -7 -8 11 -10 10 -12 -13 -14 -15
leaf_value=0.0041197863117444231 -0.017990383842234288 -0.014533572341335168 0.012098275457443249 0.0061273890264206534 0.0034999095693223959 0.0018524689150005158 -0.00031191147184108736 -0.0017630495216212315 0.013762560253068946 0.0064988293335898027 0.0072683995255453998 0.015436041418866651 -0.011646501767919131 -0.0057814983805853327
leaf_weight=14.846886746585371 22.15983783826232 15.302624151110647 25.744977831840515 60.321182228624821 31.073726397007704 22.600487228482962 941.3184152841568 20.218052681535482 26.717358615249395 30.750571884214878 35.524452663958073 32.370794244110584 61.362732496112585 58.435498174279928
leaf_count=135 179 133 153 526 169 165 5676 155 197 216 252 270 441 524
internal_value=0.000219877 -0.0060685 0.000379993 0.000642019 -0.00385026 -0.00879188 0.000362595 0.00228725 0.000805429 -0.000845336 -0.00320694 0.00924478 -0.00583295 -0.00142713
internal_weight=1398.75 30.1495 1368.6 1292.76 75.8341 44.7603 1267.02 325.701 273.112 246.394 186.073 52.5888 150.549 89.1861
internal_count=9191 268 8923 8410 513 344 8257 2581 2156 1959 1433 425 1181 740
is_linear=0
shrinkage=0.03


Tree=281
num_leaves=15
num_cat=0
split_feature=9 9 11 12 12 6 6 6 15 10 9 9 15 11
split_gain=2.53158 2.32152 4.59175 3.63124 3.24539 4.37686 10.0527 6.48831 7.17246 7.64934 5.38488 5.21849 6.36222 5.08852
threshold=7.995000000000001 5.6150000000000011 2.2500000000000004 69.950000000000017 72.050000000000011 13.550000000000002 21.050000000000004 7.1500000000000012 14.250000000000002 1.2150000000000001 1.425 3.2850000000000006 5.4500000000000011 3.2500000000000004
decision_type=2 2 2 2 2 2 2 2 10 2 2 2 8 2
left_child=1 4 -3 -4 -1 7 -7 11 9 13 -10 12 -6 -9
right_child=-2 2 3 -5 5 6 -8 8 10 -11 -12 -13 -14 -15
leaf_value=0.0011435974976871683 0.0091153658170127615 0.0031527957205865313 -0.017723251501928359 -0.0010637600291532137 0.0089112010004664208 -0.014508535199809682 0.0038129228970954269 0.0043764063500130882 0.0076620293425525825 -0.0045056587303115474 -0.0095181733919526453 0.0056815611686072713 -0.0088092910147581759 0.023005723439467891
leaf_weight=872.12113682180643 21.697690568864346 33.282952271401882 24.062318757176399 20.934720393270254 17.035227358341217 61.812399711459875 42.310127075761557 25.259035054594278 22.011643625795841 20.634418543428183 37.869499374181032 36.151349078863859 126.97664550319314 31.201350048184395
leaf_count=5781 98 181 152 121 148 384 225 198 130 130 215 238 954 223
internal_value=-3.45146e-05 -0.000211833 -0.00506687 -0.010854 0.000100391 -0.0020474 -0.00723004 -0.000260035 0.00456901 0.010351 -0.00309913 -0.00395573 -0.00648445 0.0157055
internal_weight=1393.36 1371.66 78.28 44.997 1293.38 421.262 104.123 317.139 136.976 77.0948 59.8811 180.163 144.012 56.4604
internal_count=9178 9080 454 273 8626 2845 609 2236 896 551 345 1340 1102 421
is_linear=0
shrinkage=0.03


Tree=282
num_leaves=15
num_cat=0
split_feature=17 17 17 18 23 4 16 5 13 16 0 7 12 12
split_gain=2.07554 3.43137 3.28053 3.55818 2.55612 5.78225 4.85574 4.66037 4.31233 5.53267 3.90767 3.67747 3.66677 5.41087
threshold=0.24500000000000002 0.32500000000000007 0.51500000000000012 96.500000000000014 2.0500000000000003 5.8195837339240084 5.4439314323249937 56.150000000000013 4.1500000000000012 5.7464243940990922 2.5000000000000004 1.5500000000000003 69.350000000000009 80.350000000000009
decision_type=8 8 8 10 2 2 8 2 2 10 2 2 2 2
left_child=-1 -2 3 -3 5 6 12 -8 -9 -10 11 -6 -4 -14
right_child=1 2 4 -5 10 -7 7 8 9 -11 -12 -13 13 -15
leaf_value=-0.0044814612569233445 0.0096601448491603799 0.0040431717618803617 -0.0034991968437414729 -0.011589633245341378 0.0026579380635934273 -0.0043253658921015006 -0.0020200452748248142 0.0029467467853064892 0.021999159311408861 0.0020259169674207416 3.1907573663178387e-05 -0.016003382360666705 0.010229723113936974 -0.0090060180335285473
leaf_weight=79.20288285240531 29.885518487542868 16.100234322249889 75.281101170927286 36.542700760066509 12.809127416461704 77.841588884592056 25.54356887191534 34.694960039108992 42.138487718999386 18.461758591234684 865.92895502597094 21.695094864815474 50.820504233241081 12.991532817482947
leaf_count=646 214 128 724 270 161 429 185 268 327 133 4846 311 475 121
internal_value=8.61065e-05 0.000375887 0.000124495 -0.00687253 0.000448421 0.00265355 0.00478571 0.0090577 0.0119797 0.0165325 -0.00038886 -0.00961609 0.000888848 0.00594367
internal_weight=1399.94 1320.74 1290.85 52.6429 1238.21 337.774 259.932 120.839 95.2952 60.6002 900.433 34.5042 139.093 63.812
internal_count=9238 8592 8378 398 7980 2662 2233 913 728 460 5318 472 1320 596
is_linear=0
shrinkage=0.03


Tree=283
num_leaves=15
num_cat=0
split_feature=12 4 10 0 4 4 8 12 11 11 15 4 11 0
split_gain=2.09388 2.0989 1.85629 1.92842 2.63547 2.59139 4.55475 4.32506 6.08224 5.99102 4.89702 4.57782 3.83412 7.32698
threshold=48.650000000000013 6.3802109374958755 2.5550000000000002 19.500000000000004 4.4018650053024659 5.7126000344781183 73.550000000000011 73.15000000000002 5.7500000000000009 5.4500000000000011 30.850000000000005 6.0939580916532003 0.95000000000000007 6.5000000000000009
decision_type=2 2 2 2 2 2 2 2 2 2 10 2 2 2
left_child=-1 2 3 4 -2 12 7 8 -7 10 11 -9 13 -6
right_child=1 -3 -4 -5 5 6 -8 9 -10 -11 -12 -13 -14 -15
leaf_value=-0.0077857988765578775 -0.010031784768458757 -0.0074360928146475092 0.0062134171343501757 0.0059336942348111286 0.0011265965440016518 0.0017476133376390093 0.0097916591563457674 -0.007198533683527011 -0.0072153372843872018 0.0048047994466575922 0.0034375272828388575 -0.022195031264559295 0.00063578985844284621 0.017923925532753709
leaf_weight=23.447302740067244 17.484545137733221 24.842426672577858 46.206300370395184 49.101662650704384 68.944440066814423 346.47872730717063 28.274241887032986 88.210091032087803 79.52748404443264 35.779443182051182 23.328052081167698 21.953880548477173 515.50097734853625 30.940535038709641
leaf_count=150 251 103 224 207 633 1784 157 510 419 189 113 101 4227 148
internal_value=0.00027254 0.00043748 0.000609053 0.000387749 0.00014835 0.000331763 -0.00102734 -0.0016185 1.01033e-05 -0.0055999 -0.00846142 -0.011021 0.00170608 0.00693618
internal_weight=1400.02 1376.57 1351.73 1305.52 1256.42 1238.94 623.552 595.278 426.006 169.271 133.492 110.164 615.386 99.885
internal_count=9216 9066 8963 8739 8532 8281 3273 3116 2203 913 724 611 5008 781
is_linear=0
shrinkage=0.03


Tree=284
num_leaves=15
num_cat=0
split_feature=8 9 15 16 16 10 16 11 16 6 6 12 15 15
split_gain=1.90841 4.40792 4.04252 3.62342 2.42736 2.802 2.48593 3.77912 2.89291 2.06305 3.72021 3.35021 3.01542 2.80795
threshold=74.850000000000009 1.8650000000000004 14.65 3.5865872900977234 3.5578679449331911 0.91500000000000015 3.7181278500871997 1.7500000000000002 3.7983743711860822 25.950000000000003 20.850000000000005 70.15000000000002 19.550000000000004 27.950000000000003
decision_type=2 2 10 10 8 2 8 2 8 2 2 2 8 10
left_child=4 3 -3 -2 5 -1 7 -6 -8 10 13 -12 -11 -10
right_child=1 2 -4 -5 6 -7 8 -9 9 12 11 -13 -14 -15
leaf_value=-0.010581379758491974 0.018810238744005427 -0.0095311965429874905 0.0081356500658186452 0.0020460180893061 -0.0050610609622373359 0.0021648976870713402 -0.010421840145733942 0.011106737041991711 -0.0012132969241338964 0.0013204856594479519 0.00068412697181877624 0.01366241555641067 -0.01085488937858451 0.0028352976175018575
leaf_weight=39.035299312323332 17.746813908219337 25.973868310451508 14.052957091480492 26.541028644889593 15.961641762405632 21.706345610320568 21.276765652000904 33.987550504505634 859.94681484252214 32.322274498641491 40.92181446403265 27.615412883460522 34.48833717033267 182.73162774369121
leaf_count=344 167 244 97 228 133 178 199 293 5672 168 216 147 170 929
internal_value=-0.000301832 0.00394332 -0.00311392 0.00999043 -0.000589016 -0.00620821 -0.000292138 0.00594979 -0.000575728 -0.000354598 -3.59613e-05 0.00648681 -0.00528276 -0.000493627
internal_weight=1394.31 84.3147 40.0268 44.2878 1309.99 60.7416 1249.25 49.9492 1199.3 1178.03 1111.22 68.5372 66.8106 1042.68
internal_count=9185 736 341 395 8449 522 7927 426 7501 7302 6964 363 338 6601
is_linear=0
shrinkage=0.03


Tree=285
num_leaves=15
num_cat=0
split_feature=11 9 6 23 7 7 16 11 4 5 15 13 15 6
split_gain=1.69919 3.68533 4.7292 5.26322 6.1017 4.91915 4.54866 3.4852 4.86822 7.82215 3.65817 4.02104 3.6434 3.63806
threshold=5.5500000000000007 4.3550000000000013 8.9500000000000011 2.4500000000000006 3.3500000000000001 2.4500000000000006 5.4313468491122388 3.8500000000000001 5.4243776387234393 62.350000000000001 20.350000000000005 4.5500000000000007 13.15 7.5500000000000007
decision_type=2 2 2 2 2 2 10 2 2 2 10 2 10 2
left_child=7 2 -2 4 -4 -5 -7 13 9 -9 12 -12 -10 -1
right_child=1 -3 3 5 -6 6 -8 8 10 -11 11 -13 -14 -15
leaf_value=0.0021965227520713451 -0.0040755158363869155 -0.0097649806893106011 0.00044449139807444112 0.0092181142973227874 0.023571445812621942 -0.014296911360146311 0.0022444098007486754 0.0086085836878282227 0.0058331294258912583 -0.012299099550803268 0.0050393916257028028 0.019306567532067054 -0.0042614887678060816 -0.0017440941656977928
leaf_weight=379.94245287775993 127.22451109811664 37.238792806863785 19.544939748942852 26.26112175732851 17.096930753439665 22.896341472864151 29.78857833147049 23.184757258743048 101.68692510947585 33.385633990168571 50.903227359056473 27.44487089663744 41.867926768958569 461.24391213804483
leaf_count=2713 950 233 152 149 111 136 147 219 602 366 253 139 242 2808
internal_value=0.000485105 -0.00158624 -0.0001602 0.00413958 0.01277 -0.000388143 -0.00556041 0.00100794 0.00388478 -0.00372708 0.00586466 0.0108955 0.00284468 3.8244e-05
internal_weight=1399.71 280.051 242.812 115.588 36.6419 78.946 52.6849 1119.66 278.473 56.5704 221.903 78.3481 143.555 841.186
internal_count=9220 1878 1645 695 263 432 283 7342 1821 585 1236 392 844 5521
is_linear=0
shrinkage=0.03


Tree=286
num_leaves=15
num_cat=0
split_feature=7 13 6 5 13 16 23 10 11 15 4 15 8 16
split_gain=2.05396 6.80371 4.51473 4.45702 3.70217 4.79977 4.67604 5.45981 4.48893 5.5257 5.16813 4.36755 4.34645 4.33122
threshold=8.8500000000000032 4.4500000000000011 10.450000000000001 58.250000000000007 4.0500000000000007 5.4535270236675784 1.9500000000000002 0.47500000000000003 0.35000000000000003 8.5500000000000025 5.2198817249088663 36.95000000000001 63.750000000000007 5.6458666487351659
decision_type=2 2 2 2 2 8 2 2 2 8 2 8 2 8
left_child=4 3 -3 -2 8 -6 7 -7 -1 12 -11 -12 -10 -9
right_child=1 2 -4 -5 5 6 -8 13 9 10 11 -13 -14 -15
leaf_value=-0.0092393362359378881 0.0035740305790265829 0.017779142639630815 0.0012553005792568868 -0.0086488543137745507 -0.0053293221376985236 -0.0038229067401613337 -0.0021044225165237386 0.020101612868084293 0.0031983294525539906 -0.010502633275728163 -0.00065415798036990455 0.0060711242840837103 0.016556236958816774 0.0045694691981990566
leaf_weight=29.314764812588692 58.075556173920631 30.859628710895777 26.830404229462147 42.039200868457556 243.84890305250883 44.204904317855835 318.83884115889668 18.029436282813549 61.626479208469391 30.430027239024639 275.77847878262401 121.34925942122936 32.00824024528265 70.2006372846663
leaf_count=183 284 181 139 248 2036 368 2032 116 354 329 1501 688 252 527
internal_value=-0.000122878 0.00304726 0.0108073 -0.00172574 -0.00053507 -0.00198428 -0.000138171 0.00449995 0.00129623 0.00197097 0.00048849 0.0014508 0.00837241 0.00865124
internal_weight=1403.43 157.805 57.69 100.115 1245.63 695.123 451.274 132.435 550.507 521.192 427.558 397.128 93.6347 88.2301
internal_count=9238 852 320 532 8386 5079 3043 1011 3307 3124 2518 2189 606 643
is_linear=0
shrinkage=0.03


Tree=287
num_leaves=15
num_cat=0
split_feature=12 15 12 15 4 16 5 12 5 8 16 15 15 11
split_gain=1.91853 4.87847 4.97881 4.66938 4.10157 3.93714 3.75918 3.6296 3.92698 5.92272 2.85141 3.59399 5.00611 4.39087
threshold=69.65000000000002 29.250000000000004 70.250000000000014 22.150000000000002 6.2284104152997699 5.6049363209762273 59.750000000000007 65.65000000000002 55.95000000000001 59.750000000000007 5.8343641080753885 14.850000000000003 21.850000000000005 6.1500000000000012
decision_type=2 10 2 10 2 10 2 2 2 2 10 8 8 2
left_child=7 2 -2 4 -4 -5 -3 10 9 -9 11 -1 -13 -14
right_child=1 6 3 5 -6 -7 -8 8 -10 -11 -12 12 13 -15
leaf_value=-0.0047862813268682745 -0.013951252565306238 0.0093998030871723492 9.5841155815021848e-05 -0.002115048429476709 -0.012115370396034142 -0.017017141810404833 -0.0021675036620910776 0.0057077722145566397 0.0062132171967153298 -0.0095024660626206979 0.0050296943069147448 0.0073273560324912321 0.00038141377178381642 -0.010100762486431382
leaf_weight=175.41903054714203 27.79552273452282 55.023688182234764 401.43578016385436 36.093259397894144 21.37749345600605 26.15689542144537 40.988388955593109 43.491051308810711 172.3430881164968 39.095236696302891 65.287013098597527 69.602651469409466 188.96050883457065 39.325604531913996
leaf_count=1299 200 267 2899 213 90 141 229 212 1181 241 355 433 1206 259
internal_value=-0.000190584 -0.00145103 -0.00261707 -0.00183188 -0.00065594 -0.00917642 0.00459877 0.000779584 0.0036919 -0.00162397 -0.000620162 -0.00144392 0.000570827 -0.00160208
internal_weight=1402.4 608.871 512.859 485.063 422.813 62.2502 96.0121 793.524 254.929 82.5863 538.595 473.308 297.889 228.286
internal_count=9225 4039 3543 3343 2989 354 496 5186 1634 453 3552 3197 1898 1465
is_linear=0
shrinkage=0.03


Tree=288
num_leaves=15
num_cat=0
split_feature=5 1 4 23 8 4 12 12 23 8 4 8 6 5
split_gain=1.76915 1.90958 4.70143 4.54902 4.15092 3.52108 9.29255 7.99395 4.93243 3.42428 3.01159 3.61736 2.82602 5.17176
threshold=77.15000000000002 1.0000000180025095e-35 5.4989091915341053 2.0500000000000003 60.550000000000004 5.6459966882670667 75.950000000000017 68.050000000000011 2.3500000000000001 51.150000000000013 5.1721429718648553 68.350000000000009 5.6500000000000012 66.550000000000011
decision_type=2 2 2 2 2 2 2 2 2 2 2 2 2 2
left_child=1 9 3 4 -3 6 7 8 -4 -1 -6 -12 13 -11
right_child=-2 2 5 -5 10 -7 -8 -9 -10 12 11 -13 -14 -15
leaf_value=0.0078499426410562016 0.0076555269254706742 0.010254639240333143 0.016495338692633459 -0.014014938370120984 -0.014413416375542328 -0.0011224966049122513 0.023204802139116163 -0.012000777973125839 -0.002158706617941996 0.0064340289585549564 -0.0082772212601815946 0.010819757456940174 -0.0015972045240932023 -0.0054532163982646282
leaf_weight=54.610106766223907 20.105954747647047 14.922462821006773 21.041847907006741 42.800759170204401 16.422299977391958 701.82578759267926 15.015356510877607 25.671958688646555 23.012063521891832 118.67673412710428 14.271365370601417 11.649038787931202 284.29817346483469 40.607723496854305
leaf_count=293 181 154 163 526 221 3714 119 215 176 865 150 138 1961 373
internal_value=-0.000238748 -0.000380492 -0.00121318 -0.00717426 -0.00134659 -0.000414299 0.00518674 1.35416e-05 0.00752436 0.00109878 -0.00608633 0.000667042 0.000189402 0.00332978
internal_weight=1404.93 1384.83 886.633 100.066 57.2652 786.567 84.7412 69.7259 44.0539 498.193 42.3427 25.9204 443.583 159.284
internal_count=9249 9068 5576 1189 663 4387 673 554 339 3492 509 288 3199 1238
is_linear=0
shrinkage=0.03


Tree=289
num_leaves=15
num_cat=0
split_feature=1 6 4 7 7 13 10 4 12 6 5 4 12 12
split_gain=1.91279 4.29963 7.33197 4.32714 3.40602 3.94337 3.82569 3.40397 5.44331 4.48498 3.39162 5.03019 3.34194 5.49825
threshold=1.0000000180025095e-35 5.3500000000000005 6.1903464077001455 9.5500000000000025 5.2500000000000009 2.3500000000000001 0.27500000000000008 5.8148190282824297 70.350000000000009 18.550000000000004 50.250000000000007 5.9011560589897689 68.250000000000014 64.65000000000002
decision_type=2 2 2 2 2 2 2 2 2 2 2 2 2 2
left_child=-1 2 3 10 -3 -6 -7 8 -8 -9 -2 12 13 -12
right_child=1 4 -4 -5 5 6 7 9 -10 -11 11 -13 -14 -15
leaf_value=0.0010920861799086292 0.0040320827388613404 0.0016227988795500829 0.0098302610329432417 0.006313664880199135 0.007537893556133669 0.0045016358809581783 0.0085976486148683796 -0.012033783868867765 -0.011052596490389324 0.00088038640642478059 -0.0060647840054400192 -0.016145864892349742 -0.010047847365135035 0.010842410572304621
leaf_weight=507.25113738328218 17.699732095003128 431.22467115148902 24.032073736190796 18.536726377904415 24.036481946706772 32.697650797665119 27.236548904329538 88.412492729723454 15.949898548424242 31.790619038045406 47.718397874385118 54.284518234431744 61.000879608094692 20.785503629595041
leaf_count=3582 98 2681 102 105 114 189 204 427 126 146 429 281 578 185
internal_value=-0.000373101 -0.00120459 -0.00455714 -0.0063121 7.67456e-05 -0.00292076 -0.00435834 -0.00621243 0.000946485 -0.00871956 -0.00759841 -0.0087956 -0.00522893 -0.000546212
internal_weight=1402.66 895.406 244.058 220.026 651.348 220.124 196.087 163.39 43.1864 120.203 201.489 183.789 129.505 68.5039
internal_count=9247 5665 1778 1676 3887 1206 1092 903 330 573 1571 1473 1192 614
is_linear=0
shrinkage=0.03


Tree=290
num_leaves=15
num_cat=0
split_feature=12 23 16 0 13 15 11 4 24 16 12 15 4 16
split_gain=2.48293 3.67501 3.59766 1.97782 1.91161 5.09774 4.46687 3.43014 3.98399 3.3341 4.83687 3.30078 3.34471 4.29524
threshold=53.250000000000007 2.3500000000000001 5.3853479333317242 22.500000000000004 5.4500000000000011 33.350000000000001 7.0500000000000007 4.8450297401007179 1.0000000180025095e-35 5.5827120454935644 57.650000000000013 24.250000000000004 5.2630013176333028 5.5922422850595153
decision_type=2 2 10 2 2 10 2 2 2 8 2 10 2 10
left_child=1 -1 -3 4 7 6 11 -2 9 -9 -11 12 -6 -14
right_child=3 2 -4 -5 5 -7 -8 8 -10 10 -12 -13 13 -15
leaf_value=0.013598016426031331 -0.0097365651257143269 -0.0081288192943412396 0.0068030410719826838 0.0068192402151126584 0.0095621680553202113 -0.011883591276498006 -0.008966256585086034 0.0012180002756558325 0.0094767745518540454 -0.011587195912761004 -0.0013868185649169623 0.015867954231506925 -0.0034302990137017372 0.0079828536977879089
leaf_weight=25.998466994613409 31.175982922315598 20.616554524749517 28.546703159809113 32.97213388979435 51.720219288021326 15.835681941360233 18.0358568392694 453.79220749437809 30.971556574106216 40.774267960339785 515.69108069688082 18.158170998096466 77.979526191949844 41.241300776600838
leaf_count=191 406 130 145 142 522 96 141 2961 143 252 3147 113 580 265
internal_value=0.000380264 0.00550768 0.000369019 7.0575e-05 -0.000126763 0.00236954 0.00371362 -0.000654374 -0.000337207 -0.000683265 -0.00223077 0.00512281 0.0035629 0.000680183
internal_weight=1403.51 75.1617 49.1633 1328.35 1295.38 222.971 207.135 1072.41 1041.23 1010.26 556.465 189.099 170.941 119.221
internal_count=9234 466 275 8768 8626 1717 1621 6909 6503 6360 3399 1480 1367 845
is_linear=0
shrinkage=0.03


Tree=291
num_leaves=15
num_cat=0
split_feature=5 0 11 11 8 13 4 13 17 4 6 7 13 9
split_gain=2.09579 1.91094 2.87077 3.6508 4.67985 3.0356 2.4181 9.25621 4.25148 4.14327 3.80317 3.70968 2.73668 7.49099
threshold=77.15000000000002 1.5000000000000002 4.5500000000000007 0.75000000000000011 66.950000000000017 5.1500000000000012 5.1537630488764057 4.6500000000000012 0.065000000000000016 5.2426196655796176 6.0500000000000007 3.6500000000000008 2.5500000000000003 3.3950000000000005
decision_type=2 2 2 2 2 2 2 2 10 2 2 2 2 2
left_child=1 2 3 -1 -5 -6 7 10 -9 11 -3 -8 13 -11
right_child=-2 6 -4 4 5 -7 9 8 -10 12 -12 -13 -14 -15
leaf_value=-0.014021181034922548 0.0083491439680268339 0.0035811024893597212 -0.01329428453008814 0.012756139919258338 -0.013553351385156001 0.0047015013051474363 -0.016432739554587562 0.0043942319498375239 0.023506676083879116 -0.00070167548909089866 -0.014205038862977019 0.0018802286787534756 -0.00063359132678097411 0.01464276923934066
leaf_weight=9.4883724674582464 20.167336415499449 17.44712907075882 20.172037750482559 18.927916582673788 12.183238826692106 12.016122832894323 21.766600474715233 25.873769272118807 16.751143217086792 94.664580028504133 17.911676160991192 14.36092923209071 1062.1678327843547 35.790493693202734
leaf_count=113 182 173 286 217 175 158 202 238 144 488 179 118 6378 177
internal_value=-0.000231849 -0.000386994 -0.00495515 -0.000881798 0.00316533 -0.00523604 -0.000114621 0.00484297 0.0135846 -0.000447611 -0.00607242 -0.00980962 -0.000124242 0.0038932
internal_weight=1399.69 1379.52 72.7877 52.6157 43.1273 24.1994 1306.73 77.9837 42.6249 1228.75 35.3588 36.1275 1192.62 130.455
internal_count=9228 9046 949 663 550 333 8097 734 382 7363 352 320 7043 665
is_linear=0
shrinkage=0.03


Tree=292
num_leaves=15
num_cat=0
split_feature=16 15 15 4 4 13 12 16 12 16 7 13 6 6
split_gain=1.92483 1.70369 3.96399 2.62253 8.29976 3.51491 2.70344 3.50313 3.35831 3.08737 2.61327 6.8926 2.61373 3.4499
threshold=6.0394864804899884 50.250000000000007 44.550000000000004 6.1194157252056671 6.0705791782984067 2.1500000000000008 75.850000000000009 5.4131152715387048 61.250000000000007 5.6019584573009249 9.6500000000000004 4.1500000000000012 1.2500000000000002 2.4500000000000006
decision_type=10 10 10 2 2 2 2 8 2 10 2 2 2 2
left_child=1 2 3 4 5 -1 7 -5 -9 -10 12 -12 -7 -14
right_child=-2 -3 -4 6 -6 10 -8 8 9 -11 11 -13 13 -15
leaf_value=-0.0076435697021701061 -0.0061965738133951528 0.0061332852905753681 -0.011607797140569826 0.0071242518392894347 0.011581468590926777 -0.0082096933914394508 -0.010785927376025125 -0.011090305425029165 -0.006922163082364821 0.0042577407064491955 -0.0043348041175564163 0.013250511087341916 0.0064843199093408115 -6.8077019465233684e-05
leaf_weight=43.302968896925449 37.061085049062967 38.905634686350822 20.42058327794075 30.370531231164932 56.749875329434872 27.150881946086884 28.036997884511948 32.3948123306036 32.118110463023186 50.440869718790054 31.658156514167786 41.962900750339031 74.070943892002106 845.68011967092752
leaf_count=252 218 179 104 130 253 236 122 142 139 220 189 247 606 6125
internal_value=0.000124564 0.000319851 0.00012518 0.000354315 0.000888598 0.000266676 -0.00302729 -0.00122147 -0.00363144 -0.000238522 0.000637955 0.0058938 0.000200505 0.000491818
internal_weight=1390.32 1353.26 1314.36 1293.94 1120.58 1063.83 173.361 145.324 114.954 82.559 1020.52 73.6211 946.902 919.751
internal_count=9162 8944 8765 8661 7908 7655 753 631 501 359 7403 436 6967 6731
is_linear=0
shrinkage=0.03


Tree=293
num_leaves=15
num_cat=0
split_feature=5 5 11 23 11 7 15 6 5 12 11 5 16 15
split_gain=1.88341 1.89789 4.33266 5.3924 4.83879 4.36923 5.08307 4.413 5.24159 4.66464 4.0555 4.0294 3.95325 3.45787
threshold=43.150000000000013 56.95000000000001 2.0500000000000003 3.8500000000000001 1.6500000000000001 8.8500000000000032 11.050000000000002 11.050000000000002 51.650000000000013 75.550000000000011 4.5500000000000007 57.550000000000004 5.0291421579771125 29.250000000000004
decision_type=2 2 2 2 2 2 8 2 2 2 2 2 10 8
left_child=-1 2 3 4 12 6 -4 9 -9 -8 -7 -3 -2 -10
right_child=1 11 5 -5 -6 10 7 8 13 -11 -12 -13 -14 -15
leaf_value=0.0081247471191790606 0.0037393861354055101 0.0092870011123464234 -0.012061421014669083 0.0090793814845574281 0.0093227677412102555 -0.0037547133747765546 -0.0093191607673505858 -0.006217871850820963 0.00049793459628178448 0.0054522771158289065 0.011985926165444147 0.00024270895644777914 -0.0098635816935173509 0.015108113384813042
leaf_weight=20.527686923742294 25.676291938871145 41.769558344036341 66.218592461198568 60.231736864894629 21.519951794296503 26.237525373697281 91.098318368196487 35.147152949124575 29.415049649775028 20.519870050251484 24.058498464524746 857.69643977284431 52.291478842496872 24.612379930913448
leaf_count=98 183 240 414 297 131 133 548 175 152 127 118 6158 298 131
internal_value=5.04563e-05 -9.89258e-05 -0.00161899 0.00236229 -0.00194424 -0.00362856 -0.00514875 -0.00263139 0.00228187 -0.00648625 0.00417761 0.000711727 -0.00542848 0.00786962
internal_weight=1397.02 1376.49 477.027 159.719 99.4877 317.307 267.011 200.793 89.1746 111.618 50.296 899.466 77.9678 54.0274
internal_count=9203 9105 2707 909 612 1798 1547 1133 458 675 251 6398 481 283
is_linear=0
shrinkage=0.03


Tree=294
num_leaves=15
num_cat=0
split_feature=11 11 15 15 16 8 15 13 9 6 5 15 8 11
split_gain=1.84836 3.60896 3.48283 2.13767 2.06899 2.03809 6.68881 7.38681 6.77623 5.20605 4.73008 5.26159 3.26119 4.27303
threshold=0.35000000000000003 0.45000000000000007 9.7500000000000018 50.250000000000007 3.7607993050970712 69.450000000000017 11.950000000000001 4.0500000000000007 3.9950000000000006 8.0500000000000025 63.95000000000001 24.050000000000004 67.850000000000009 2.0500000000000003
decision_type=2 2 10 10 10 2 8 2 2 2 2 8 2 2
left_child=2 -2 4 5 -1 12 7 -7 10 -9 -8 -12 -3 -14
right_child=1 3 -4 -5 -6 6 8 9 -10 -11 11 -13 13 -15
leaf_value=-0.003188390984682985 0.010381546972799305 -0.00010119727908192048 0.001651329986124626 0.0066865842509768771 -0.017461074290234566 0.01794719255076118 -0.013803174205673835 -0.0091663760301348585 0.0074915746074818131 0.0093827227308627536 -0.012711052757242795 0.0057301769624451132 0.017113629407909673 0.0011550137740938421
leaf_weight=21.788558959960938 25.942876562476158 982.68435807526112 41.321033000946045 36.827624939382076 15.252526003867386 19.957416985183954 72.897889878600836 29.743621565401554 22.472310435026884 17.546133577823639 18.030143797397614 30.460209876298904 18.302809443324804 45.190458543598652
leaf_count=168 157 6072 258 171 118 166 561 306 148 157 161 280 140 358
internal_value=-1.62479e-05 0.000256404 -0.00434912 1.42516e-05 -0.0104432 -0.000206902 -0.00285961 0.00471972 -0.00644208 -0.00204493 -0.00921591 -0.00167402 0.000339443 0.00666878
internal_weight=1398.42 1320.06 78.3621 1294.11 37.0411 1257.29 211.108 67.2472 143.861 47.2898 121.388 48.4904 1046.18 63.4933
internal_count=9221 8677 544 8520 286 8349 1779 629 1150 463 1002 441 6570 498
is_linear=0
shrinkage=0.03


Tree=295
num_leaves=15
num_cat=0
split_feature=10 8 7 8 9 12 6 19 15 15 11 6 6 6
split_gain=2.57486 4.76262 6.34308 3.34589 3.87203 2.49902 4.53527 4.2065 5.652 5.83465 4.5891 3.89142 4.64933 3.60941
threshold=1.8450000000000004 67.450000000000017 1.4500000000000002 55.050000000000004 2.6550000000000007 64.550000000000011 2.1500000000000008 1.0000000180025095e-35 23.250000000000004 9.5500000000000025 3.6500000000000008 22.950000000000003 6.9500000000000011 7.4500000000000011
decision_type=2 2 2 2 2 2 2 2 10 10 2 2 2 2
left_child=5 2 -2 -4 -5 6 -1 11 9 10 -9 12 -7 -14
right_child=1 -3 3 4 -6 7 -8 8 -10 -11 -12 -13 13 -15
leaf_value=-0.011331551936551299 0.010909336393597034 -0.014148807594017798 -0.010127073695699694 0.0062332274496119597 -0.0075789802495596099 -0.0014788742188604407 -0.00020602673895297124 0.017180435993920835 0.015216015602157778 -0.0047485618188037359 -0.0016480280616709378 -0.0073767855635898522 0.013573688154582556 0.0026590324196278533
leaf_weight=31.056425116956234 27.296642653644085 24.715510476380587 43.473868191242218 37.28171519190073 27.166474491357803 288.17678485810757 388.4638354331255 23.84559565782547 40.024817693978548 49.147375047206879 18.191531844437122 44.695003218948841 25.337174069136381 328.86015628650784
leaf_count=252 140 174 207 206 141 2155 2593 166 211 337 137 244 169 2090
internal_value=0.000253667 -0.00326943 -0.000847255 -0.00417222 0.000284564 0.000720203 -0.00115339 0.00168194 0.00649982 0.00208181 0.00972337 0.000721563 0.00133765 0.00361788
internal_weight=1397.73 159.934 135.219 107.922 64.4482 1237.8 419.52 818.278 131.209 91.1845 42.0371 687.069 642.374 354.197
internal_count=9222 868 694 554 347 8354 2845 5509 851 640 303 4658 4414 2259
is_linear=0
shrinkage=0.03


Tree=296
num_leaves=15
num_cat=0
split_feature=9 23 16 13 6 12 12 16 14 23 23 11 13 5
split_gain=2.1485 4.67535 1.83254 3.20988 5.31803 6.97484 4.50354 2.95063 4.03499 3.06002 4.66203 5.71632 6.21007 5.58054
threshold=5.9250000000000007 3.1500000000000008 5.8197412955975762 4.4500000000000011 14.050000000000002 66.950000000000017 65.15000000000002 5.7339964818670781 1.0000000180025095e-35 4.0500000000000007 4.4500000000000011 3.0500000000000003 3.6500000000000008 54.850000000000001
decision_type=2 2 10 2 2 2 2 10 2 2 2 2 2 2
left_child=2 -2 7 4 5 -4 -5 8 9 -1 -11 13 -13 -12
right_child=1 -3 3 6 -6 -7 -8 -9 -10 10 11 12 -14 -15
leaf_value=-0.00080050509843119621 0.003351889503868782 -0.0105510053278564 0.00056292616914174114 0.0074550486653659521 -0.0038631732686628182 0.018396872486070297 -0.007332301934937435 -0.0050821872457976177 0.009318733288753548 0.009257020092230589 -0.0044819311886175805 0.0042365319667163771 -0.011607022053376045 0.010937927444610571
leaf_weight=775.84463967382908 36.035254072397947 43.601354822516441 35.806158781051636 25.464673668146133 29.401225537061691 39.88751632347703 42.734539344906807 87.539696395397186 39.762060031294823 70.284266863018274 29.220423623919487 34.550741352140903 48.653730265796185 54.69678395614028
leaf_count=5765 218 213 193 147 151 226 263 508 240 394 139 169 275 301
internal_value=0.000200767 -0.00443363 0.000497418 0.00332582 0.00650223 0.0105183 -0.00167882 5.50328e-05 0.000504103 0.000114138 0.00305806 0.000257861 -0.00516076 0.00561855
internal_weight=1393.48 79.6366 1313.85 173.294 105.095 75.6937 68.1992 1140.55 1053.01 1013.25 237.406 167.122 83.2045 83.9172
internal_count=9202 431 8771 980 570 419 410 7791 7283 7043 1278 884 444 440
is_linear=0
shrinkage=0.03


Tree=297
num_leaves=15
num_cat=0
split_feature=16 13 16 9 9 11 16 16 23 13 10 9 9 8
split_gain=2.36151 2.98028 2.86102 4.85294 2.92252 3.96178 5.31184 2.23363 1.96821 5.94398 4.82763 4.788 5.64381 6.97453
threshold=3.3969832901692403 4.5500000000000007 3.7275409828871884 3.3050000000000002 2.2850000000000006 1.8500000000000003 3.5578679449331911 3.7983743711860822 1.9500000000000002 3.9500000000000006 0.47500000000000003 2.9350000000000005 0.42500000000000004 70.750000000000014
decision_type=8 2 8 2 2 2 10 8 2 2 2 2 2 2
left_child=1 -1 3 4 5 -2 -7 -4 9 -9 -11 12 -12 -14
right_child=2 -3 7 -5 -6 6 -8 8 -10 10 11 -13 13 -15
leaf_value=0.0018678632174704724 0.013505944820514327 -0.015480684150491242 -0.0091684339469726255 -0.008027483198950738 0.016909467570591433 -0.012086550610649444 0.0072012782513035233 -0.0041659206711995309 -0.00091937222028587223 -0.0015900875566812855 0.016684668780092234 0.016203011755297699 0.0047887866219334628 -0.014952011181442473
leaf_weight=14.286542978137733 19.993285100907087 15.089684050530193 20.779009461402893 17.471313796937466 18.802439149469137 17.984396819025278 24.271940596401691 96.619025465101004 947.28894158452749 71.216268077492714 18.9243049249053 38.837307740002871 61.741480726748705 16.231567289680243
leaf_count=123 175 138 203 148 154 167 225 685 5584 609 137 263 463 143
internal_value=-0.000232884 -0.00799906 -3.78989e-05 0.00475883 0.00782129 0.00402309 -0.00141794 -0.00042672 -0.00024558 0.00183781 0.00467293 0.00789871 0.00393852 2.59853e-05
internal_weight=1399.54 29.3762 1370.16 98.5234 81.0521 62.2496 42.2563 1271.64 1250.86 303.57 206.951 135.735 96.8974 77.973
internal_count=9217 261 8956 869 721 567 392 8087 7884 2300 1615 1006 743 606
is_linear=0
shrinkage=0.03


Tree=298
num_leaves=15
num_cat=0
split_feature=8 12 12 8 5 11 5 12 13 8 15 11 12 12
split_gain=2.47732 1.75463 3.52006 3.17806 4.07538 3.46332 7.04383 5.69507 4.62935 3.93986 3.40251 2.91928 4.99174 4.3369
threshold=42.050000000000004 73.15000000000002 73.950000000000017 71.550000000000011 62.550000000000004 4.4500000000000011 54.650000000000013 79.450000000000017 5.6500000000000012 58.850000000000001 5.5500000000000007 5.0500000000000007 53.250000000000007 63.45000000000001
decision_type=2 2 2 2 2 2 2 2 2 2 8 2 2 2
left_child=-1 11 -3 5 -5 8 -7 9 10 -8 -4 13 -13 -2
right_child=1 2 3 4 -6 6 7 -9 -10 -11 -12 12 -14 -15
leaf_value=-0.0089620195274583286 -0.00071000830376001761 -0.0089878416303182766 0.0055393713296805532 0.015058640008521938 -0.0023371701410017194 0.015175758627371149 0.0017000911029989446 0.0073674646722856167 0.0072116612634296881 -0.015858431013446875 -0.0066714612445634303 0.011789158296401047 -0.0029448500662190387 0.0039343526468960926
leaf_weight=20.578289426863194 301.18410136923194 41.531398296356201 19.625413194298744 20.953136686235666 20.556185401976109 26.166618898510933 18.198422364890575 30.239929363131523 27.063453629612923 22.616176124662161 160.07455937191844 17.774334650486708 229.40672992914915 443.33747620880604
leaf_count=98 2008 269 137 163 187 142 114 198 202 178 1015 108 1550 2864
internal_value=0.000291111 0.000461104 -0.00124145 -0.000195331 0.00711878 -0.00129311 0.00326837 -0.00182607 -0.00346447 -0.00869831 -0.00522404 0.00112844 -0.00167262 0.00206335
internal_weight=1399.31 1378.73 387.025 345.494 41.5093 303.985 97.2211 71.0545 206.763 40.8146 179.7 991.703 247.181 744.522
internal_count=9233 9135 2605 2336 350 1986 632 490 1354 292 1152 6530 1658 4872
is_linear=0
shrinkage=0.03


Tree=299
num_leaves=15
num_cat=0
split_feature=0 9 11 13 12 5 5 8 11 12 12 15 13 23
split_gain=2.06345 3.98665 3.27876 2.07277 1.61078 1.82935 3.38291 3.1792 5.12556 3.50685 6.47013 8.72683 6.79298 7.82639
threshold=1.5000000000000002 2.6350000000000002 3.2500000000000004 4.9500000000000011 87.550000000000011 57.050000000000004 57.550000000000004 74.65000000000002 2.9500000000000006 64.550000000000011 69.15000000000002 13.250000000000002 5.0500000000000007 3.8500000000000001
decision_type=2 2 2 2 2 2 2 2 2 2 2 10 2 2
left_child=1 2 3 -1 5 -2 -7 9 -9 -8 11 -11 13 -12
right_child=4 -3 -4 -5 -6 6 7 8 -10 10 12 -13 -14 -15
leaf_value=-0.0032546138359065501 -0.0012738549337564474 -0.016371546254370921 -0.0080638900601231328 0.0098607117658786447 0.0077256395615016016 0.0098843543492858118 -0.0027010816434101322 -0.0018021124741087948 0.015703572591563054 0.012820370819377185 -0.0068095512313909486 -0.0016840466310315205 0.0063287059889894645 0.0048487906784240508
leaf_weight=14.99374884739518 490.99330421164632 14.659349039196966 26.623461868613958 21.694105971604586 20.865872643887997 32.139693479984999 259.07951641082764 27.425225414335728 26.055901795625687 83.340355422347784 168.27727126702666 62.854529291391373 83.950160831212997 69.769711203873158
leaf_count=199 2710 200 366 241 126 177 1704 214 206 562 1181 366 602 369
internal_value=2.57008e-05 -0.0045644 -0.000832324 0.00475321 0.000312006 0.000164308 0.00103545 0.000610602 0.00734006 6.90007e-05 0.0016142 0.00673492 -0.000778167 -0.00336313
internal_weight=1402.72 77.9707 63.3113 36.6879 1324.75 1303.89 812.892 780.753 53.4811 727.272 468.192 146.195 321.997 238.047
internal_count=9223 1006 806 440 8217 8091 5381 5204 420 4784 3080 928 2152 1550
is_linear=0
shrinkage=0.03


Tree=300
num_leaves=15
num_cat=0
split_feature=12 12 6 16 8 6 16 15 8 23 9 23 9 9
split_gain=1.7647 2.59629 2.23427 3.99706 3.72361 2.74384 2.67333 2.43061 4.19998 3.73748 3.68894 3.7447 3.615 8.65895
threshold=52.050000000000004 48.650000000000013 23.950000000000003 5.8671821322279341 60.150000000000013 20.850000000000005 5.5763338612324009 10.550000000000002 45.650000000000013 5.9500000000000011 6.6950000000000012 5.2500000000000009 3.4950000000000006 1.6050000000000002
decision_type=2 2 2 8 2 2 8 8 2 2 2 2 2 2
left_child=1 -1 5 4 -4 7 -7 12 -9 10 11 -10 13 -2
right_child=2 -3 3 -5 -6 6 -8 8 9 -11 -12 -13 -14 -15
leaf_value=-0.0023772195515087352 -0.0012260328579642627 0.0097946938330645949 -0.0056780080629968387 -0.013960827088884955 0.0080255738751651776 -0.00086352145298814473 0.012769172544973603 0.0082832623942355257 -0.0016641751192469634 0.0068796772636466131 0.0081734221755063018 -0.011737994255354205 -0.0037492164269081578 0.0099949468737093611
leaf_weight=23.440250031650066 132.14427120611072 34.775273185223341 41.146428629755974 23.15411939099431 24.110105574131012 21.477861076593399 25.46141941100359 38.77436838299036 751.68344458192587 43.274586234241724 27.767724186182022 29.976063631474972 65.882089916616678 109.85242976993322
leaf_count=149 1063 211 201 131 133 118 139 186 5102 212 142 162 448 798
internal_value=0.000195583 0.00509334 -3.62528e-05 -0.00451179 -0.000404154 0.000297996 0.00704867 5.62812e-06 -0.000788945 -0.00124736 -0.00172143 -0.00212265 0.00228219 0.00396686
internal_weight=1392.92 58.2155 1334.7 88.4107 65.2565 1246.29 46.9393 1199.35 891.476 852.702 809.427 781.66 307.879 241.997
internal_count=9195 360 8835 465 334 8370 257 8113 5804 5618 5406 5264 2309 1861
is_linear=0
shrinkage=0.03


Tree=301
num_leaves=15
num_cat=0
split_feature=12 12 24 23 10 8 4 18 4 6 12 16 10 8
split_gain=1.88577 3.03577 1.9181 1.47425 5.83378 6.89792 4.71546 2.256 4.54361 4.03097 3.12893 3.03231 5.77949 5.53694
threshold=88.250000000000014 84.65000000000002 1.0000000180025095e-35 0.55000000000000016 0.66500000000000015 68.450000000000017 5.2351356364949808 144.50000000000003 5.3630174730259288 9.0500000000000025 67.65000000000002 6.0394864804899884 0.60500000000000009 66.750000000000014
decision_type=2 2 2 2 2 2 2 8 2 2 2 8 2 2
left_child=1 2 3 4 6 -6 -1 8 10 -10 -5 -9 -13 -14
right_child=-2 -3 -4 7 5 -7 -8 11 9 -11 -12 12 13 -15
leaf_value=0.006427473323211327 0.0084143877956607688 -0.0089285739083525845 0.0059298572934937399 0.001498809701596589 0.019562531699972269 -0.0048522548143052069 -0.014208923628171893 -3.3866695487643798e-05 -0.0087559165991868016 0.0068918018046810409 0.017835423523819689 -0.010305842079027334 0.0043146441294952577 -0.010348891292116526
leaf_weight=14.245246585458519 18.78666901960969 29.225905954837799 44.256270065903664 19.495306309312582 24.375797938555479 13.555788602679966 16.89732751250267 967.99225867167115 28.431612320244312 21.840415842831135 20.892863146960735 75.015213660895824 80.160481844097376 26.845919162034988
leaf_count=175 121 193 208 197 202 132 145 6093 177 128 204 566 484 205
internal_value=3.90203e-05 -0.000104628 0.000117984 -0.000100203 0.00401204 0.0112884 -0.0051861 -0.000344336 0.00408507 -0.00194937 0.0109836 -0.000709696 -0.00420677 0.000338081
internal_weight=1402.02 1383.23 1354 1309.75 69.0742 37.9316 31.1426 1240.67 90.6602 50.272 40.3882 1150.01 182.022 107.006
internal_count=9230 9109 8916 8708 654 334 320 8054 706 305 401 7348 1255 689
is_linear=0
shrinkage=0.03


Tree=302
num_leaves=15
num_cat=0
split_feature=12 12 16 6 12 9 12 11 7 13 7 6 7 10
split_gain=2.72237 2.04391 4.0541 3.82955 2.13501 5.48852 1.64788 2.03292 3.64603 5.67385 6.56335 3.61843 3.30902 4.05581
threshold=88.250000000000014 80.950000000000017 5.3950650364007915 8.5500000000000025 79.450000000000017 2.0050000000000003 78.15000000000002 5.0500000000000007 10.350000000000003 2.8500000000000001 6.8500000000000005 16.950000000000003 2.0500000000000003 0.93500000000000016
decision_type=2 2 8 2 2 2 2 2 2 2 2 2 2 2
left_child=1 4 -3 -4 6 -6 7 -1 9 -9 11 12 -11 -14
right_child=-2 2 3 -5 5 -7 -8 8 -10 10 -12 -13 13 -15
leaf_value=0.0010699080145177083 0.010378002887714365 -0.013383379282448614 0.0075503050298394844 -0.0067814597499504603 0.016697297095887274 -0.0043114403801291406 -0.0057903294639982013 0.0074052524755463178 0.0084178791282507708 0.00072651589293144022 -0.016341990840230303 0.0056239239915355267 -0.0023445420128945836 -0.01432950875772061
leaf_weight=916.93930368870497 18.559714153409004 24.577294934540987 27.968440793454647 29.180181503295898 18.648252513259649 18.14211194217205 35.45987132191658 38.051568228751421 24.192953359335661 72.824873853474855 30.827219292521477 37.184809181839228 62.834423314779997 40.635260459035635
leaf_count=5984 119 202 184 173 136 115 241 210 129 555 191 209 481 272
internal_value=0.000266137 9.28503e-05 -0.00436679 0.000275634 0.000389837 0.0070611 0.00016772 0.000363264 -0.00173366 -0.0027348 -0.00443099 -0.00237636 -0.00417238 -0.00749492
internal_weight=1396.03 1377.47 81.7259 57.1486 1295.74 36.7904 1258.95 1223.49 306.551 282.358 244.307 213.479 176.295 103.47
internal_count=9201 9082 559 357 8523 251 8272 8031 2047 1918 1708 1517 1308 753
is_linear=0
shrinkage=0.03


Tree=303
num_leaves=15
num_cat=0
split_feature=11 13 23 25 13 5 5 10 10 11 11 15 4 7
split_gain=1.94447 3.80418 4.98911 2.30568 3.75051 4.50567 5.28538 4.0696 3.93622 3.6358 3.4723 3.45021 3.35079 3.16197
threshold=0.35000000000000003 3.6500000000000008 3.4500000000000006 1.0000000180025095e-35 4.8500000000000005 59.550000000000004 56.95000000000001 0.34500000000000003 0.76500000000000012 2.7500000000000004 1.8500000000000003 13.250000000000002 5.6913365978635158 10.550000000000002
decision_type=2 2 2 2 2 2 2 2 2 2 2 8 2 2
left_child=1 -1 -3 13 5 6 7 -5 -9 -10 -6 -12 -13 -2
right_child=3 2 -4 4 10 -7 -8 8 9 -11 11 12 -14 -15
leaf_value=-0.012924493853305153 0.00062316740901609258 -0.0062240724841141582 0.011315962264307474 0.0057134943908232526 -0.0055948233063265428 -0.0085948260710693915 0.0099302329125816099 -0.014693543342226591 0.0050993117525945132 -0.0072193641599448471 0.015276965458153779 -0.0069061201038395272 0.0081776353601802874 0.010360489512753333
leaf_weight=25.764766354113817 942.81844316795468 34.209599453955889 18.253236696124077 31.587021540850401 24.380056731402874 97.846028126776218 29.658060066401958 27.581449136137962 32.643560320138931 46.253320582211018 21.773699469864368 19.509218238294125 24.052897348999977 26.044396739453077
leaf_count=160 6712 271 105 159 129 542 142 137 153 224 126 132 113 150
internal_value=-0.000100057 -0.00454813 0.000332204 0.000178845 -0.00187233 -0.00364985 -0.000599772 -0.00312974 -0.0058917 -0.00212237 0.00330425 0.0067866 0.00140687 0.000936769
internal_weight=1402.38 78.2276 52.4628 1324.15 355.285 265.569 167.723 138.065 106.478 78.8969 89.7159 65.3358 43.5621 968.863
internal_count=9255 536 376 8719 1857 1357 815 673 514 377 500 371 245 6862
is_linear=0
shrinkage=0.03


Tree=304
num_leaves=15
num_cat=0
split_feature=6 6 16 8 6 12 11 9 16 11 10 13 8 4
split_gain=1.41175 4.11804 4.71844 3.64541 2.46616 2.18559 4.471 4.95032 3.29684 2.26855 5.11537 6.71955 7.02235 3.51221
threshold=20.850000000000005 22.950000000000003 5.8671821322279341 54.050000000000004 28.350000000000005 78.450000000000017 4.4500000000000011 0.78500000000000014 5.3534824796992604 5.0500000000000007 0.30500000000000005 4.0500000000000007 61.95000000000001 5.757438156300454
decision_type=2 2 8 2 2 2 2 2 10 2 2 2 2 2
left_child=5 -2 3 -3 -5 9 7 -7 -9 -1 11 -11 -13 -12
right_child=1 2 -4 4 -6 6 -8 8 -10 10 13 12 -14 -15
leaf_value=0.00079216695569373136 0.010798997081170878 -0.0051150713439930837 -0.010345705159569467 0.0011626146932289378 0.013700492629725761 0.0043282005653713131 0.0034002289338260373 -0.017176620013320203 -0.0043498212747762575 0.015695212993942886 -0.00063840258471657945 0.0089795021212347153 -0.016156381984937237 -0.0082759146050131911
leaf_weight=839.80884356796741 35.587366741150618 27.058403261005878 26.358868047595024 29.100582908838987 24.430565945804119 22.368827287107706 48.670598533004522 34.445629797875881 41.788274422287941 24.677572980523109 110.01815868541598 15.530224066227676 14.908315505832432 103.55522228032351
leaf_count=5607 194 128 150 159 122 174 327 279 241 158 920 114 134 522
internal_value=-0.000115052 0.00266207 -0.000406897 0.00325832 0.00756621 -0.000439576 -0.00380968 -0.00736086 -0.010846 2.32678e-05 -0.00235055 0.00546444 -0.00387418 -0.0044462
internal_weight=1398.31 142.536 106.948 80.5896 53.5311 1255.77 147.273 98.6027 76.2339 1108.5 268.689 55.1161 30.4385 213.573
internal_count=9229 753 559 409 281 8476 1021 694 520 7455 1848 406 248 1442
is_linear=0
shrinkage=0.03


Tree=305
num_leaves=15
num_cat=0
split_feature=8 9 10 9 10 23 5 8 5 0 23 13 23 18
split_gain=2.12433 2.42881 2.25982 6.95287 3.42728 4.00762 2.47388 2.26946 1.8973 2.20889 2.28626 4.40254 3.75119 4.10826
threshold=42.050000000000004 8.3150000000000031 2.0950000000000002 2.2650000000000001 1.8450000000000004 2.7500000000000004 77.15000000000002 58.850000000000001 74.65000000000002 1.0000000180025095e-35 2.3500000000000001 2.3500000000000001 1.0500000000000003 277.50000000000006
decision_type=2 2 2 2 2 2 2 2 2 2 2 2 2 10
left_child=-1 2 4 -4 6 -6 8 -5 9 -2 11 -11 -13 -14
right_child=1 -3 3 7 5 -7 -8 -9 -10 10 -12 12 13 -15
leaf_value=-0.0077645749137213865 -0.0079863450586639597 0.010089158370882425 0.011644350043524409 0.0030598284120402137 0.0024313213815110668 -0.013419338472886047 0.0099932886061751235 -0.0089212058955133039 -0.0082549781346296352 -0.0099661570408399909 -0.00034316340366765893 -0.0013280820168956676 0.0059957514575223782 -0.0077508130365448761
leaf_weight=22.362615004181862 22.241740074008703 19.27014235407114 53.943229414522648 23.273777194321156 22.178411427885294 29.809494845569134 19.170059163123369 25.195948712527752 17.918036434799433 19.568492535501719 737.74285247549415 115.79750362411141 260.33726505190134 16.894670732319355
leaf_count=106 305 86 277 112 145 165 175 142 164 129 4420 993 1927 115
internal_value=0.000517946 0.000679319 0.000510026 0.00468737 0.000153773 -0.0070373 0.000490519 -0.00342009 0.000296345 0.000461512 0.000658706 0.00243275 0.00316752 0.00503556
internal_weight=1405.7 1383.34 1364.07 102.413 1261.66 51.9879 1209.67 48.4697 1190.5 1172.58 1150.34 412.598 393.029 277.232
internal_count=9261 9155 9069 531 8538 310 8228 254 8053 7889 7584 3164 3035 2042
is_linear=0
shrinkage=0.03


Tree=306
num_leaves=15
num_cat=0
split_feature=0 8 11 11 11 8 9 9 8 4 8 8 18 13
split_gain=1.85978 3.39504 3.33286 2.82766 4.15585 1.94255 3.16419 5.52631 2.14904 4.77735 4.31095 2.51334 3.31252 2.57902
threshold=1.5000000000000002 68.750000000000014 1.5500000000000003 1.7500000000000002 4.2500000000000009 75.550000000000011 0.96500000000000008 1.9850000000000001 72.750000000000014 5.5843521465953989 71.550000000000011 69.750000000000014 62.500000000000007 4.1500000000000012
decision_type=2 2 2 2 2 2 2 2 2 2 2 2 8 2
left_child=1 3 -3 -1 -5 8 -7 -8 10 -10 11 12 -2 -13
right_child=5 2 -4 4 -6 6 7 -9 9 -11 -12 13 -14 -15
leaf_value=-0.0076081528837694352 0.010802551421254981 0.0031879398038169976 -0.015711770278632155 0.015155959529840175 -0.0053162047305905218 -0.0048551773555651368 0.020583852554533273 0.00015831397518563389 -0.014190165182612615 0.0030921462870883328 0.010218733118411486 0.0011710317985341643 -2.9021233738843729e-05 -0.011585226305193841
leaf_weight=15.452669914811848 21.009490944445133 9.5976701490581018 25.120867535471916 15.415896493941547 12.349522162228821 16.60024606436491 16.542649239301682 26.868537995964289 24.198063135147095 25.511513244360685 32.676804352551699 23.368482459336519 1102.7733345143497 28.519803673028946
leaf_count=170 139 122 372 180 163 134 118 202 224 150 234 152 6607 236
internal_value=-4.48215e-05 -0.00440256 -0.0107435 0.00127715 0.0066286 0.000228513 0.00528527 0.00926389 -3.26701e-05 -0.00584869 0.000229707 -9.00286e-05 0.000220432 -0.00624231
internal_weight=1396.01 77.9366 34.7185 43.2181 27.7654 1318.07 60.0114 43.4112 1258.06 49.7096 1208.35 1175.67 1123.78 51.8883
internal_count=9203 1007 494 513 343 8196 454 320 7742 374 7368 7134 6746 388
is_linear=0
shrinkage=0.03


Tree=307
num_leaves=15
num_cat=0
split_feature=6 7 10 13 15 5 5 13 10 9 23 5 8 6
split_gain=2.76639 3.94339 4.72922 4.23699 5.54548 3.78246 3.60271 3.13166 8.58068 3.55122 4.24173 5.21482 4.04236 3.16132
threshold=13.250000000000002 1.5500000000000003 1.2050000000000003 4.9500000000000011 17.050000000000004 57.850000000000001 68.050000000000011 3.5500000000000003 1.3750000000000002 0.70500000000000007 2.4500000000000006 68.65000000000002 66.750000000000014 2.2500000000000004
decision_type=2 2 2 2 10 2 2 2 2 2 2 2 2 2
left_child=7 2 -2 5 -5 -3 -7 8 -1 10 11 12 -9 -11
right_child=1 3 -4 4 -6 6 -8 9 -10 13 -12 -13 -14 -15
leaf_value=0.0059055085029364723 -0.0018091393520748601 -0.0021702533696110475 0.013007741921579786 -0.0046239613851962059 0.01117375422534648 -0.012514258536017826 0.0011562633844017878 0.0093737812590268792 -0.0055927811723485415 -0.0080553804728850983 -0.0015460864521440031 0.022009775244616264 -0.0060255668743193058 -0.00088105879826645423
leaf_weight=225.21183175221086 54.116429459303617 114.70481473952532 24.367651075124741 43.22431867197156 29.405496098101139 88.245975930243731 20.333114933222532 34.151858810335398 73.881574895232916 57.105268988758326 71.388186778873205 14.524364199489353 20.883707378059626 520.4791838042438
leaf_count=1370 341 579 132 294 156 507 140 248 395 481 489 139 199 3709
internal_value=-0.000345837 -0.00253268 0.00329472 -0.00410733 0.00207976 -0.00612134 -0.010016 0.000467182 0.00301996 -0.000608955 0.00358114 0.00859394 0.0035152 -0.00165342
internal_weight=1392.02 374.398 78.4841 295.914 72.6298 223.284 108.579 1017.63 299.093 718.533 140.948 69.5599 55.0356 577.584
internal_count=9179 2149 473 1676 450 1226 647 7030 1765 5265 1075 586 447 4190
is_linear=0
shrinkage=0.03


Tree=308
num_leaves=15
num_cat=0
split_feature=18 16 9 11 10 23 23 5 16 6 9 4 6 16
split_gain=2.09162 1.80971 3.31757 4.76799 4.70659 2.93136 5.80504 5.00655 5.84089 4.32528 4.593 4.07452 3.99618 5.13626
threshold=404.50000000000006 3.5578679449331911 1.3250000000000004 3.4500000000000006 0.91500000000000015 1.5500000000000003 1.0500000000000003 56.95000000000001 5.500530797327877 4.9500000000000011 2.2050000000000005 5.3138851397012221 9.0500000000000025 5.5275835045425241
decision_type=10 8 2 2 2 2 2 2 8 2 2 2 2 8
left_child=1 2 3 -1 -4 6 9 -8 -9 10 11 -3 -11 -14
right_child=-2 5 4 -5 -6 -7 7 8 -10 12 -12 -13 13 -15
leaf_value=0.011590535878790182 0.0062908030404869109 0.00025323212401861243 -0.01691085671618035 -0.0091706854526313244 0.0034042037141232486 -0.000862225146242092 -0.0036176053907034209 0.0010809935893352654 0.018467023174562301 -0.01219904509513205 -0.0057661422343896077 0.020526534981475043 0.011470896385988248 -0.0070989977610455193
leaf_weight=16.631973098963503 37.466981768608093 15.989911004900934 25.433519128710032 13.624423138797281 13.297761756926773 1071.269698228687 21.579566951841116 28.373683143407106 42.776075921952724 35.66158951073885 17.72761070728302 15.553103573620318 17.971013203263283 27.226748943328857
leaf_count=144 232 171 231 132 110 6550 145 241 314 328 162 111 147 204
internal_value=-0.000267671 -0.000470271 -0.00503381 0.00226703 -0.0103443 -0.00020856 0.00288354 0.00841308 0.0120599 -0.00122226 0.00545689 0.0116903 -0.00537288 0.000691674
internal_weight=1400.58 1363.12 68.9877 30.2564 38.7313 1294.13 222.859 92.7293 71.1498 130.13 49.2706 31.543 80.8594 45.1978
internal_count=9222 8990 617 276 341 8373 1823 700 555 1123 444 282 679 351
is_linear=0
shrinkage=0.03


Tree=309
num_leaves=15
num_cat=0
split_feature=4 13 12 4 24 17 10 11 11 13 13 11 15 15
split_gain=1.82734 4.35612 3.05041 2.39561 2.02637 2.52133 3.06443 4.14643 2.92262 3.52704 7.11403 3.16573 3.21448 6.57813
threshold=4.8450297401007179 5.2500000000000009 69.950000000000017 4.5900947070259628 1.0000000180025095e-35 0.60500000000000009 0.70500000000000007 3.4500000000000006 3.8500000000000001 2.8500000000000001 2.2500000000000004 5.5500000000000007 6.7500000000000009 9.5500000000000025
decision_type=2 2 2 2 2 10 2 2 2 2 2 2 8 8
left_child=1 2 -1 -3 5 8 -7 -8 -2 10 -10 12 -11 -14
right_child=4 3 -4 -5 -6 6 7 -9 9 11 -12 -13 13 -15
leaf_value=-0.019077205236733546 -0.00091608340534415585 0.01045000169451406 -0.00028127600860557449 -0.0051663628077810858 0.0064426026944922853 -0.011243711205425451 0.007672594108042931 -0.0088259148033334699 -0.00237030097975701 -0.004957960929049491 0.015976556030134328 -0.0016547230878220028 0.019056592524104125 0.0026582166772697053
leaf_weight=16.788311447948221 741.75365712493658 13.833170279860498 12.314692936837671 12.41288837045431 39.373789772391319 34.110528226941824 25.188658446073532 20.117635246366262 31.865924619138241 30.200524002313614 38.349166188389063 206.0335969813168 21.037997558712959 159.2507715113461
leaf_count=225 4733 173 164 134 185 246 147 132 165 227 204 1372 139 996
internal_value=-9.05261e-05 -0.00519784 -0.0123312 0.00341948 0.000137736 -7.58813e-05 -0.0050915 0.000197574 0.000267682 0.00206263 0.00804609 0.000970492 0.00351891 0.00503436
internal_weight=1402.63 55.3491 29.103 26.2461 1347.28 1307.91 79.4168 45.3063 1228.49 486.738 70.2151 416.523 210.489 180.289
internal_count=9242 696 389 307 8546 8361 525 279 7836 3103 369 2734 1362 1135
is_linear=0
shrinkage=0.03


Tree=310
num_leaves=15
num_cat=0
split_feature=8 9 9 8 10 4 7 11 7 7 7 13 11 12
split_gain=2.156 3.97431 4.67807 3.27523 2.39009 2.10703 1.87261 6.17552 2.40584 4.78065 4.67576 4.12663 3.35317 3.88015
threshold=75.550000000000011 1.8650000000000004 0.96500000000000008 73.350000000000009 0.62500000000000011 5.6264943313264544 12.15 3.8500000000000001 8.8500000000000032 7.0500000000000007 6.7500000000000009 4.5500000000000007 0.35000000000000003 71.750000000000014
decision_type=2 2 2 2 2 2 2 2 2 2 2 2 2 2
left_child=3 2 -2 6 -3 -5 8 -8 9 10 12 -10 13 -1
right_child=1 4 -4 5 -6 -7 7 -9 11 -11 -12 -13 -14 -15
leaf_value=-0.011923007242371841 0.00063429622313136659 0.0052775652094557467 0.020481471081013284 -0.012596566841348191 -0.0086482611891393977 0.00074909161166628415 -0.013096921286346281 0.0048526082223832694 -8.7115090581279367e-06 -0.0063942754704827964 0.01258119867248809 0.01273837086562115 0.00069714645984498874 0.0035445260067575026
leaf_weight=35.816116884350777 20.832226894795895 16.416878815740347 17.689843788743019 25.447002191096544 18.519257117062807 15.550001099705694 31.548020325601101 28.88586650416255 58.567014932632446 90.818749524652958 23.550107177346945 32.47958942502737 962.68383345752954 19.812323056161404
leaf_count=249 195 141 146 260 153 89 165 148 312 542 138 177 6361 139
internal_value=0.000147948 0.00498017 0.0110543 -0.000137632 -0.00226291 -0.00800343 0.000143551 -0.00480228 0.000406349 1.97046e-05 0.000606679 0.00496504 0.000269629 -0.00657617
internal_weight=1398.62 73.4582 38.5221 1325.16 34.9361 40.997 1284.16 60.4339 1223.73 1132.68 1041.86 91.0466 1018.31 55.6284
internal_count=9215 635 341 8580 294 349 8231 313 7918 7429 6887 489 6749 388
is_linear=0
shrinkage=0.03


Tree=311
num_leaves=15
num_cat=0
split_feature=23 5 4 16 4 4 1 23 4 5 10 6 8 23
split_gain=2.22329 2.94305 5.80725 4.87824 3.77265 8.47096 5.13871 5.3134 4.58712 3.86798 4.00265 5.8715 4.90582 3.68358
threshold=1.0500000000000003 69.750000000000014 5.5621381532263205 4.0625442494750397 5.6126058646306207 5.5880637467126633 1.0000000180025095e-35 2.0500000000000003 5.390487315513778 60.850000000000001 1.2050000000000003 3.8500000000000001 67.65000000000002 2.9500000000000006
decision_type=2 2 2 8 2 2 2 2 2 2 2 2 2 2
left_child=-1 4 3 -3 5 6 9 8 -8 10 11 -2 -13 -9
right_child=1 2 -4 -5 -6 -7 7 13 -10 -11 -12 12 -14 -15
leaf_value=-0.0032216371038964399 0.010331475568889484 0.00035276613438758013 0.0031117648634831183 -0.016851578377980816 -8.3036394700551725e-05 0.017534642066439125 0.01422083410924716 -0.017207940644007779 -0.0051672685362539527 0.0081493662049222423 0.0091187609264058063 -0.0015036088495076706 -0.018208529504001741 -0.0017424392788963207
leaf_weight=146.46461794897914 19.446276124566793 23.911505658179522 52.669694341719151 33.22039033100009 787.22662085294724 30.593988500535488 16.708427496254444 23.968269359320402 18.325767461210489 115.63819758594036 30.659303352236748 53.935492571443319 18.021265782415867 29.002225607633591
leaf_count=1309 154 249 335 325 4100 181 199 280 158 923 203 352 161 304
internal_value=0.000213178 0.000625779 -0.00395831 -0.0102021 0.00108126 0.00361927 0.00206683 -0.00397345 0.00470052 0.00433893 0.000550403 -0.00264756 -0.0065985 -0.00962095
internal_weight=1399.79 1253.33 109.802 57.1319 1143.53 356.299 325.705 88.0047 35.0342 237.701 122.062 91.403 71.9568 52.9705
internal_count=9233 7924 909 574 7015 2915 2734 941 357 1793 870 667 513 584
is_linear=0
shrinkage=0.03


Tree=312
num_leaves=15
num_cat=0
split_feature=24 8 8 4 4 15 11 4 4 18 6 9 11 8
split_gain=1.90494 1.94768 5.04745 4.61877 9.99826 3.9417 3.51326 4.03836 3.70558 6.36493 5.69999 5.5895 3.45071 3.79418
threshold=1.0000000180025095e-35 67.850000000000009 66.550000000000011 6.1194157252056671 5.9758573830623991 16.350000000000005 3.8500000000000001 5.1945906263027615 5.4396594755956835 174.50000000000003 8.5500000000000025 2.2850000000000006 1.6500000000000001 60.650000000000013
decision_type=2 2 2 2 2 10 2 2 2 10 2 2 2 2
left_child=1 2 6 4 -3 -4 7 -1 10 12 11 -9 13 -10
right_child=-2 3 5 -5 -6 -7 -8 8 9 -11 -12 -13 -14 -15
leaf_value=0.0058302185090970855 0.0055667796782184137 0.00092833877723192987 -0.014616737784884122 -0.01233366976606292 0.020979653777046883 0.0017506474040679414 0.0016612416313887817 -0.0098142540921645292 0.0028414768802975483 0.008803079441916755 -0.019056730671696991 0.011343949802116745 -0.0052361769376080298 -0.0057320541328420172
leaf_weight=50.035805430263281 44.713193900883198 255.91239749640226 36.42690896987915 14.751596212387083 19.587896719574928 18.023024022579193 399.17066887393594 22.291732221841812 137.64013531804085 41.588969431817532 25.035934291779995 14.145637538284062 242.44553745165467 63.893896043300629
leaf_count=475 211 2266 315 65 92 116 2438 197 721 225 197 113 1321 379
internal_value=-0.000201283 -0.000413581 -0.0010146 0.00174241 0.00270253 -0.00950751 -0.000505258 -0.00195542 -0.0027139 -0.00178392 -0.0093729 -0.00122259 -0.00286263 5.03796e-05
internal_weight=1385.66 1340.95 1050.7 290.252 275.5 54.4499 996.248 597.078 547.042 485.569 61.4733 36.4374 443.98 201.534
internal_count=9131 8920 6497 2423 2358 431 6066 3628 3153 2646 507 310 2421 1100
is_linear=0
shrinkage=0.03


Tree=313
num_leaves=15
num_cat=0
split_feature=4 9 10 4 16 17 11 11 15 23 16 12 9 12
split_gain=2.73172 4.33005 3.12694 2.0597 6.19065 3.62892 4.1569 4.24018 6.85492 4.7682 4.54813 3.45439 4.95432 3.69262
threshold=4.8191849826685731 2.7950000000000004 0.23500000000000001 5.1945906263027615 3.708165724643735 0.32500000000000007 3.8500000000000001 5.0500000000000007 25.650000000000002 2.1500000000000008 5.4633979689785752 71.250000000000014 3.8650000000000007 55.95000000000001
decision_type=2 2 2 2 10 10 2 2 8 2 10 2 2 2
left_child=1 2 -1 4 -2 6 -5 8 9 -8 -10 12 13 -9
right_child=3 -3 -4 5 -6 -7 7 11 10 -11 -12 -13 -14 -15
leaf_value=0.0029916988282062177 0.0083036104600738101 0.008207182393383923 -0.014832890980483435 -0.0013911527757178787 -0.0059868104135692617 -0.0051354334646636652 -0.0072408892561824688 0.010586662613239702 0.023489663778076233 0.0056718395872766515 0.0049908408937573137 0.0044658262627503631 -0.011676910691973207 -0.0018900075879255433
leaf_weight=9.6687075421214086 77.472996693104506 9.9076620265841466 32.34646625444293 663.41653911024332 36.480368349701166 128.48595678061247 32.276390668004751 20.680700313299894 22.854741856455803 79.099520403891802 27.064589437097311 98.061911717057228 35.38728491961956 121.62578916177154
leaf_count=127 737 121 406 3997 380 818 238 115 139 455 130 603 211 735
internal_value=-0.000374325 -0.00681136 -0.0108491 -0.000101097 0.00366941 -0.000464165 0.000101993 0.0023586 0.00614216 0.00177945 0.0148277 7.55357e-05 -0.0024032 0.000220962
internal_weight=1394.83 51.9228 42.0152 1342.91 113.953 1228.95 1100.47 437.051 161.295 111.376 49.9193 275.756 177.694 142.306
internal_count=9212 654 533 8558 1117 7441 6623 2626 962 693 269 1664 1061 850
is_linear=0
shrinkage=0.03


Tree=314
num_leaves=15
num_cat=0
split_feature=23 7 7 7 12 12 11 7 7 8 6 17 7 11
split_gain=1.81385 3.13866 1.91482 4.54626 6.06398 3.60073 5.16766 3.09917 3.04571 3.59411 2.80489 1.87656 1.92212 3.91785
threshold=5.9500000000000011 4.2500000000000009 8.8500000000000032 7.0500000000000007 67.15000000000002 61.750000000000007 4.6500000000000012 6.7500000000000009 12.550000000000002 58.45000000000001 8.8500000000000032 1.2050000000000003 5.3500000000000005 7.9500000000000011
decision_type=2 2 2 2 2 2 2 2 2 2 2 10 2 2
left_child=2 -2 3 7 10 -4 8 11 9 -7 -5 12 13 -1
right_child=1 -3 5 4 -6 6 -8 -9 -10 -11 -12 -13 -14 -15
leaf_value=0.00060074115308494317 0.010030610061340445 -0.0023605303321862598 -0.0054640150684060629 0.0081734157878558221 -0.013615211836520699 0.011618331665667577 0.013348680158511277 0.0096906049831704238 -0.0074942350478133263 -0.002447805930177929 -0.005589017713539428 0.0083176471472399729 -0.0038161696553830121 -0.008254596532436086
leaf_weight=876.64707377180457 38.244317181408405 29.270817741751671 30.813014578074217 21.715666607022285 47.024669416248798 26.296573303639889 41.511562030762434 24.686376161873341 23.157515540719032 31.270574480295181 21.788554958999157 18.118875101208687 119.87792702764273 42.383782684803009
leaf_count=6139 189 141 175 141 293 126 221 147 123 186 123 109 770 299
internal_value=0.000246173 0.00486615 -6.59083e-06 -0.000422822 -0.0066963 0.00309395 0.00538117 0.000130601 0.000744379 0.00439257 0.00141506 -0.00013724 -0.000323829 0.000149895
internal_weight=1392.81 67.5151 1325.29 1172.24 90.5289 153.049 122.236 1081.71 80.7247 57.5671 43.5042 1057.03 1038.91 919.031
internal_count=9182 330 8852 8021 557 831 656 7464 435 312 264 7317 7208 6438
is_linear=0
shrinkage=0.03


Tree=315
num_leaves=15
num_cat=0
split_feature=8 8 10 11 10 9 23 9 13 10 16 16 6 15
split_gain=2.77574 3.17029 1.79066 2.71695 3.07097 5.50195 3.74485 4.60345 2.59061 2.57574 2.76759 11.0144 4.13317 4.16684
threshold=42.050000000000004 44.550000000000004 0.18500000000000003 4.6500000000000012 0.075000000000000025 2.1250000000000004 2.8500000000000001 1.6250000000000002 4.0500000000000007 0.28500000000000009 5.6254626782429096 5.5922422850595153 27.350000000000005 3.6500000000000008
decision_type=2 2 2 2 2 2 2 2 2 2 8 10 2 10
left_child=-1 -2 3 4 5 -3 7 -6 -5 -4 11 12 13 -11
right_child=1 2 9 8 6 -7 -8 -9 -10 10 -12 -13 -14 -15
leaf_value=-0.0091508139462430898 0.010874755488065515 0.01000584326729741 0.0052901386757680047 0.0096542371009675308 -0.011765947122075779 -0.0086512295496790417 -0.015494551307640604 0.0070402811160601587 -0.0029671897827621969 0.0094485641908811629 -0.0011915166587121394 0.015898923080563437 0.012737584593158211 -0.00087614706689811213
leaf_weight=22.097839564085007 21.240943849086761 24.051714632660151 98.053085096180439 22.694673225283623 16.729243654757738 22.920263964682817 32.303163677453995 20.606591232120991 27.324903223663568 33.156538981944323 538.75641431286931 40.897750042378902 18.79537333548069 445.98921267688274
leaf_count=104 105 195 677 143 147 157 210 175 221 282 3418 226 93 3002
internal_value=0.000359621 0.000546621 0.000343432 -0.0025216 -0.00496864 0.000945554 -0.00875391 -0.0017807 0.00311629 0.000758467 0.00032359 0.00183549 0.000533834 -7.14834e-05
internal_weight=1385.62 1363.52 1342.28 166.631 116.611 46.972 69.639 37.3358 50.0196 1175.65 1077.6 538.839 497.941 479.146
internal_count=9155 9051 8946 1248 884 352 532 322 364 7698 7021 3603 3377 3284
is_linear=0
shrinkage=0.03


Tree=316
num_leaves=15
num_cat=0
split_feature=1 8 11 13 7 6 4 9 13 16 13 9 16 6
split_gain=2.76346 3.23655 3.16727 3.00797 3.82732 4.01061 3.64044 3.43032 3.98489 4.13113 4.88263 4.07673 3.73496 4.48543
threshold=1.0000000180025095e-35 43.150000000000013 0.35000000000000003 3.1500000000000008 1.1500000000000001 13.050000000000002 5.8917551064719893 0.32500000000000007 6.2500000000000009 3.6579158948557509 5.8500000000000005 0.50500000000000012 5.2137978848011679 5.9500000000000011
decision_type=2 2 2 2 2 2 2 2 2 10 2 2 10 2
left_child=-1 -2 -3 4 -4 6 -6 -5 9 -9 11 -11 13 -13
right_child=1 2 3 7 5 -7 -8 8 -10 10 -12 12 -14 -15
leaf_value=0.0019628492218365947 -0.011087762067794917 -0.0078300536563634827 0.012812453272897506 0.0057810422266598013 -0.0028046101839158798 -0.0053508504824598723 0.008507591756542178 -0.013198443483347972 0.0070914485205176379 -0.012100943682775932 -0.012492035032572906 -0.0043194957590711736 -0.001196047771664355 0.013651582665465132
leaf_weight=503.87630297616124 21.747086569666862 44.840809769928455 26.788660250604153 55.920721225440502 36.413415666669607 49.785362429916859 67.798173308372498 25.144403971731663 38.306411076337099 22.843109574168921 30.456489905714989 16.578563343733549 421.46186538413167 29.464437633752823
leaf_count=3571 103 306 151 374 254 245 307 320 304 149 203 178 2502 238
internal_value=0.00019919 -0.000807455 -0.000487055 -4.10097e-05 0.00332281 0.00132103 0.00460747 -0.00100934 -0.00170281 -0.00237861 -0.00173569 -0.000948245 -0.00028102 0.00739152
internal_weight=1391.43 887.55 865.802 820.962 180.786 153.997 104.212 640.176 584.255 545.949 520.804 490.348 467.505 46.043
internal_count=9205 5634 5531 5225 957 806 561 4268 3894 3590 3270 3067 2918 416
is_linear=0
shrinkage=0.03


Tree=317
num_leaves=15
num_cat=0
split_feature=16 16 11 7 4 5 12 7 12 11 7 15 9 9
split_gain=1.60589 3.28246 1.60687 1.39456 6.22688 4.97848 2.70559 2.40368 5.27769 6.49395 2.8774 2.40466 2.25393 4.50805
threshold=6.0394864804899884 5.9923561954697266 9.5500000000000025 9.6500000000000004 5.7369965295207175 55.45000000000001 70.65000000000002 7.0500000000000007 66.750000000000014 2.3500000000000001 6.7500000000000009 14.65 6.6950000000000012 5.9250000000000007
decision_type=10 10 2 2 2 2 2 2 2 2 2 8 2 2
left_child=1 2 3 7 6 -6 -5 10 11 -10 12 -9 13 -1
right_child=-2 -3 -4 4 5 -7 -8 8 9 -11 -12 -13 -14 -15
leaf_value=4.7825347924059562e-05 -0.0057889517382565328 0.011098154122352271 -0.007407411739544051 0.0032768764917406085 0.0054969704666695584 -0.0083553678483082507 0.019625074243325311 -0.0041446522851890082 0.0013221061406241367 -0.01724792490168655 0.009883260092327156 0.0081896478840439817 0.0069516168496784022 -0.012449615959979189
leaf_weight=999.85343270376325 36.94434305280447 19.29920706897974 21.041239492595196 19.174469005316496 41.725289985537529 41.905433669686317 17.849409960210323 20.938619323074818 27.755339656025171 35.999672472476959 22.175761803984642 27.864696856588125 35.351698651909828 21.668928287923336
leaf_count=6929 220 111 145 130 189 207 114 139 158 224 134 160 180 136
internal_value=-7.55614e-06 0.000171093 -2.79458e-05 0.000118046 0.00312423 -0.0015239 0.0125557 -0.000198123 -0.004272 -0.00965534 0.000244578 0.00300435 -3.24982e-06 -0.000276624
internal_weight=1389.55 1352.6 1333.3 1312.26 120.655 83.6307 37.0239 1191.61 112.558 63.755 1079.05 48.8033 1056.87 1021.52
internal_count=9176 8956 8845 8700 640 396 244 8060 681 382 7379 299 7245 7065
is_linear=0
shrinkage=0.03


Tree=318
num_leaves=15
num_cat=0
split_feature=6 6 16 9 23 7 9 5 11 7 15 9 9 9
split_gain=2.36864 3.6239 3.61266 3.57959 2.92164 6.72226 2.67203 5.4474 5.17756 4.68129 4.40869 8.26062 7.78228 7.04214
threshold=20.850000000000005 22.950000000000003 5.8671821322279341 3.0750000000000006 5.9500000000000011 4.2500000000000009 0.96500000000000008 72.450000000000017 7.4500000000000011 11.750000000000002 13.15 3.4950000000000006 2.8750000000000004 3.8050000000000002
decision_type=2 2 8 2 2 2 2 2 2 2 10 2 2 2
left_child=4 -2 3 -3 6 -6 7 8 -1 10 11 12 -8 -12
right_child=1 2 -4 -5 5 -7 9 -9 -10 -11 13 -13 -14 -15
leaf_value=-0.0051102783009628347 0.011363574097542458 0.0084808502695535842 -0.0079767019085907453 -0.0039755188692842669 0.014521096382612732 -0.0045910264406314382 0.0029708500233693999 0.01091829435041196 0.0095178560501439601 -0.0090563633106459547 -0.0041815983883468945 -0.0033853413029433111 0.01462374987738484 0.0045776065437020076
leaf_weight=271.54356337338686 36.1010737195611 51.099381059408188 26.026797499507666 29.197794258594513 31.52144481241703 26.901780836284161 267.64862094447017 19.005436025559902 19.072989989072084 40.841821424663067 271.44921596348286 136.14105333387852 60.170240312814713 113.13747366517782
leaf_count=1927 195 262 149 146 159 131 2072 181 139 219 1671 938 416 625
internal_value=0.000196535 0.00379434 0.000829336 0.00398391 -0.000224388 0.00605251 -0.000554102 -0.00293048 -0.0040055 0.000284941 0.00078497 0.00274058 0.00529727 -0.00157914
internal_weight=1399.86 142.425 106.324 80.2972 1257.43 58.4232 1199.01 309.622 290.617 889.388 848.547 463.96 327.819 384.587
internal_count=9230 752 557 408 8478 290 8188 2247 2066 5941 5722 3426 2488 2296
is_linear=0
shrinkage=0.03


Tree=319
num_leaves=15
num_cat=0
split_feature=0 11 23 11 11 11 10 15 11 18 16 4 15 12
split_gain=1.98776 2.96917 11.0599 4.80267 4.51018 3.23393 3.63765 6.44638 5.65105 4.6073 5.82034 4.51843 3.60267 3.96412
threshold=6.5000000000000009 6.1500000000000012 2.7500000000000004 5.0500000000000007 7.1500000000000012 4.4500000000000011 0.91500000000000015 16.550000000000004 0.55000000000000016 149.50000000000003 5.8132222443679877 5.4293654307799519 10.65 67.750000000000014
decision_type=2 2 2 2 2 2 2 10 2 8 8 2 10 2
left_child=1 3 4 5 -3 6 7 8 -1 -10 -11 -9 13 -8
right_child=-2 2 -4 -5 -6 -7 12 11 9 10 -12 -13 -14 -15
leaf_value=-0.014528002503072689 0.00081003389360292445 0.019519519983115626 -0.012666918273740743 -0.011063579129401027 0.0022071119790914129 0.0073387852301715489 0.0053247816687680615 -0.0019307839935573706 0.0096915883760448837 0.0016079670092671175 -0.011669034837612077 0.014526061711758969 -0.012084337775553814 -0.0079668486026088278
leaf_weight=25.69280980527401 884.43329802155495 23.528685197234154 20.901361282914877 46.87560173496604 28.546563625335693 30.612051665782928 33.956755645573139 22.496373314410448 27.602506067603827 84.886098504066467 39.91507725790143 34.565432589501143 49.553210619837046 37.261200278997421
leaf_count=263 4368 220 212 474 276 291 302 221 263 879 377 269 429 343
internal_value=-4.70409e-05 -0.00153723 0.00388343 -0.00248382 0.011054 -0.00131536 -0.00215103 5.04812e-05 -0.00278278 -0.000404131 -0.00292433 0.00840518 -0.00626926 -0.00169583
internal_weight=1390.83 506.394 72.9766 433.417 52.0752 386.542 355.929 235.158 178.096 152.404 124.801 57.0618 120.771 71.218
internal_count=9187 4819 708 4111 496 3637 3346 2272 1782 1519 1256 490 1074 645
is_linear=0
shrinkage=0.03


Tree=320
num_leaves=15
num_cat=0
split_feature=10 7 8 10 7 9 15 23 5 9 0 16 16 9
split_gain=2.2604 5.8593 7.83315 5.68732 6.52649 5.06477 4.55506 4.30322 4.24088 4.14104 5.76145 4.96831 2.36419 5.37444
threshold=1.1650000000000003 1.4500000000000002 62.850000000000001 1.3950000000000002 2.9500000000000006 4.1850000000000014 13.65 2.5500000000000003 57.750000000000007 1.4450000000000001 11.500000000000002 5.5559404368518024 5.3901372533073788 1.2850000000000004
decision_type=2 2 2 2 2 2 8 2 2 2 2 10 8 2
left_child=12 6 5 -4 -5 9 -2 -6 -8 10 -3 -11 13 -1
right_child=1 2 3 4 7 -7 8 -9 -10 11 -12 -13 -14 -15
leaf_value=0.0019586506031718186 0.016720825524444483 -0.013249498789781168 0.01531604701050788 -0.0098045719649415032 0.015029595136424437 -0.012005033455451525 -0.0062839810673050601 -0.00062823574508888175 0.0087734740964667424 0.0083792611801487612 0.0025441401937468197 -0.0047207323061544256 -3.0017864794904921e-05 -0.0063859772260892048
leaf_weight=108.60751318559051 30.515408799052238 40.628005851060152 33.956251595169306 26.717733107507229 25.315568428486586 45.061812561005354 23.584714367985725 32.184393558651209 36.970549054443836 56.481969203799963 35.676387757062912 40.935204409062862 684.01672831550241 178.80781493708491
leaf_count=932 191 264 233 193 173 229 131 192 240 315 154 203 4390 1395
internal_value=-0.000196013 0.00160882 -0.000250858 0.00582873 0.0013595 -0.00359155 0.00814451 0.00691633 0.00287699 -0.00113437 -0.00616279 0.00291285 -0.000995418 -0.00325316
internal_weight=1399.46 428.028 336.957 118.174 84.2177 218.783 91.0707 57.5 60.5553 173.722 76.3044 97.4172 971.432 287.415
internal_count=9235 2518 1956 791 558 1165 562 365 371 936 418 518 6717 2327
is_linear=0
shrinkage=0.03


Tree=321
num_leaves=15
num_cat=0
split_feature=10 12 16 16 12 11 10 13 19 4 4 9 10 8
split_gain=2.09677 4.12808 3.16996 8.43632 5.56349 3.74917 3.96949 3.68398 3.53433 7.57351 5.35627 5.2913 5.1859 4.76761
threshold=0.32500000000000007 59.45000000000001 5.6254626782429096 5.5922422850595153 57.050000000000004 0.95000000000000007 0.70500000000000007 4.3500000000000005 1.0000000180025095e-35 5.5460031614459471 5.3393033383951058 2.8750000000000004 0.54500000000000015 67.850000000000009
decision_type=2 2 8 10 2 2 2 2 2 2 2 2 2 2
left_child=1 -1 3 4 -2 6 -6 -8 10 -10 11 13 -12 -4
right_child=2 -3 8 -5 5 -7 7 -9 9 -11 12 -13 -14 -15
leaf_value=-0.0052687761046092373 0.0087799267324708153 0.0036741471175955808 -0.0075266895215240874 0.013233104547844635 0.0141930367610675 -0.0023727399086281584 -0.0073957943778460164 0.0077817470896396727 -0.010934612319725544 0.0081500217035646739 -0.012367530509814177 0.016735563430272438 -0.0030236255057814968 0.0090636895939637113
leaf_weight=51.364328950643539 51.633156683295965 269.00086194649339 33.069469399750233 41.776163291186094 21.919673401862383 379.97855703160167 25.267226502299309 22.446398887783289 20.692767329514027 65.783291362226009 60.759043537080288 16.444011807441711 319.68111034855247 21.430346176028252
leaf_count=370 332 1927 303 225 163 2562 153 152 180 342 379 151 1778 232
internal_value=6.91037e-05 0.00218139 -0.000564124 0.00104846 -8.77369e-05 -0.00119146 0.00498173 -0.000194812 -0.00218684 0.00323522 -0.00324966 0.00410694 -0.00465699 -0.000789593
internal_weight=1401.25 320.365 1080.88 543.021 501.245 449.612 69.6333 47.7136 537.86 86.4761 451.384 70.9438 380.44 54.4998
internal_count=9249 2297 6952 3587 3362 3030 468 305 3365 522 2843 686 2157 535
is_linear=0
shrinkage=0.03


Tree=322
num_leaves=15
num_cat=0
split_feature=11 7 12 12 13 10 10 18 9 16 16 16 16 5
split_gain=1.94517 4.26046 6.18245 6.64598 4.04321 4.16635 3.60346 2.93512 5.97074 3.03926 3.13913 3.09916 5.94457 5.04769
threshold=0.95000000000000007 4.5500000000000007 70.950000000000017 63.750000000000007 3.6500000000000008 0.99500000000000011 0.56500000000000006 227.50000000000003 2.8750000000000004 3.5578679449331911 3.6483599671183362 5.3950650364007915 5.4174642079966882 61.650000000000013
decision_type=2 2 2 2 2 2 2 10 2 8 8 8 8 2
left_child=1 4 3 -3 -1 6 -6 9 -9 -2 -11 13 -13 -12
right_child=7 2 -4 -5 5 -7 -8 8 -10 10 11 12 -14 -15
leaf_value=-0.0080287700573453136 -0.0066052005411995603 0.0016569634248196725 -0.0025025335961207551 0.02264467943455856 0.0038190976026458018 0.01066433742226779 -0.0094762145299656774 -0.011058293767140012 0.0049287796528954689 0.0092889464605597893 0.00090440487977709279 0.01465397976910165 0.00039147697856619707 -0.0075973636162784096
leaf_weight=42.300226885825396 56.671818029135466 25.136294506490231 32.658149924129248 26.878782249987125 39.431409318000078 31.901572536677122 26.505677476525307 56.89247414842248 28.27898508682847 28.464972402900457 137.66273983567953 22.302929908037186 727.00544477626681 109.22594245523214
leaf_count=251 509 150 196 154 304 199 195 393 186 247 874 126 4446 952
internal_value=-7.63091e-05 0.00244757 0.00755609 0.0135371 -0.000793023 0.00257359 -0.00181663 -0.000571088 -0.00577123 -0.00013682 0.00025127 -5.20689e-05 0.000910317 -0.00293301
internal_weight=1391.32 224.812 84.6732 52.0151 140.139 97.8387 65.9371 1166.51 85.1715 1081.33 1024.66 996.197 749.308 246.889
internal_count=9182 1449 500 304 949 698 499 7733 579 7154 6645 6398 4572 1826
is_linear=0
shrinkage=0.03


Tree=323
num_leaves=15
num_cat=0
split_feature=16 16 6 7 6 12 4 23 23 15 15 16 16 13
split_gain=1.61087 3.16228 2.56273 2.5513 3.47246 3.06705 4.1935 3.70397 4.16388 4.88802 3.55132 2.87719 5.15744 3.54792
threshold=5.6406980134935063 5.674399514447658 28.350000000000005 10.65 9.1500000000000004 56.650000000000013 5.5284249487085555 0.25000000000000006 1.3500000000000003 2.9500000000000006 15.850000000000003 5.6019584573009249 5.5827120454935644 4.0500000000000007
decision_type=8 8 2 2 2 2 2 2 2 10 10 10 10 2
left_child=2 -2 3 5 -5 6 -1 -7 10 -10 -9 12 13 -11
right_child=1 -3 -4 4 -6 7 -8 8 9 11 -12 -13 -14 -15
leaf_value=-0.00476721998148146 -0.0085616171676924178 -0.00070418839228134512 0.0092104105345297924 0.014260768059061671 -0.0011154490335463891 0.0097898733951897084 0.010545175206536103 -0.012631125619919545 0.012753678002111492 0.0020150235800529413 0.00086033083937227435 0.0064996668015491685 -0.014866880100822884 -0.0034824734070930778
leaf_weight=20.233904451131821 44.857342794537544 630.56315440312028 25.833434864878654 21.881826192140579 24.688180461525917 23.156711373478174 44.944596439599991 44.606991577893496 19.38983228802681 194.63709975406528 26.245160795748234 37.039816968142986 20.343344837427139 220.03850902989507
leaf_count=188 260 4091 128 118 123 229 240 424 162 1143 195 206 118 1615
internal_value=-0.000236385 -0.00128511 0.000745369 0.000368367 0.00679154 -0.000139666 0.00579065 -0.000843328 -0.00136365 -0.000350265 -0.00790631 -0.00101654 -0.00172309 -0.000908838
internal_weight=1398.46 675.42 723.039 697.206 46.57 650.636 65.1785 585.457 562.301 491.449 70.8522 472.059 435.019 414.676
internal_count=9240 4351 4889 4761 241 4520 428 4092 3863 3244 619 3082 2876 2758
is_linear=0
shrinkage=0.03


Tree=324
num_leaves=15
num_cat=0
split_feature=4 16 16 10 4 11 16 9 9 15 9 15 10 16
split_gain=1.76536 1.65919 2.3745 5.63679 3.34831 3.89109 2.97937 3.0939 4.93531 2.09116 7.31619 6.23889 2.51444 2.39056
threshold=6.3802109374958755 6.0394864804899884 5.8197412955975762 0.64500000000000013 5.7928310150871782 3.4500000000000006 5.7307447370594149 1.0650000000000002 2.6150000000000007 33.650000000000013 1.7250000000000003 29.250000000000004 1.1050000000000002 3.7607993050970712
decision_type=2 10 10 2 2 2 10 2 2 10 2 10 2 8
left_child=1 2 6 -4 -5 -6 9 -8 -9 11 -11 13 -12 -1
right_child=-2 -3 3 4 5 -7 7 8 -10 10 12 -13 -14 -15
leaf_value=0.004074160215734722 -0.0070487493999000254 -0.005724858087756122 0.011401428139686599 -0.0087568303629235074 -0.0042151472892855146 0.009713622269005677 0.0036249220780023516 -0.016005439143665874 -0.00050598112769449286 0.0056933317866097932 -0.014531076760016855 0.011220074778254154 -0.0021359720139858466 -0.00029217262305001359
leaf_weight=125.56131730228662 25.665640026330948 35.899750854820013 51.88524542376399 26.196369543671608 30.789314709603786 32.37776155769825 24.518134955316782 31.379348799586296 38.286114484071732 42.248817071318626 35.421061467379332 44.559308610856533 26.299470193684101 828.27685412019491
leaf_count=1142 107 215 307 182 147 151 143 185 220 223 188 241 132 5661
internal_value=7.0817e-05 0.000228917 0.000409408 0.00401787 -0.000646067 0.00311318 -3.15055e-05 -0.00501261 -0.00809169 0.000414779 -0.00353506 0.000841667 -0.00980532 0.000300851
internal_weight=1399.36 1373.7 1337.8 141.249 89.3634 63.1671 1196.55 94.1836 69.6655 1102.37 103.969 998.397 61.7205 953.838
internal_count=9244 9137 8922 787 480 298 8135 548 405 7587 543 7044 320 6803
is_linear=0
shrinkage=0.03


Tree=325
num_leaves=15
num_cat=0
split_feature=1 4 23 8 10 9 16 11 16 7 6 23 8 9
split_gain=2.17024 3.43996 7.16968 4.48076 5.25627 3.6427 3.35417 4.09015 7.30604 4.03822 3.34183 3.22772 2.9138 2.84994
threshold=1.0000000180025095e-35 5.5880637467126633 2.0500000000000003 71.350000000000009 0.82500000000000007 3.3050000000000002 5.6989517445575499 3.1500000000000008 4.127218215959398 2.7500000000000004 3.5500000000000003 3.7500000000000004 48.250000000000007 6.6950000000000012
decision_type=2 2 2 2 2 2 10 2 8 2 2 2 2 2
left_child=12 2 5 13 -5 6 7 9 -9 -2 -4 -12 -1 -3
right_child=1 3 10 4 -6 -7 -8 8 -10 -11 11 -13 -14 -15
leaf_value=0.01017788105259757 0.0031071770838191231 -0.001228754895361522 0.0004818767212313412 0.014510929828614618 -0.0023321848065313614 -0.011483178892860669 -0.0079756470949765811 -0.012646272182841539 0.014105051941632545 0.024982500323689948 -0.019585064577189285 -0.0024961986982176923 0.00094979841695591626 0.0071968200859100972
leaf_weight=28.043940313160419 17.512615244835619 647.54587449505925 15.133358940482138 33.880340777337551 27.080037198960781 12.089668698608873 12.721259612590073 16.401410348713402 11.133492443710564 11.111431360244749 36.572617419064045 15.204920224845408 479.76699759066105 33.294893309473991
leaf_count=142 191 3498 187 202 163 128 107 218 108 118 427 148 3448 156
internal_value=-2.31307e-06 -0.000894164 -0.00499179 -4.9336e-05 0.0074192 0.00106768 0.00389863 0.00702056 -0.00132425 0.0140511 -0.0118888 -0.0152285 0.00155369 -0.000767259
internal_weight=1397.49 889.682 147.881 741.801 60.9604 80.9699 68.8802 56.1589 27.5349 28.624 66.9109 51.7775 507.811 680.841
internal_count=9241 5651 1632 4019 365 870 742 635 326 309 762 575 3590 3654
is_linear=0
shrinkage=0.03


Tree=326
num_leaves=15
num_cat=0
split_feature=12 23 9 17 17 5 9 17 7 5 13 5 15 9
split_gain=2.38281 3.94862 4.2035 2.49048 3.71427 2.45809 2.38893 2.26759 2.42334 5.66643 5.55638 3.36232 6.03087 4.77198
threshold=53.250000000000007 2.3500000000000001 2.0050000000000003 1.2250000000000003 0.80500000000000016 77.15000000000002 6.6950000000000012 0.66500000000000015 8.8500000000000032 51.650000000000013 4.4500000000000011 51.650000000000013 13.15 1.0950000000000004
decision_type=2 2 2 10 10 2 2 10 2 2 2 2 8 2
left_child=1 -1 -3 4 5 6 7 8 11 -10 -11 12 -2 -14
right_child=3 2 -4 -5 -6 -7 -8 -9 9 10 -12 -13 13 -15
leaf_value=0.012923196902919558 0.0026960059823406602 0.0072740653332564525 -0.0089730986815733955 0.0086040585697769942 -0.01007635935319968 0.0092264081867120783 0.0058904365024654778 0.0084894599974219935 0.013278414544365116 -0.0056321592122720327 0.0076914823134110015 -0.00078735390104496051 0.0013487866220799932 -0.013753971689315914
leaf_weight=27.601823814213276 48.761747855693102 24.848341848701239 22.590565100312233 21.83347924053669 31.43102253600955 18.649161979556084 45.037037469446659 18.245753467082977 29.521569862961769 69.649844899773598 40.270805172622204 906.22794863209128 24.112809509038925 69.170716937631369
leaf_count=198 270 142 127 129 219 169 227 131 138 383 225 6391 129 362
internal_value=-0.000144202 0.00488334 -0.000580753 -0.000446697 -0.000630936 -0.000358499 -0.000537546 -0.000800931 -0.000978641 0.0026734 -0.00062861 -0.00147482 -0.00568487 -0.00998005
internal_weight=1397.95 75.0407 47.4389 1322.91 1301.08 1269.65 1251 1205.96 1187.72 139.442 109.921 1048.27 142.045 93.2835
internal_count=9240 467 269 8773 8644 8425 8256 8029 7898 746 608 7152 761 491
is_linear=0
shrinkage=0.03


Tree=327
num_leaves=15
num_cat=0
split_feature=12 12 25 11 12 11 8 5 16 5 12 5 7 23
split_gain=1.8283 1.71986 3.57662 4.83953 5.07223 3.87039 3.76166 4.06864 3.58503 3.66538 3.32411 5.60009 4.15207 4.33993
threshold=88.250000000000014 69.550000000000011 1.0000000180025095e-35 0.95000000000000007 67.350000000000009 0.35000000000000003 73.350000000000009 60.650000000000013 5.2695246185434295 56.650000000000013 71.250000000000014 59.95000000000001 5.2500000000000009 1.2500000000000002
decision_type=2 2 2 2 2 2 2 2 8 2 2 2 2 2
left_child=1 2 5 -4 8 -1 -7 -8 -5 -10 11 -3 13 -12
right_child=-2 10 3 4 -6 6 7 -9 9 -11 12 -13 -14 -15
leaf_value=-0.0079922770851309794 0.0084188976104015555 0.00079607667412552401 0.0072152908484477999 0.0027992410453918726 0.0070630451406560289 0.0034448522475901684 -0.01452032367753885 0.0017111079001452807 -0.013530897319591806 -0.003164756863675892 0.0091701474088833959 -0.01285527206585743 -0.0042883754672052221 7.9927774192465638e-05
leaf_weight=27.89434503018856 18.036605801433325 52.632469564676285 34.087701976299286 28.137120634317398 25.195329666137695 491.78364415094256 17.964336726814508 32.910604421049356 62.056423880159855 63.995799873024225 51.887886703014374 49.463576283305883 152.23883702605963 280.09297516942024
leaf_count=213 113 309 176 174 131 3325 152 317 310 345 450 382 914 1881
internal_value=3.73711e-05 -0.000103153 0.000813961 -0.00246086 -0.00444537 0.00204997 0.00263443 -0.00480681 -0.00648869 -0.00858962 -0.00132604 -0.00610914 -0.000265406 0.00161569
internal_weight=1388.38 1370.34 784.025 213.472 179.385 570.553 542.659 50.8749 154.189 126.052 586.316 102.096 484.22 331.981
internal_count=9192 9079 5143 1136 960 4007 3794 469 829 655 3936 691 3245 2331
is_linear=0
shrinkage=0.03


Tree=328
num_leaves=15
num_cat=0
split_feature=24 0 8 10 9 4 9 4 15 9 16 13 15 13
split_gain=1.79227 2.3297 2.24964 2.35568 5.16503 2.55313 4.27242 4.01427 5.9693 6.30898 5.75879 5.65632 4.76394 4.45133
threshold=1.0000000180025095e-35 22.500000000000004 42.050000000000004 2.0950000000000002 2.3050000000000002 5.6459966882670667 6.6950000000000012 5.4396594755956835 12.65 4.1550000000000011 3.9797298942774284 3.6500000000000008 9.0500000000000025 2.5500000000000003
decision_type=2 2 2 2 2 2 2 2 10 2 10 2 10 2
left_child=1 2 -1 5 -5 7 -7 13 9 10 11 -9 -12 -4
right_child=-2 -3 3 4 -6 6 -8 8 -10 -11 12 -13 -14 -15
leaf_value=-0.0094176026664716632 0.0059557724332829397 0.0073477424817783368 -0.015395463165450173 0.010623087928495343 -0.0026800845731100647 -0.0021251756498995907 0.0081495084005858837 0.020300640940149443 0.010379652701310299 -0.013479063728061949 -0.01248037431722529 0.0024249277160403454 0.0066555751096551855 -0.0001059645031061717
leaf_weight=18.193523593246937 42.990459270775318 33.31085442006588 13.239815525710581 50.267903294414282 46.967612661421299 648.15681512653828 33.70304412394762 18.637057334184647 82.574875645339489 19.8173703327775 25.621805123984814 54.015943832695484 14.943150013685225 284.77095408551395
leaf_count=86 203 141 117 262 248 3526 160 117 565 147 218 372 106 2914
internal_value=0.000258978 5.53885e-05 -0.000157129 8.98533e-06 0.00438046 -0.000363336 -0.00156169 0.00122726 0.00429717 0.000282561 0.00315957 0.00802231 -0.00547435 -0.00102807
internal_weight=1387.21 1344.22 1310.91 1292.72 97.2355 1195.48 681.86 513.621 215.61 133.035 113.218 72.653 40.565 298.011
internal_count=9182 8979 8838 8752 510 8242 3686 4556 1525 960 813 489 324 3031
is_linear=0
shrinkage=0.03


Tree=329
num_leaves=15
num_cat=0
split_feature=4 4 14 10 23 6 8 10 10 8 15 6 4 8
split_gain=1.54695 10.444 3.96657 3.62604 4.39317 3.97169 4.94882 5.42972 4.25288 5.52457 5.51615 4.03635 3.97742 3.95759
threshold=5.6126058646306207 5.5880637467126633 1.0000000180025095e-35 0.18500000000000003 1.1500000000000001 13.750000000000002 64.850000000000009 0.90500000000000014 0.28500000000000009 69.750000000000014 22.150000000000002 2.3500000000000001 4.9131008360258042 56.050000000000004
decision_type=2 2 2 2 2 2 2 2 2 2 10 2 2 2
left_child=1 2 3 4 -1 8 7 -7 -5 10 13 -11 -13 -10
right_child=-2 -3 -4 5 -6 6 -8 -9 9 11 -12 12 -14 -15
leaf_value=0.0049928380682215867 -0.00080709759986294252 0.015890937898175694 0.012867753378200978 0.011204180364472911 -0.010999582566567368 -0.020865940062194169 0.0039156733761452345 0.00038195394420318003 -0.0031026733342101064 0.0075152224446357078 -0.0075312180806103484 0.0040772419045679307 -0.012610229510663136 0.0072440386000515314
leaf_weight=18.138052020221949 871.69257900863886 35.481273930519819 15.733389817178248 34.256185930222273 49.895975440740585 21.035596270114183 25.525224857032299 18.223567511886358 39.285371784120798 12.544039178639649 32.669341214001179 14.058497980237005 50.66715756431222 149.96333881467581
leaf_count=200 4647 215 119 314 495 165 218 127 296 135 239 181 495 1329
internal_value=-3.71509e-05 0.00125514 2.56602e-05 -0.000539605 -0.00668604 0.000580347 -0.00594488 -0.012074 0.00191722 0.000687204 0.00309125 -0.00598546 -0.00895323 0.00507163
internal_weight=1389.17 517.477 481.996 466.262 68.034 398.228 64.7844 39.2592 333.444 299.188 221.918 77.2697 64.7257 189.249
internal_count=9175 4528 4313 4194 695 3499 510 292 2989 2675 1864 811 676 1625
is_linear=0
shrinkage=0.03


Tree=330
num_leaves=15
num_cat=0
split_feature=16 16 6 5 6 16 23 7 16 23 0 6 9 6
split_gain=2.77343 3.00475 3.68057 3.4899 3.29487 6.15744 4.98945 5.87291 5.91281 6.58794 5.0841 4.6151 5.76021 4.44597
threshold=5.8299212842645742 5.7307447370594149 13.050000000000002 60.050000000000004 5.9500000000000011 5.5922422850595153 1.9500000000000002 3.2500000000000004 5.4095298957668989 3.0500000000000003 7.5000000000000009 2.9500000000000006 2.1250000000000004 5.1500000000000012
decision_type=10 10 2 2 2 10 2 2 10 2 2 2 2 2
left_child=1 4 3 -3 5 6 10 8 9 -8 11 12 -1 -9
right_child=-2 2 -4 -5 -6 -7 7 13 -10 -11 -12 -13 -14 -15
leaf_value=0.015865360133637558 0.0031512833701257455 -0.015058046576588999 0.0022816480241718983 -0.0018284145009949187 -0.0015655062204142523 0.010424278713096034 -0.011196059021562817 -0.00067638248201988863 -0.019309666867728469 0.0047110561301702304 0.017931474343902652 -0.0032923388757813018 -0.005169845207077744 0.014272318750080159
leaf_weight=28.922417338937521 173.07540087029338 37.130717348307371 34.337746404111385 33.989533588290215 732.55917784199119 58.095197148621082 40.816469494253397 80.399465121328831 23.114838197827339 43.751569006592035 17.279718466103077 60.498981900513172 14.875047534704207 17.888781644403934
leaf_count=273 976 206 182 219 4708 351 359 554 149 329 87 590 143 114
internal_value=-0.000349331 -0.00085527 -0.00557624 -0.0092708 -0.000387192 0.0018425 0.000186549 -0.00264144 -0.00733191 -0.00316288 0.00489274 0.002011 0.00892342 0.00260352
internal_weight=1396.74 1223.66 105.458 71.1203 1118.2 385.642 327.547 205.971 107.683 84.568 121.576 104.296 43.7975 98.2882
internal_count=9240 8264 607 425 7657 2949 2598 1505 837 688 1093 1006 416 668
is_linear=0
shrinkage=0.03


Tree=331
num_leaves=15
num_cat=0
split_feature=6 6 12 6 11 5 5 16 8 7 16 12 15 6
split_gain=1.76581 2.24502 2.58111 4.2575 5.23419 5.31528 4.68356 5.18388 5.36183 3.49551 3.36782 4.42133 3.27483 3.0605
threshold=24.150000000000002 20.850000000000005 73.15000000000002 13.850000000000003 4.1500000000000012 53.750000000000007 54.850000000000001 5.7307447370594149 58.750000000000007 1.5500000000000003 5.4923076668908521 71.250000000000014 11.550000000000002 3.9500000000000006
decision_type=2 2 2 2 2 2 2 10 2 2 10 2 8 2
left_child=1 2 10 4 6 -6 -4 8 -8 -7 -1 -12 -11 -10
right_child=-2 -3 3 -5 5 9 7 -9 13 12 11 -13 -14 -15
leaf_value=-0.00045976980864674934 -0.0037323061606263888 0.0063144777619051741 -0.010992618597414645 -0.0092025360147056472 0.016064690748071559 0.010640464986518331 0.010678359933331669 -0.012598697859573672 0.0055006220265756672 0.0065353012197091878 0.0019663238864507438 0.011645917669561023 -0.007120000876478111 -0.0060192273693276338
leaf_weight=525.67745338752866 89.232411459088326 52.540956124663353 47.778167326003313 55.023711517453194 23.216230485588312 19.035386044532061 37.841834757477045 21.386037673801184 26.537723805755377 19.102232865989208 335.89226453378797 44.232200611382723 42.506734285503626 57.310774248093367
leaf_count=3925 464 287 272 341 126 150 230 140 234 140 1914 253 295 463
internal_value=0.000235704 0.000519568 0.000252982 -0.00191909 -0.000428424 0.004853 -0.00335302 -0.00051686 0.00201985 0.00087589 0.00109757 0.00322924 -0.00271334 -0.00226887
internal_weight=1397.31 1308.08 1255.54 349.739 294.715 103.861 190.855 143.076 121.69 80.6444 905.802 380.124 61.609 83.8485
internal_count=9234 8770 8483 2391 2050 711 1339 1067 927 585 6092 2167 435 697
is_linear=0
shrinkage=0.03


Tree=332
num_leaves=15
num_cat=0
split_feature=11 17 4 11 13 10 15 15 16 4 11 23 15 18
split_gain=1.88817 4.40009 8.92363 5.13712 4.20818 7.19958 5.95278 5.60891 4.04103 4.16823 4.68035 5.57842 4.51284 5.68202
threshold=3.8500000000000001 0.32500000000000007 5.4945393030463574 4.0500000000000007 3.5500000000000003 0.67500000000000016 6.8500000000000005 10.450000000000001 5.9314393085257562 5.3062373287257953 5.6500000000000012 4.3500000000000005 11.850000000000003 27.500000000000004
decision_type=2 10 2 2 2 2 8 8 10 2 2 2 10 10
left_child=-1 3 -3 -2 5 7 -6 -5 9 12 11 -11 13 -8
right_child=1 2 -4 4 6 -7 8 -9 -10 10 -12 -13 -14 -15
leaf_value=-0.0015280855609075921 0.012566274858433292 0.0046555334045460823 -0.017123917220239784 0.024276606178915337 -0.010252221696148549 -0.00065829452514788722 0.012843943106722504 0.0049365908879814039 -0.010875168004263783 0.011409776973009012 -0.00089167477923867702 -0.0052218866359954206 -0.017497499441860333 -0.012010819377652904
leaf_weight=841.49274071864784 31.236675664782524 29.934864234179258 29.522074118256569 18.915657911449671 48.682389382272959 85.289959453046322 13.162219747900965 38.957724526524544 19.755331050604582 80.332736030220985 105.16667430847883 19.87434534355998 14.350593250244854 10.282021176069973
leaf_count=5565 203 258 183 119 405 464 148 221 120 499 640 99 164 115
internal_value=-0.000640431 0.000730406 -0.00664805 0.00169158 0.000816092 0.00498203 -0.00114635 0.0126857 0.000699539 0.00184005 0.00354371 0.00801977 -0.00674993 0.00174815
internal_weight=1386.96 545.463 59.4569 486.006 454.77 143.163 311.606 57.8734 262.924 243.169 205.374 100.207 37.7948 23.4442
internal_count=9203 3638 441 3197 2994 804 2190 340 1785 1665 1238 598 427 263
is_linear=0
shrinkage=0.03


Tree=333
num_leaves=15
num_cat=0
split_feature=8 8 16 8 10 12 11 11 10 12 16 11 12 10
split_gain=1.91428 5.57723 5.09279 4.03425 3.63343 4.12928 3.56846 2.73963 2.50575 2.56128 2.26982 2.78761 2.18234 2.53821
threshold=71.550000000000011 69.450000000000017 5.4885597986431112 68.65000000000002 0.28500000000000009 68.65000000000002 2.0500000000000003 3.2500000000000004 0.60500000000000009 69.15000000000002 5.2986489490116702 2.1500000000000008 66.850000000000009 1.2450000000000003
decision_type=2 2 10 2 2 2 2 2 2 2 8 2 2 2
left_child=1 3 4 -1 5 -2 -4 -5 9 -6 -3 -12 -10 -14
right_child=2 10 6 7 8 -7 -8 -9 12 -11 11 -13 13 -15
leaf_value=6.5169349002250059e-05 -0.0027293569541687029 0.00022675314020690845 -0.00029200950363117033 0.016233072305270404 -0.00070152696631293142 0.018139868543867024 0.015447672302923203 0.00019623078446963032 -0.0059049862375491601 -0.018444593785992447 -0.0013369827966877269 -0.01614302224307557 0.010765396578225526 -0.0042853217614929303
leaf_weight=1119.8339107446373 14.523477107286455 21.292557537555695 18.859814204275608 18.819017589092255 13.758755486458542 12.413535285741089 35.220647267997265 16.253023099154234 25.699960386380553 11.722179915755985 18.221325732767582 30.912498794496059 19.489470105618238 13.513990938663481
leaf_count=6958 144 211 127 143 135 122 222 123 244 113 133 240 175 111
internal_value=0.000299294 -0.000114351 0.0032806 0.000400145 -0.00048211 0.00822221 0.0103985 0.00975309 -0.00357211 -0.0105506 -0.00801869 -0.0112828 4.73696e-05 0.00484957
internal_weight=1390.53 1225.33 165.202 1154.91 111.121 26.937 54.0805 35.072 84.1844 25.4809 70.4264 49.1338 58.7034 33.0035
internal_count=9201 7808 1393 7224 1044 266 349 266 778 248 584 373 530 286
is_linear=0
shrinkage=0.03


Tree=334
num_leaves=15
num_cat=0
split_feature=24 16 16 10 13 11 7 23 11 13 7 5 15 11
split_gain=1.94777 2.07806 4.96587 5.7802 3.0858 4.09716 2.75648 2.55002 3.89783 4.93696 5.29729 4.75294 5.83682 3.75231
threshold=1.0000000180025095e-35 5.8197412955975762 6.0394864804899884 0.27500000000000008 3.4500000000000006 4.8500000000000005 3.6500000000000008 4.0500000000000007 3.1500000000000008 2.7500000000000004 4.2500000000000009 54.850000000000001 33.050000000000004 1.7500000000000002
decision_type=2 10 10 2 2 2 2 2 2 2 2 2 8 2
left_child=1 7 3 -3 -5 6 -6 -1 11 -10 -11 -9 13 -13
right_child=-2 2 -4 4 5 -7 -8 8 9 10 -12 12 -14 -15
leaf_value=-0.0013487490220202437 0.0060477107053245145 0.017197225457278236 -0.0066734052602922733 0.0087014620388903736 0.0089885457709709665 -0.010868742299713003 -0.0031853674952609483 -0.0023829312320164486 0.0095206895721453213 0.001660144284395496 -0.010472733307854212 -0.0024467834155609178 0.01890759587397178 0.010868714784262117
leaf_weight=873.00110258348286 43.49438102543354 24.77755368500948 34.51421357691288 38.727208085358143 28.932382959872484 22.016122706234455 29.229784846305847 47.626008987426758 24.657064542174339 66.447528500109911 56.092084195464849 39.987148080021143 29.933021314442158 29.023437649011612
leaf_count=6411 205 139 210 192 177 128 157 228 113 381 291 218 163 160
internal_value=0.000140859 -7.18524e-05 0.00289974 0.0053464 0.00228261 -0.00114657 0.00310262 -0.000536133 0.00186092 -0.00156923 -0.00408648 0.00524388 0.00885304 0.00350919
internal_weight=1388.46 1344.96 178.197 143.683 118.905 80.1783 58.1622 1166.77 293.766 147.197 122.54 146.57 98.9436 69.0106
internal_count=9173 8968 1003 793 654 462 334 7965 1554 785 672 769 541 378
is_linear=0
shrinkage=0.03


Tree=335
num_leaves=15
num_cat=0
split_feature=12 12 6 10 6 10 10 9 15 24 7 8 11 23
split_gain=2.49498 2.49469 3.88503 3.44875 2.85751 1.70018 2.66394 2.27292 2.43624 2.15567 1.86982 1.6822 2.19072 5.12366
threshold=88.250000000000014 55.250000000000007 8.7500000000000018 0.95500000000000007 12.65 2.4050000000000007 2.0950000000000002 6.9450000000000012 46.650000000000013 1.0000000180025095e-35 3.8500000000000001 44.550000000000004 0.95000000000000007 2.6500000000000008
decision_type=2 2 2 2 2 2 2 2 10 2 2 2 2 2
left_child=1 2 3 -1 -4 6 7 8 9 11 -7 -3 13 -13
right_child=-2 5 4 -5 -6 10 -8 -9 -10 -11 -12 12 -14 -15
leaf_value=-0.007230486608014443 0.0095568375977864561 0.0052041958411250429 0.016547458717720086 0.0065894989019501995 0.0027627496361373638 -3.8332375160750493e-05 0.0065413120534806163 0.0063522560209113947 -0.0080047687865341579 0.0058385925767171073 -0.010636546390456544 -0.0038310345382838646 -0.0018429698563289798 0.0066321003283049389
leaf_weight=34.362286891788244 18.099947586655617 32.863796971738338 21.722864165902138 22.864782974123955 32.461614787578583 28.150926232337952 41.286561213433743 33.785366512835026 38.512475967407227 37.955993913114071 27.116284735500813 72.563015181571245 864.18550633452833 87.974517863243818
leaf_count=262 115 161 124 136 175 146 223 166 187 178 131 581 6110 526
internal_value=-0.000222412 -0.000385207 0.00382006 -0.00162298 0.0092202 -0.000769339 -0.000521953 -0.000798482 -0.00103846 -0.000758316 -0.00568928 -0.00102143 -0.0012454 0.00192989
internal_weight=1393.91 1375.81 111.412 57.2271 54.1845 1264.39 1209.13 1167.84 1134.06 1095.54 55.2672 1057.59 1024.72 160.538
internal_count=9221 9106 697 398 299 8409 8132 7909 7743 7556 277 7378 7217 1107
is_linear=0
shrinkage=0.03


Tree=336
num_leaves=15
num_cat=0
split_feature=4 7 4 13 17 5 11 5 4 8 18 12 4 4
split_gain=1.56367 4.83023 3.36712 8.28578 6.35952 5.77771 5.3936 4.66458 4.40703 3.76821 3.24763 2.9331 2.72678 8.1848
threshold=4.8450297401007179 1.8500000000000003 5.1945906263027615 4.7500000000000009 0.16500000000000004 61.45000000000001 4.1500000000000012 67.050000000000011 5.2426196655796176 69.550000000000011 203.50000000000003 52.050000000000004 5.6126058646306207 5.5880637467126633
decision_type=2 2 2 2 10 2 2 2 2 2 8 2 2 2
left_child=1 -1 3 5 9 -2 7 -7 -4 -5 -10 -12 13 -13
right_child=2 -3 8 4 -6 6 -8 -9 10 -11 11 12 -14 -15
leaf_value=0.0048559914998135565 -0.015570142207698078 -0.011604267114981467 -0.01170814352071217 0.011012145588459952 0.026336087064657485 0.021033852098461488 -0.0099374512268889017 -0.0021868439796885924 -0.0047450871926788419 -0.006173117799255513 0.0078130499940297082 0.0010449985861645315 -0.00040146902758250627 0.016760477761919877
leaf_weight=25.249920859932899 16.251886881887913 30.690879767760634 22.96885247901082 27.656333230435848 16.307927947491407 12.596825350075962 12.73335976526141 12.433724749833344 98.597833685576916 13.736970625817774 46.347628433257341 230.06826021149755 801.49994403868914 29.412643171846867
leaf_count=309 166 387 220 247 130 126 137 133 649 155 257 1867 4278 181
internal_value=0.000316435 -0.00438578 0.000528216 0.0053977 0.0128405 -0.00296726 0.00364279 0.0110555 6.54603e-05 0.00525832 0.000337126 0.000808947 0.00046777 0.00310956
internal_weight=1396.55 55.9408 1340.61 111.717 57.7012 54.0158 37.7639 25.0306 1228.9 41.3933 1205.93 1107.33 1060.98 259.481
internal_count=9242 696 8546 1094 532 562 396 259 7452 402 7232 6583 6326 2048
is_linear=0
shrinkage=0.03


Tree=337
num_leaves=15
num_cat=0
split_feature=8 7 8 0 7 6 13 13 16 11 7 6 13 12
split_gain=2.12004 4.07843 3.55047 2.58679 2.85236 3.60192 7.13266 3.83923 2.65456 2.40791 2.31304 4.05607 2.90117 4.85599
threshold=74.850000000000009 1.3500000000000003 78.950000000000017 3.5000000000000004 2.7500000000000004 5.4500000000000011 5.2500000000000009 4.6500000000000012 3.7890163210558887 3.1500000000000008 12.550000000000002 9.8500000000000032 5.6500000000000012 69.350000000000009
decision_type=2 2 2 2 2 2 2 2 8 2 2 2 2 2
left_child=3 -2 -3 4 5 7 8 -1 -7 -9 12 -12 -5 -14
right_child=1 2 -4 10 -6 6 -8 9 -10 -11 11 -13 13 -15
leaf_value=0.013406639959034381 -0.0062871111272995309 0.013186083570378454 -0.00088657689022415679 0.0011332025292257874 -0.0076010783720482028 -0.0010092655316988914 0.0074093850300153384 0.0050568935904119769 -0.018063683146386317 -0.0099230372126310005 0.002785696356585913 -0.013280471087824602 -0.0089854616067172703 0.0030576388654372055
leaf_weight=22.135352052748203 19.758940637111664 39.164665441960096 24.483052603900433 953.82810322567821 79.6989143230021 12.55908117443323 21.336196389049292 16.514299586415294 22.697740368545055 12.773836378008125 24.314422801136971 24.626055561006069 64.45819116383791 49.756335884332657
leaf_count=263 192 319 215 5343 906 138 221 169 275 151 127 128 402 318
internal_value=3.45519e-05 0.00453086 0.00810253 -0.000269087 -0.00347919 -0.000236169 -0.00524264 0.00524992 -0.0128685 -0.0019708 0.00028349 -0.0057802 0.000586983 -0.00383082
internal_weight=1388.11 83.4067 63.6477 1304.7 187.715 108.017 56.593 51.4235 35.2568 29.2881 1116.98 48.9405 1068.04 114.215
internal_count=9167 726 534 8441 2123 1217 634 583 413 320 6318 255 6063 720
is_linear=0
shrinkage=0.03


Tree=338
num_leaves=15
num_cat=0
split_feature=4 10 8 4 8 11 16 8 11 23 11 11 11 18
split_gain=2.20823 3.48612 1.95274 3.77152 3.60742 3.54802 4.2122 3.09019 4.63807 6.07837 2.63717 5.19002 2.57431 6.5684
threshold=6.2663935011327005 0.82500000000000007 71.550000000000011 5.5284249487085555 69.750000000000014 1.9500000000000002 4.0625442494750397 67.850000000000009 2.0500000000000003 2.0500000000000003 1.9500000000000002 4.8500000000000005 2.6500000000000008 323.50000000000006
decision_type=2 2 2 2 2 2 8 2 2 2 2 2 2 10
left_child=2 -2 4 5 7 6 -4 12 -9 -10 -5 -12 13 -1
right_child=1 -3 3 10 -6 -7 -8 8 9 -11 11 -13 -14 -15
leaf_value=-0.0036805177136073368 -0.0023487157474656921 0.0099754252652630351 0.01577044522943391 -0.00071398910824126854 -0.0081037314580768519 -0.0064848918222667274 -0.0048213481150706739 0.0135832711530436 0.010909447740898592 -0.0083346135513919818 0.017075540057185347 -0.0010799270572182309 0.00020826116132630895 0.012344459083027561
leaf_weight=414.79558263719082 34.762355849146843 40.820746682584286 13.072268363088371 28.028173793107271 56.60767762362957 52.994611894711852 14.178205795586107 28.36744386702776 19.606363389641047 31.998688671737909 32.670580014586449 21.811243157833815 586.06035440415144 19.528058346360922
leaf_count=2614 147 174 137 172 479 594 149 221 175 238 191 131 3686 115
internal_value=-0.000310127 0.00451324 -0.000602363 0.00242713 -0.00103715 -0.00215315 0.00597024 -0.000638593 0.00486406 -0.000705378 0.0067502 0.0103274 -0.00109148 -0.00282771
internal_weight=1395.3 75.5831 1319.72 162.755 1156.96 80.2451 27.2505 1100.36 79.9725 51.6051 82.51 54.4818 1020.38 434.324
internal_count=9223 321 8902 1374 7528 880 286 7049 634 413 494 322 6415 2729
is_linear=0
shrinkage=0.03


Tree=339
num_leaves=15
num_cat=0
split_feature=12 12 7 5 6 11 7 12 12 9 13 11 17 6
split_gain=2.42025 4.66105 3.63963 4.65259 4.87976 4.34933 4.23997 3.94421 3.61661 4.65397 4.09296 5.70614 3.99042 4.52001
threshold=64.550000000000011 64.950000000000017 8.7500000000000018 51.650000000000013 9.5500000000000025 4.4500000000000011 12.350000000000003 72.250000000000014 69.550000000000011 6.4250000000000007 5.1500000000000012 3.9500000000000006 0.32500000000000007 10.450000000000001
decision_type=2 2 2 2 2 2 2 2 2 2 2 2 10 2
left_child=-1 -2 3 4 7 6 -4 -3 10 -10 12 -12 13 -5
right_child=1 2 5 8 -6 -7 -8 -9 9 -11 11 -13 -14 -15
leaf_value=-0.0018057134625260715 0.012643772303628295 -0.0064258983226767648 0.0056918636363134144 0.011581568663733945 -0.01202809909339842 0.012934655528892443 -0.0085710577245755575 0.008379310545159906 -0.0015730039237786216 0.01260370780210438 -0.010587735167441248 0.0073562080347148303 -0.0053706154698095806 0.00078677669928747199
leaf_weight=473.6929515376687 24.079504791647196 30.25717680901289 50.014894817024469 92.804898273199797 52.789449997246265 38.220503017306328 23.503738887608051 24.965130772441626 434.81226423755288 16.899984009563923 32.567875374108553 23.14715214818716 20.744208998978138 55.487771596759558
leaf_count=3151 152 165 271 627 269 201 123 140 3155 90 254 177 142 321
internal_value=-7.42322e-05 0.000821935 0.00043592 -0.000297684 -0.00593362 0.00537842 0.000876608 0.000407293 0.000639145 -0.000910432 0.00370556 -0.00314094 0.00598759 0.00769981
internal_weight=1393.99 920.295 896.215 784.476 108.012 111.739 73.5186 55.2223 676.464 451.712 224.752 55.715 169.037 148.293
internal_count=9238 6087 5935 5340 574 595 394 305 4766 3245 1521 431 1090 948
is_linear=0
shrinkage=0.03


Tree=340
num_leaves=15
num_cat=0
split_feature=11 13 5 9 15 7 15 9 16 10 11 16 15 10
split_gain=1.39557 1.75169 5.38093 5.09545 4.62604 5.33138 4.22431 4.62309 4.40117 7.27897 4.01893 4.93032 4.52155 3.76205
threshold=0.15000000000000005 4.0500000000000007 47.850000000000001 0.76500000000000012 4.2500000000000009 4.5500000000000007 8.2500000000000018 3.5550000000000002 5.6558421506354541 0.77500000000000013 0.45000000000000007 3.456365926939355 10.15 0.50500000000000012
decision_type=2 2 2 2 8 2 8 2 10 2 2 8 10 2
left_child=-1 3 -3 -2 5 -4 7 8 9 -5 12 -12 -6 -13
right_child=1 2 4 6 10 -7 -8 -9 -10 -11 11 13 -14 -15
leaf_value=-0.0054598050292156029 -0.0041163723350007468 -0.011171214620080496 -0.014919245229874162 0.028207709760517848 -0.0014485034452701735 0.0052435746564472125 0.0015490748007772801 -0.0017129668046105338 0.00091152896284276688 0.0030475728311262556 -0.012437239441379873 -0.0026179178426305278 0.018378771899839816 0.0023331745088243697
leaf_weight=32.774739902466536 111.19665520265698 35.894046250730753 31.462771702557802 21.731534019112587 17.270922802388668 14.371898889541624 414.21006797067821 25.963969558477402 19.867518909275532 19.089758742600679 22.074253756552935 204.97329988703132 18.529811773449183 399.36753075197339
leaf_count=233 706 190 290 157 134 107 2376 149 121 119 200 1603 120 2684
internal_value=0.00022951 0.000386574 -0.000590201 0.00156898 2.07681e-05 -0.0087031 0.0028594 0.00869671 0.0129416 0.0180582 0.000685277 9.03339e-05 0.00980839 0.000646218
internal_weight=1388.78 1356 743.945 612.06 708.05 45.8347 500.863 86.6528 60.6888 40.8213 662.216 626.415 35.8007 604.341
internal_count=9189 8956 5328 3628 5138 397 2922 546 397 276 4741 4487 254 4287
is_linear=0
shrinkage=0.03


Tree=341
num_leaves=15
num_cat=0
split_feature=6 13 16 8 6 6 4 15 23 10 16 10 16 13
split_gain=1.52106 3.77235 2.89608 2.25726 3.23153 5.06695 4.00919 4.09591 4.45779 5.81998 6.60601 6.10442 4.68513 4.20713
threshold=25.950000000000003 3.4500000000000006 5.6019584573009249 61.050000000000004 9.6500000000000004 8.7500000000000018 6.0395606314888619 3.6500000000000008 2.2500000000000004 0.60500000000000009 5.1635399888228397 0.37500000000000006 5.4004040358472851 3.6500000000000008
decision_type=2 2 8 2 2 2 2 8 2 2 10 2 8 2
left_child=3 -2 -3 -1 5 6 7 -5 12 11 -11 -10 13 -9
right_child=1 2 -4 4 -6 -7 -8 8 9 10 -12 -13 -14 -15
leaf_value=0.0013296831180762887 -0.012736850945639014 0.0082705348383922666 -0.0055459972780146152 0.0097796786902129493 -0.0039870959786592547 0.011025872388086002 0.0081609526704191429 0.0081809862074287091 -0.0057307786278092505 -0.0025028742763734835 -0.018126397230544326 0.010815407060873857 0.0049664445092786162 -0.0089422158979027954
leaf_weight=673.30223054438829 24.04844381660223 20.779037043452263 24.14419462531805 21.627282220870256 226.89359560236335 31.999273460358381 37.378429561853409 12.60640963166952 48.580312255769968 50.379689179360867 45.806258521974087 27.094556000083685 101.47952449694276 49.941641211509705
leaf_count=3868 117 112 128 216 1579 230 169 117 394 410 322 219 849 519
internal_value=-0.000117615 -0.00430452 0.00103304 0.000115328 -0.00113588 0.000408162 -0.000579321 -0.00159308 -0.00245805 -0.00576433 -0.0104712 0.000496546 0.00107416 -0.00514097
internal_weight=1396.06 68.9717 44.9232 1327.09 653.787 426.893 394.894 357.516 335.888 171.861 96.1859 75.6749 164.028 62.5481
internal_count=9249 357 240 8892 5024 3445 3215 3046 2830 1345 732 613 1485 636
is_linear=0
shrinkage=0.03


Tree=342
num_leaves=15
num_cat=0
split_feature=1 8 6 4 19 10 4 9 16 16 9 4 9 15
split_gain=1.90476 3.27487 3.00173 6.65903 3.1899 3.05826 3.23079 4.97113 3.99434 9.70564 3.6176 2.98209 2.91909 2.83863
threshold=1.0000000180025095e-35 46.050000000000004 6.1500000000000012 6.1903464077001455 1.5000000000000002 0.17500000000000002 5.9011560589897689 1.4850000000000001 5.5082076464297929 5.6946108335098904 0.70500000000000007 5.8028359520302306 2.7350000000000008 29.450000000000003
decision_type=2 2 2 2 2 2 2 2 10 10 2 2 2 8
left_child=1 -1 3 5 13 -2 7 10 12 -10 -7 -6 -9 -4
right_child=2 -3 4 -5 11 6 -8 8 9 -11 -12 -13 -14 -15
leaf_value=0.012350385459649353 -0.012969412783017597 0.00084826844721734053 -0.0015590543983576778 0.0097895923165728094 -0.0020392738849713743 0.0006893130891797712 -0.0081760826106073384 0.0044973861495865913 0.02211624398414621 -0.0030708366175575207 -0.013213428961063142 0.011587690403213056 -0.010250988207810107 0.0036296303746084463
leaf_weight=18.418873302638531 32.140478763729334 484.79003128409386 427.85613830760121 26.370174884796143 20.503728702664375 29.774746518582106 80.107498057186604 19.62777005136013 21.30557219311595 26.678194671869278 32.422586016356945 35.242198325693607 19.523130785673857 116.59256191924214
leaf_count=90 277 3465 2646 113 156 266 406 194 153 199 294 169 187 590
internal_value=-7.98998e-05 0.00138665 -0.000913932 -0.00340354 0.000298738 -0.00489223 -0.00350828 -0.000820529 0.00373232 0.00914435 -0.00700191 0.00682029 -0.00318512 -0.00042499
internal_weight=1391.35 503.209 888.145 287.95 600.195 261.58 229.439 149.332 87.1347 47.9838 62.1973 55.7459 39.1509 544.449
internal_count=9205 3555 5650 2089 3561 1976 1699 1293 733 352 560 325 381 3236
is_linear=0
shrinkage=0.03


Tree=343
num_leaves=15
num_cat=0
split_feature=5 13 6 6 9 5 13 8 7 5 5 12 4 10
split_gain=2.05311 5.17342 4.41959 8.15447 5.7125 3.70199 3.28818 2.44109 4.09309 3.34801 3.12519 3.66343 2.38089 4.51804
threshold=66.450000000000017 6.0500000000000007 2.1500000000000008 6.4500000000000011 3.7750000000000004 65.950000000000017 6.4500000000000011 61.95000000000001 2.8500000000000001 69.350000000000009 68.550000000000011 69.250000000000014 5.7126000344781183 2.0950000000000002
decision_type=2 2 2 2 2 2 2 2 2 2 2 2 2 2
left_child=5 2 -2 4 -4 12 -3 10 -9 -10 -5 -12 -1 -14
right_child=1 6 3 7 -6 -7 -8 8 9 -11 11 -13 13 -15
leaf_value=0.0019772372068893071 0.0085114365262337118 0.01646582362481509 -0.015416984378429267 0.011129424561292759 0.0045365057865105213 0.010464351862785451 -0.0011051261755749028 -0.011419091911962952 -0.0066771808665718893 0.0097139869146811893 0.0059715476571452165 -0.01017983512205109 -0.0017444170976256069 0.0060926422795407895
leaf_weight=449.82640975154936 19.138915002346039 15.013448040932415 70.303304553031921 24.133450735360384 13.229125615209339 28.340032696723938 17.269158691167831 31.186936605721712 15.638103242963551 20.109647542238235 22.769376043230295 18.338166706264019 573.965252391994 69.827288568019867
leaf_count=3504 183 119 652 146 105 215 157 273 125 163 158 125 2927 326
internal_value=5.13785e-05 -0.00228749 -0.00386672 -0.00513293 -0.0121792 0.000615924 0.00817882 -0.000398216 -0.00426931 0.00260408 0.00359457 -0.0015562 0.000314248 -0.000853988
internal_weight=1389.09 267.13 234.847 215.708 83.5324 1121.96 32.2826 132.176 66.9347 35.7478 65.241 41.1075 1093.62 643.793
internal_count=9178 2206 1930 1747 757 6972 276 990 561 288 429 283 6757 3253
is_linear=0
shrinkage=0.03


Tree=344
num_leaves=15
num_cat=0
split_feature=12 12 19 9 15 9 6 15 15 23 6 16 11 15
split_gain=2.06777 1.5475 2.87866 5.10959 5.94479 3.33203 4.02572 5.10256 5.92334 4.73909 4.25076 4.43169 4.14525 7.05277
threshold=88.250000000000014 69.65000000000002 1.0000000180025095e-35 1.135 25.450000000000003 3.2550000000000003 7.1500000000000012 22.050000000000004 32.45000000000001 1.2500000000000002 10.250000000000002 5.6049363209762273 4.4500000000000011 8.5500000000000025
decision_type=2 2 2 2 8 2 2 10 10 2 2 10 2 10
left_child=1 -1 5 -4 -5 6 9 10 -9 -3 12 -12 13 -8
right_child=-2 2 3 4 -6 -7 7 8 -10 -11 11 -13 -14 -15
leaf_value=0.00028966852566576919 0.0083732325973574755 0.0025361683659240399 0.013115512304046598 -0.0083226382398468562 0.0083506761172517357 0.0014164824639917748 -0.0096797666965502526 -0.016893181234554577 0.0019674040037320453 -0.010263067142049909 -0.0062816692313367372 0.006675475711923712 0.018286576511418458 0.014315001360561188
leaf_weight=796.28107644803822 18.675356637686491 30.480962887406349 25.763880152255297 41.38593403249979 28.002073008567095 129.36108418926597 19.206457708030939 29.289077065885067 24.949923016130924 123.49229843169451 67.392718829214573 30.641193151473999 17.148068800568581 15.298304829746483
leaf_count=5230 119 279 181 281 159 790 154 162 124 928 462 176 121 110
internal_value=-0.000421385 -0.000570341 -0.00173861 0.00292576 -0.00148497 -0.00266994 -0.00414612 -0.00132049 -0.00878354 -0.00772922 0.00158026 -0.00210441 0.00814204 0.00142407
internal_weight=1397.37 1378.69 582.412 95.1519 69.388 487.26 357.899 203.926 54.239 153.973 149.687 98.0339 51.6528 34.5048
internal_count=9276 9157 3927 621 440 3306 2516 1309 286 1207 1023 638 385 264
is_linear=0
shrinkage=0.03


Tree=345
num_leaves=15
num_cat=0
split_feature=5 23 8 13 13 7 0 9 11 4 5 13 8 11
split_gain=1.53017 1.45965 6.51363 5.33908 4.28576 5.52429 5.01001 5.73169 4.5256 4.38683 5.65217 4.36114 5.39949 3.87414
threshold=44.850000000000001 2.5500000000000003 52.150000000000013 2.2500000000000004 3.1500000000000008 1.8500000000000003 4.5000000000000009 4.5750000000000011 2.7500000000000004 5.3680841043302543 66.550000000000011 4.1500000000000012 65.750000000000014 1.7500000000000002
decision_type=2 2 2 2 2 2 2 2 2 2 2 2 2 2
left_child=-1 2 -2 -4 8 9 11 13 -5 10 -6 -7 -13 -8
right_child=1 -3 3 4 5 6 7 -9 -10 -11 -12 12 -14 -15
leaf_value=0.005810424657899692 -0.008138042212231621 -0.00099383234780413472 -0.011978296125673886 0.00026344548869777843 0.0089796821938931664 -0.010303840112681279 0.0014485145630774318 -0.0061363392917502899 0.017259592123308673 -0.0079981106956446731 -0.0084917989335953747 0.010045927088664844 -0.0039609020717571788 0.012505369121046765
leaf_weight=34.39440119639039 57.373004078865051 808.0613051969558 18.11085956916213 23.82946353033185 39.536643460392952 26.549674261361361 40.767267100512981 21.029765624552965 30.100624050945044 72.221444044262171 21.88909163326025 40.892667569220066 49.572285160422325 102.51202829182148
leaf_count=163 353 4776 123 175 390 303 253 132 201 518 254 394 548 618
internal_value=-1.82137e-05 -0.000187299 0.00100803 0.00215725 0.00282384 0.00172584 0.00408922 0.00738912 0.0104092 -0.00321707 0.00258316 -0.00065733 0.00256512 0.00951429
internal_weight=1386.84 1352.45 544.385 487.012 468.901 414.971 281.324 164.309 53.9301 133.647 61.4257 117.015 90.465 143.279
internal_count=9201 9038 4262 3909 3786 3410 2248 1003 376 1162 644 1245 942 871
is_linear=0
shrinkage=0.03


Tree=346
num_leaves=15
num_cat=0
split_feature=24 12 9 5 16 9 12 9 6 7 19 11 7 11
split_gain=2.19569 2.16859 4.79393 4.57316 4.00731 4.73874 3.54617 3.59433 4.251 6.54043 5.6958 5.49351 6.19668 4.69004
threshold=1.0000000180025095e-35 66.050000000000011 4.7250000000000005 45.95000000000001 5.8299212842645742 1.8250000000000004 66.65000000000002 3.2350000000000008 7.1500000000000012 2.5500000000000003 1.0000000180025095e-35 3.6500000000000008 1.7500000000000002 1.9500000000000002
decision_type=2 2 2 2 10 2 2 2 2 2 2 2 2 2
left_child=1 2 4 -3 -1 -6 -5 8 10 11 -8 12 -10 -11
right_child=-2 3 -4 6 5 -7 7 -9 9 13 -12 -13 -14 -15
leaf_value=-0.0014613315325933643 0.0064033357708786808 0.011395804299397056 -0.0086544240386288891 0.0095009561810487937 -0.0010276387104967248 0.014935171060450315 -0.0063209427726151667 0.0033429023635121744 -0.0062725952659971555 0.0044882849698386863 0.0060100434224338887 0.013358204612671102 0.012337848841018734 -0.0054258192727349884
leaf_weight=417.09886192530394 44.386063441634178 31.073538921773434 67.897261533886194 32.191443484276533 34.576578870415688 26.390571475028992 195.50153248012066 204.2777801156044 40.565958801656961 58.329583138227463 36.391376819461584 51.631957206875086 19.905887294560671 131.06477526947856
leaf_count=2926 211 147 407 212 195 141 1525 1241 293 372 273 348 133 808
internal_value=0.000190555 -3.7109e-05 -0.0014875 0.000954656 -0.000390574 0.0064904 0.000462409 6.66287e-06 -0.00129023 0.00105693 -0.00429981 0.00664342 0.000327901 -0.00233557
internal_weight=1391.28 1346.9 545.963 800.934 478.066 60.9672 769.86 737.669 533.391 301.498 231.893 112.104 60.4718 189.394
internal_count=9232 9021 3669 5352 3262 336 5205 4993 3752 1954 1798 774 426 1180
is_linear=0
shrinkage=0.03


Tree=347
num_leaves=15
num_cat=0
split_feature=5 9 5 13 15 5 7 23 9 15 15 18 16 8
split_gain=1.8694 1.81085 8.55501 5.44917 5.68416 8.70379 4.20801 5.07922 4.11801 7.43951 4.1427 4.06415 5.4776 4.04249
threshold=43.150000000000013 3.4950000000000006 51.650000000000013 2.5500000000000003 15.450000000000001 68.350000000000009 1.9500000000000002 3.7500000000000004 2.8750000000000004 13.250000000000002 25.650000000000002 295.50000000000006 5.7056849931610509 56.45000000000001
decision_type=2 2 2 2 8 2 2 2 2 10 10 8 8 2
left_child=-1 8 -3 -4 -5 6 -6 13 -2 11 -11 -10 -13 -8
right_child=1 2 3 4 5 -7 7 -9 9 10 -12 12 -14 -15
leaf_value=0.0078322317161755427 -0.00063312457328736234 -0.013083443020964418 0.010928960034775745 -0.0075206026458700193 -0.0034795033501475634 -0.014727801110661151 0.00078079533252521822 -0.0015069206288030052 -0.00080688067352510402 -0.0095363919822483139 0.005702121065072935 0.0059634366031576427 0.025833176224319097 0.017072820144021929
leaf_weight=19.474576540291309 910.66677328199148 51.614637188613415 29.3816900216043 91.886128436774015 39.330830007791519 19.953644655644894 19.746472783386707 34.260263625532389 18.880952000617981 31.953400228172541 23.984712496399879 33.226611915975809 19.99429152905941 43.830395482480526
leaf_count=93 6302 267 153 645 237 147 110 173 132 209 125 224 118 271
internal_value=-0.000389268 -0.000534329 -0.0024523 -0.000285174 -0.00179747 0.00167819 0.00449879 0.00771932 8.38511e-05 0.00501539 -0.00307078 0.0110811 0.0150057 0.0124385
internal_weight=1388.19 1368.71 330.004 278.389 249.008 157.122 137.168 97.8371 1038.71 128.04 55.9381 72.1019 53.2209 63.5769
internal_count=9206 9113 2003 1736 1583 938 791 554 7110 808 334 474 342 381
is_linear=0
shrinkage=0.03


Tree=348
num_leaves=15
num_cat=0
split_feature=1 9 9 18 9 10 7 17 18 7 7 9 8 12
split_gain=1.88199 2.90816 2.30553 4.54184 4.47 5.4253 4.39583 4.28398 4.1254 3.91885 3.76936 3.53 4.73529 4.67705
threshold=1.0000000180025095e-35 5.7650000000000006 2.8550000000000004 292.50000000000006 1.385 1.7050000000000003 2.7500000000000004 0.13500000000000004 142.50000000000003 3.3500000000000001 2.0500000000000003 0.56500000000000006 66.350000000000009 66.050000000000011
decision_type=2 2 2 10 2 2 2 8 8 2 2 2 2 2
left_child=1 2 4 9 7 6 8 -1 -6 10 -4 13 -13 -9
right_child=-2 -3 3 -5 5 -7 -8 11 -10 -11 -12 12 -14 -15
leaf_value=-0.0091452945099552707 -0.0007213414222124497 -0.0074528366763760533 0.002813947902080928 0.016154543516973041 0.01172913315588325 0.010382789601056937 -0.010144630842570248 -0.0078363893387900525 -0.0040981023940957631 0.0080255301769139135 -0.012198848083132938 0.0034295735984125556 0.016787062054842015 0.0062772095925886628
leaf_weight=16.396463021636009 885.88716326095164 25.469883620738983 36.141935713589191 23.379105381667614 16.118920139968395 18.622775822877884 69.72871108725667 32.077003322541714 44.79915826022625 52.376379411667585 19.188382938504219 66.074101600795984 35.763764705508947 44.144067037850618
leaf_count=142 5638 155 264 141 143 106 484 246 337 329 139 435 308 322
internal_value=0.00010856 0.00157073 0.00212739 0.00543501 0.000806132 -0.00304143 -0.00526714 0.00376184 0.0006618 0.00249476 -0.00297196 0.00516771 0.0086866 0.000220851
internal_weight=1386.17 500.281 474.811 131.086 343.725 149.27 130.647 194.455 60.9181 107.707 55.3303 178.059 101.838 76.2211
internal_count=9189 3551 3396 873 2523 1070 964 1453 480 732 403 1311 743 568
is_linear=0
shrinkage=0.03


Tree=349
num_leaves=15
num_cat=0
split_feature=5 5 16 16 13 23 16 10 9 16 6 5 6 13
split_gain=1.84157 1.69482 4.00921 7.83696 4.01351 4.79209 4.08394 3.72131 3.94711 4.40454 6.59212 4.18742 3.61186 3.46801
threshold=77.15000000000002 61.750000000000007 5.3950650364007915 4.0625442494750397 4.3500000000000005 2.3500000000000001 5.7165600055605328 0.10500000000000002 4.7650000000000006 3.6759615399854142 8.1500000000000004 64.15000000000002 1.7500000000000002 6.1500000000000012
decision_type=2 2 10 10 2 2 10 2 2 10 2 2 2 2
left_child=1 12 3 7 -4 6 -6 -3 9 11 -11 -9 -1 -14
right_child=-2 2 4 -5 5 -7 -8 8 -10 10 -12 -13 13 -15
leaf_value=-0.0078215273609558537 0.0081185035045604637 -0.012238750229259245 -0.0022963310840170108 -0.012819708928192088 0.019442013200242685 0.00014427505392203914 0.0012564408624790577 -0.011600467213104032 0.012316145356918369 -0.0023430408581530948 0.019303615035853879 -0.00065650996944800722 0.0015490906339143697 -0.0069983411424180972
leaf_weight=38.23222017660737 19.375515043735504 19.665626868605614 119.86798375099897 62.310837004333735 25.149258080869913 64.815707944333553 18.764820884913206 38.201882481575012 16.404563724994659 29.027283053845167 16.249663639813662 118.29422899708152 765.21193531155586 40.319848649203777
leaf_count=267 175 220 721 465 169 419 134 306 122 298 150 1055 4438 290
internal_value=-5.56429e-05 -0.000200085 -0.00152401 -0.00377776 0.00145274 0.0055051 0.0125939 -0.00119374 5.36963e-05 -0.00121698 0.00657295 -0.00360446 0.000633654 0.00108073
internal_weight=1391.89 1372.52 528.752 300.154 228.598 108.73 43.9141 237.843 218.178 201.773 45.2769 156.496 843.764 805.532
internal_count=9229 9054 4059 2616 1443 722 303 2151 1931 1809 448 1361 4995 4728
is_linear=0
shrinkage=0.03


Tree=350
num_leaves=15
num_cat=0
split_feature=14 4 9 10 5 4 16 13 13 5 5 23 9 11
split_gain=1.7062 4.01787 2.08206 4.71908 4.07315 4.6018 4.33457 6.67052 3.99845 3.77953 6.6563 6.89291 4.4477 4.16889
threshold=1.0000000180025095e-35 5.8434819419237884 2.8550000000000004 2.0950000000000002 69.950000000000017 5.4022243792752471 4.0195316130826901 4.7500000000000009 2.5500000000000003 53.650000000000013 55.95000000000001 6.1500000000000012 1.6850000000000003 3.1500000000000008
decision_type=2 2 2 2 2 2 8 2 2 2 2 2 2 2
left_child=2 -2 3 9 5 6 -4 -8 -7 13 12 -12 -11 -1
right_child=1 -3 4 -5 -6 8 7 -9 -10 10 11 -13 -14 -15
leaf_value=-0.0017547231934418089 0.012322472709428253 -0.0028463590084542583 7.7197664560557137e-05 0.0072331531751930033 -0.0065834099611729703 0.0097383007413964651 0.0028075614230400185 0.029464876081093067 0.00047309183422374512 -0.004099300710154667 -0.0016289517752705815 0.013855850932869878 -0.019721884336153468 0.0077535848312288054
leaf_weight=79.111312314867973 29.720598503947258 25.891122125089169 21.121218798682094 62.556481026113033 39.355207540094852 43.479096874594688 17.270446896553043 14.075871668756006 314.35247880220413 45.774364344775677 567.41191570088267 22.116864901036024 24.093957670032978 78.936404254287481
leaf_count=446 204 121 204 328 303 212 156 129 1753 288 4333 112 160 439
internal_value=0.000683995 0.0056081 0.000457811 -0.000391829 0.00210663 0.00300939 0.0109037 0.0171845 0.00171757 -0.00101577 -0.00201481 -0.000936379 -0.010444 0.00308631
internal_weight=1385.27 55.6117 1329.66 880.001 449.654 410.299 52.4675 31.3463 357.832 817.445 659.397 589.529 69.8683 158.048
internal_count=9188 325 8863 6106 2757 2454 489 285 1965 5778 4893 4445 448 885
is_linear=0
shrinkage=0.03


Tree=351
num_leaves=15
num_cat=0
split_feature=0 4 15 9 11 7 8 7 15 5 23 6 8 23
split_gain=2.76169 7.09668 5.50726 4.35308 4.20458 3.58062 4.5441 3.1335 2.92225 3.07742 6.61454 3.75001 2.82162 3.25829
threshold=4.5000000000000009 5.1945906263027615 11.65 0.34500000000000003 2.7500000000000004 2.5500000000000003 73.350000000000009 6.4500000000000011 16.350000000000005 64.050000000000011 1.2500000000000002 4.4500000000000011 72.350000000000009 2.5500000000000003
decision_type=2 2 10 2 2 2 2 2 10 2 2 2 2 2
left_child=1 2 3 -1 -4 6 -5 8 9 10 -3 -12 -2 -14
right_child=12 7 4 5 -6 -7 -8 -9 -10 -11 11 -13 13 -15
leaf_value=-0.0079421373436822772 0.00050245837567906805 0.010181010211465925 0.0030036193197449947 0.016841841464662916 -0.016172437399939735 0.0012570752151587232 -0.0026736576577471821 0.0036849391466005368 -0.00067578411808664313 -0.015401570974529648 0.0020911262591187321 -0.016533361684116316 0.013513271795988473 0.00099611795230583676
leaf_weight=14.329448483884333 1004.6201036199927 14.736649118363855 16.902975603938103 42.795460317283869 16.925688436254859 44.553829561918974 12.247544851154087 20.952215742319822 37.462428640574217 52.289370205253363 12.657310791313646 26.166201248764992 28.446090422570705 44.483618780970573
leaf_count=165 5445 149 183 461 211 483 150 206 355 573 137 281 163 248
internal_value=0.000211207 -0.00225225 0.00247993 0.00561377 -0.0074379 0.00785055 0.0126384 -0.00645635 -0.00801325 -0.0104625 -0.00473734 -0.0109156 0.000931643 0.00643218
internal_weight=1389.57 312.019 147.755 113.926 33.8287 99.5968 55.043 164.264 143.312 105.85 53.5602 38.8235 1077.55 72.9297
internal_count=9210 3354 1653 1259 394 1094 611 1701 1495 1140 567 418 5856 411
is_linear=0
shrinkage=0.03


Tree=352
num_leaves=15
num_cat=0
split_feature=10 9 23 5 6 9 18 17 5 18 9 10 4 5
split_gain=1.94261 3.21386 2.33734 3.37759 4.01923 3.8539 2.51004 6.13328 3.35226 3.2921 2.96912 2.64299 8.16855 3.00207
threshold=0.045000000000000005 2.1250000000000004 1.0500000000000003 70.450000000000017 4.9500000000000011 2.1050000000000004 144.50000000000003 0.33500000000000008 57.550000000000004 107.50000000000001 2.8550000000000004 0.18500000000000003 5.9442074346194635 64.250000000000014
decision_type=2 2 2 2 2 2 10 10 2 10 2 2 2 2
left_child=1 -1 3 4 -2 -6 9 10 -9 11 -8 12 -4 -13
right_child=2 -3 6 -5 5 -7 7 8 -10 -11 -12 13 -14 -15
leaf_value=0.012003546135083859 0.0012811974645587406 -0.0027240258235483061 -0.01026264195698475 0.0057488813724610099 -0.015419341016418077 -0.0013229688006802019 -0.00077780639484610885 -0.00042659422488737758 -0.012591767929582122 0.010025062835451171 0.013425767190285849 -4.3150622168004404e-05 0.0070802030784866505 0.0037833264101256531
leaf_weight=25.736375853419304 43.236267380416393 20.844269193708897 62.714978024363518 23.441670585423708 41.60227832198143 29.532051153481007 34.719209432601929 32.143111806362867 52.502493169158697 28.560238871723413 15.924926541745661 700.74214080907404 33.91398124396801 245.43910472467542
leaf_count=202 388 145 509 223 375 234 257 191 361 199 104 4038 156 1830
internal_value=7.43493e-05 0.00578793 -0.000144315 -0.00377386 -0.00588471 -0.0100383 0.000284076 -0.0034918 -0.00825365 0.000774889 0.00449354 0.000474918 -0.00412693 0.000964106
internal_weight=1391.05 46.5806 1344.47 137.812 114.371 71.1343 1206.66 135.29 84.6456 1071.37 50.6441 1042.81 96.629 946.181
internal_count=9212 347 8865 1220 997 609 7645 913 552 6732 361 6533 665 5868
is_linear=0
shrinkage=0.03


Tree=353
num_leaves=15
num_cat=0
split_feature=5 18 9 5 5 4 9 23 23 6 9 11 9 11
split_gain=1.6315 1.94822 5.24167 2.9392 2.02268 6.08461 4.42884 2.06082 4.76682 3.53466 4.15381 3.17264 2.83 6.06334
threshold=77.15000000000002 308.50000000000006 2.8750000000000004 60.250000000000007 71.850000000000009 5.5225668049512686 1.2650000000000003 1.0500000000000003 1.3500000000000003 4.9500000000000011 2.5850000000000004 5.9500000000000011 1.0950000000000004 2.4500000000000006
decision_type=2 10 2 2 2 2 2 2 2 2 2 2 2 2
left_child=1 4 3 -3 7 6 -6 9 12 10 -1 -11 -9 -14
right_child=-2 2 -4 -5 5 -7 -8 8 -10 11 -12 -13 13 -15
leaf_value=0.0089382816494978333 0.0081338221187819883 0.0058079415465567006 0.015507446737120966 -0.0085797956894529057 0.00067805272430954881 0.0045318915902968744 -0.021038379442777973 -0.00016104595924019749 0.00028606875255422922 -0.01003086587686833 -0.0087365082554488778 0.0044357583378611884 -5.3518696761512674e-05 0.024570031189834658
leaf_weight=30.369614288210869 19.503684137016535 21.338548563420773 22.13700046390295 19.965529043227434 12.691813994199039 28.782096236944199 18.609112333506346 18.683406174182892 1070.0491076819599 60.131964031606913 13.423624686896799 14.149705242365597 15.592885103076698 16.217372585088015
leaf_count=279 176 126 131 139 141 190 202 148 6623 526 121 120 115 127
internal_value=0.000460129 0.000320908 0.00525414 -0.00132227 6.06945e-05 -0.0050951 -0.0133523 0.000330272 0.000732032 -0.00335731 0.00318047 -0.0071692 0.00930548 0.0141322
internal_weight=1381.65 1362.14 63.4411 41.3041 1298.7 60.083 31.3009 1238.62 1120.54 118.075 43.7932 74.2817 50.4937 31.8103
internal_count=9164 8988 396 265 8592 533 343 8059 7013 1046 400 646 390 242
is_linear=0
shrinkage=0.03


Tree=354
num_leaves=15
num_cat=0
split_feature=12 5 6 6 8 18 5 7 15 5 11 8 23 8
split_gain=1.96466 2.07134 4.21501 3.69982 4.59433 4.40833 6.09212 4.62364 3.6385 3.22342 2.51048 3.70308 5.21763 4.56145
threshold=88.250000000000014 66.450000000000017 2.1500000000000008 5.4500000000000011 61.95000000000001 224.50000000000003 69.350000000000009 2.4500000000000006 23.450000000000003 65.950000000000017 5.6500000000000012 58.550000000000004 2.7500000000000004 68.950000000000017
decision_type=2 2 2 2 2 8 2 2 10 2 2 2 2 2
left_child=1 9 -3 8 -5 -6 -7 -8 -4 10 -1 -12 13 -13
right_child=-2 2 3 4 5 6 7 -9 -10 -11 11 12 -14 -15
leaf_value=0.00085959121691020057 0.0085879925364225548 0.0088399645918471048 -0.011883556799809705 0.0039909077351831697 0.0082268914799053169 -0.017704734912826536 -0.010544912923267263 0.007333670292157337 0.0041647957003507407 0.0097521641542792966 -0.0071819283644676928 0.011863277805281234 -0.0053074183028776444 -0.0046792356455805989
leaf_weight=873.56195256486535 18.606027472764254 21.95532163977623 61.961595844477415 78.961027689278126 12.95996195822954 30.765281844884157 18.742104064673185 23.86865359544754 13.018856033682821 27.400689400732517 90.06590024381876 41.190058592706919 60.326109625399113 18.927925415337086
leaf_count=5385 120 212 593 527 129 261 163 198 97 208 494 288 387 166
internal_value=6.44331e-06 -0.000140512 -0.00251256 -0.00370895 -0.00110997 -0.00573821 -0.00857226 -0.000811691 -0.00901092 0.000427877 0.000148508 -0.00275379 0.000711776 0.00669556
internal_weight=1392.31 1373.71 262.233 240.277 165.297 86.336 73.376 42.6108 74.9805 1111.47 1084.07 210.51 120.444 60.118
internal_count=9228 9108 2180 1968 1278 751 622 361 690 6928 6720 1335 841 454
is_linear=0
shrinkage=0.03


Tree=355
num_leaves=15
num_cat=0
split_feature=9 11 16 11 11 7 11 16 6 13 23 6 7 12
split_gain=2.44759 5.12815 2.67781 4.31564 6.68464 4.07436 2.40485 2.30658 3.43601 2.44529 2.36669 4.59346 8.12326 5.35632
threshold=5.9250000000000007 2.2500000000000004 5.8197412955975762 3.3500000000000001 5.0500000000000007 3.3500000000000001 4.3500000000000005 5.7542152726621625 12.850000000000003 4.2500000000000009 4.0500000000000007 10.450000000000001 10.15 57.050000000000004
decision_type=2 2 10 2 2 2 2 10 2 2 2 2 2 2
left_child=2 -2 7 5 -5 -4 -3 10 9 -9 11 12 -1 -13
right_child=1 6 3 4 -6 -7 -8 8 -10 -11 -12 13 -14 -15
leaf_value=-5.0550994081510978e-05 0.0037913708590579186 -0.016954998708175174 0.0058401970498732896 0.016047475256025099 -0.00033782689066496241 -0.0066170431418847188 -0.0030896833273465953 -0.015916209719520378 0.0034676800163779857 -0.001490354314930494 0.0025805991779922393 0.0065981973866816217 0.014862514747494048 -0.0054294827853405081
leaf_weight=513.71676577441394 32.757663320749998 23.042998287826777 38.286188282072544 42.575374752283096 41.978992205113173 47.190951570868492 23.367042690515518 22.808647777885199 22.289947476238012 18.891831208020449 257.07580421119928 34.263496734201908 30.117935542017221 238.99751672521234
leaf_count=4067 169 127 235 234 235 265 134 133 118 126 1388 210 179 1589
internal_value=-3.02938e-05 -0.00498957 0.000287681 0.00374243 0.00834793 -0.00102291 -0.0109534 -0.00024254 -0.00555994 -0.0102401 9.85198e-05 -0.000693341 0.000903221 -0.0038299
internal_weight=1387.36 79.1677 1308.19 170.032 84.5544 85.4771 46.41 1138.16 63.9904 41.7005 1074.17 817.096 543.835 273.261
internal_count=9209 430 8779 969 469 500 261 7810 377 259 7433 6045 4246 1799
is_linear=0
shrinkage=0.03


Tree=356
num_leaves=15
num_cat=0
split_feature=15 15 8 8 9 8 10 6 5 8 8 10 12 7
split_gain=2.45413 2.54 1.87573 4.76807 4.54164 3.65615 3.32485 3.65127 3.57271 2.36492 3.39691 4.15545 3.40319 2.43219
threshold=50.250000000000007 45.150000000000013 75.550000000000011 72.750000000000014 2.9650000000000003 71.550000000000011 0.28500000000000009 4.3500000000000005 63.95000000000001 69.750000000000014 68.350000000000009 0.66500000000000015 85.950000000000017 1.5500000000000003
decision_type=10 10 2 2 2 2 2 2 2 2 2 2 2 2
left_child=1 2 3 5 -5 9 -4 -8 -9 10 12 -12 -1 -11
right_child=-2 -3 6 4 -6 -7 7 8 -10 13 11 -13 -14 -15
leaf_value=-0.00020534471847304963 0.0074266697477406926 -0.0093110665986473502 0.01467216057573026 -0.013293628123024082 0.0044033353990297463 0.0094427150200476727 0.01057884532030254 -0.011748362418012309 0.0052214315174058945 0.0035011452791814104 -0.00073396294552090344 0.014572472511250328 0.010034942877729049 -0.0092876773017029866
leaf_weight=1033.9176686406136 38.324016727507114 19.958374083042145 17.293049495667219 38.601888060569763 15.72777098789811 34.61770573630929 17.109836004674435 20.291913487017155 16.034864909946918 16.029127188026905 29.923296872526407 28.133638605475426 25.053425952792168 39.408454962074757
leaf_count=6493 178 102 159 345 121 278 153 159 145 138 247 208 151 339
internal_value=0.000398025 0.000172176 0.000348541 7.294e-05 -0.00823123 0.000479116 0.00493436 0.000797275 -0.00453233 0.000175487 0.000486133 0.0072507 8.29423e-05 -0.0056062
internal_weight=1390.43 1352.1 1332.14 1261.41 54.3297 1207.08 70.7297 53.4366 36.3268 1172.47 1117.03 58.0569 1058.97 55.4376
internal_count=9216 9038 8936 8320 466 7854 616 457 304 7576 7099 455 6644 477
is_linear=0
shrinkage=0.03


Tree=357
num_leaves=15
num_cat=0
split_feature=4 13 16 10 5 5 23 18 15 8 17 13 11 15
split_gain=2.10415 8.36389 5.72714 5.69909 4.5522 5.37395 4.0968 3.08563 3.04811 5.46045 2.65204 1.95173 4.83319 4.75746
threshold=5.1945906263027615 4.5500000000000007 3.7181278500871997 0.79500000000000015 61.45000000000001 67.15000000000002 1.7500000000000002 71.500000000000014 16.750000000000004 66.550000000000011 0.51500000000000012 4.0500000000000007 7.4500000000000011 7.6500000000000012
decision_type=2 2 10 2 2 2 2 8 8 2 8 2 2 10
left_child=1 3 7 4 -1 -6 -4 -3 9 -9 -10 12 -2 -13
right_child=11 2 6 -5 5 -7 -8 8 10 -11 -12 13 -14 -15
leaf_value=-0.011656889730663204 -8.0604128732609197e-05 -0.00095758632197875092 0.006151135303242559 -0.016061931386527114 0.017882768949409419 -0.0049438607095176569 -0.013607428198792272 0.016182245359376207 0.0089330855620358869 -0.0086209881676323746 0.027249691295520601 -0.0051964072277952376 0.010172874770351663 0.00019643945443969797
leaf_weight=11.292779535055159 551.56315809860826 12.608227074146269 16.686854824423794 22.062720168381929 14.889548644423487 14.208313994109629 12.030478954315184 11.480027306824924 20.95055778324604 11.073200378566979 18.154723566025496 221.56212109327316 39.723435342311859 419.44399499520659
leaf_count=125 3083 126 179 251 164 178 149 105 198 136 170 1592 223 2586
internal_value=-0.000122633 0.00300289 0.00810945 -0.00539463 0.00155966 0.00764614 -0.00291667 0.012288 0.0148652 0.0046498 0.0195618 -0.00055268 0.000687764 -0.00169338
internal_weight=1397.73 165.437 102.984 62.4534 40.3906 29.0979 28.7173 74.2667 61.6585 22.5532 39.1053 1232.29 591.287 641.006
internal_count=9265 1781 1063 718 467 342 328 735 609 241 368 7484 3306 4178
is_linear=0
shrinkage=0.03


Tree=358
num_leaves=15
num_cat=0
split_feature=5 11 13 15 5 12 7 0 17 17 11 6 9 9
split_gain=2.38773 1.83676 2.98191 3.83257 1.97307 1.77779 4.91892 2.77241 1.84119 2.14008 4.59241 1.87565 4.85039 4.93518
threshold=77.15000000000002 0.35000000000000003 3.6500000000000008 10.450000000000001 74.250000000000014 53.250000000000007 2.0500000000000003 8.5000000000000018 1.2250000000000003 0.60500000000000009 3.4500000000000006 9.6500000000000004 3.9550000000000005 3.5950000000000002
decision_type=2 2 2 10 2 2 2 2 10 10 2 2 2 2
left_child=1 2 -1 -4 5 6 -3 -8 9 11 -11 12 13 -7
right_child=-2 4 3 -5 -6 8 7 -9 -10 10 -12 -13 -14 -15
leaf_value=-0.011886160687751566 0.0095513365376732086 0.014683350652538887 -0.0076019812559329318 0.0074789263871491932 -0.0075052451960014232 0.00093770104623608656 -0.0078585966939383189 0.0058455969791406529 0.0080854211389395775 0.003035671819399767 -0.013347816747802806 -0.00099886834727726183 0.0070089795216242527 -0.011415603330451904
leaf_weight=24.501979514956474 19.50937694683671 24.008415333926678 24.727334585040808 25.963560704141855 23.003597840666771 500.19191425666213 21.818244926631451 21.458275616168976 21.542899265885353 27.207120649516582 26.465235739946365 493.44462111964822 110.94358460977674 25.887049939483404
leaf_count=155 175 142 202 167 203 3613 174 96 128 187 197 2913 692 177
internal_value=0.000270103 0.000103824 -0.0043031 0.000100331 0.000375071 0.000546282 0.00511658 -0.00116184 0.000271152 9.55888e-05 -0.00549189 0.000383886 0.00145442 0.000228073
internal_weight=1390.67 1371.16 75.1929 50.6909 1295.97 1272.97 67.2849 43.2765 1205.68 1184.14 53.6724 1130.47 637.023 526.079
internal_count=9221 9046 524 369 8522 8319 412 270 7907 7779 384 7395 4482 3790
is_linear=0
shrinkage=0.03


Tree=359
num_leaves=15
num_cat=0
split_feature=17 4 8 8 0 11 23 6 11 15 5 7 23 18
split_gain=1.72337 2.93305 5.44021 5.29535 2.32387 4.04397 8.11744 4.42483 4.58006 5.25075 3.97133 3.8129 3.38955 4.54944
threshold=0.60500000000000009 5.4855766362938461 57.550000000000004 63.650000000000013 5.5000000000000009 6.1500000000000012 2.7500000000000004 11.750000000000002 4.7500000000000009 11.550000000000002 66.450000000000017 0.8500000000000002 2.0500000000000003 46.500000000000007
decision_type=10 2 2 2 2 2 2 2 2 8 2 2 2 10
left_child=4 3 -3 -2 5 7 10 8 11 -10 -7 -1 -13 -14
right_child=1 2 -4 -5 -6 6 -8 -9 9 -11 -12 12 13 -15
leaf_value=0.0089102870687593622 -0.0076775819392823474 0.0034146782142820977 -0.015237944262176407 0.013133529883828298 0.001372729222096612 0.018782092996149802 -0.010973705822301547 -0.0098388505113216774 0.0029547877984183726 -0.017867796716141311 -0.00019970171749973838 0.0023784849639114192 -0.0089721155811004292 0.0074309780264278542
leaf_weight=37.046172678470612 17.640274662524462 20.890438333153725 30.176368087530136 16.722906857728958 924.26532611250877 24.917998544871807 14.425880651921032 58.147434394806623 15.982550166547297 22.540994148701429 14.68441481143236 107.57937622442842 64.585728975012898 15.376854989677666
leaf_count=375 132 110 183 152 4742 238 165 584 176 259 158 1056 711 151
internal_value=0.000289514 -0.00371704 -0.00798348 0.00283198 0.000566134 -0.00141229 0.00584157 -0.00270305 -0.000971973 -0.00988196 0.0125103 0.000738281 -0.00106545 -0.00556611
internal_weight=1384.98 85.43 51.0668 34.3632 1299.55 375.287 54.0283 321.259 263.112 38.5235 39.6024 224.588 187.542 79.9626
internal_count=9192 577 293 284 8615 3873 561 3312 2728 435 396 2293 1918 862
is_linear=0
shrinkage=0.03


Tree=360
num_leaves=15
num_cat=0
split_feature=16 16 16 0 6 13 9 12 12 12 10 23 4 23
split_gain=1.62293 5.26101 3.94519 3.48079 2.89298 2.65558 3.32084 2.63282 3.87412 3.34568 3.59229 5.3349 4.0468 3.88095
threshold=5.3950650364007915 5.4174642079966882 5.2618383593266875 13.500000000000002 23.950000000000003 4.1500000000000012 2.5850000000000004 73.15000000000002 77.350000000000009 72.250000000000014 1.3950000000000002 4.4500000000000011 5.8434819419237884 1.8500000000000003
decision_type=10 10 10 2 2 2 2 2 2 2 2 2 2 2
left_child=2 -2 3 -1 7 6 -4 9 -9 10 13 12 -12 -3
right_child=1 4 5 -5 -6 -7 -8 8 -10 -11 11 -13 -14 -15
leaf_value=-0.00072372150365295103 0.013183510601783147 0.0095910330434186598 0.0050375298110239579 0.0078185727965572466 -0.0056214857286764584 -0.011580758327805873 -0.0086202430174437111 -0.0065183491588695283 0.0022367478938491252 0.012476350549836354 0.0019387894612707423 0.007955935065530946 -0.011671951334385674 0.0014999599837233813
leaf_weight=533.17526957020164 25.719351053237915 62.180663585662842 28.195373363792896 41.652679935097694 58.492792636156082 43.133802738040686 26.245658241212368 82.919599495828152 90.367120955139399 22.35216423496604 28.5756751075387 24.706627830862999 50.205541528761387 272.53174326568842
leaf_count=4403 142 419 154 179 288 285 139 484 528 125 189 114 246 1527
internal_value=4.51208e-05 0.00103346 -0.00101015 -4.26534e-05 0.000490807 -0.00642992 -0.00171805 0.00109445 -0.00201798 0.00227463 0.00161936 -0.00316087 -0.00691396 0.00312211
internal_weight=1390.45 718.051 672.403 574.828 692.332 97.5748 54.441 633.839 173.287 460.552 438.2 103.488 78.7812 334.712
internal_count=9222 4062 5160 4582 3920 578 293 3632 1012 2620 2495 549 435 1946
is_linear=0
shrinkage=0.03


Tree=361
num_leaves=15
num_cat=0
split_feature=17 15 5 10 9 9 7 9 0 10 4 4 6 5
split_gain=1.70847 1.83153 3.8018 3.16692 2.5761 6.7039 6.10568 5.08291 4.63125 4.62824 4.64961 3.89719 3.60604 3.08907
threshold=1.2250000000000003 33.650000000000013 51.650000000000013 0.94500000000000006 1.7650000000000003 3.2350000000000008 4.5500000000000007 0.94500000000000006 7.5000000000000009 0.89500000000000013 5.6169651973729673 5.549022868977084 12.950000000000001 60.95000000000001
decision_type=10 8 2 2 2 2 2 2 2 2 2 2 2 2
left_child=1 -1 3 -3 7 12 8 9 -7 10 -4 -11 -6 -9
right_child=-2 2 4 -5 5 6 -8 13 -10 11 -12 -13 -14 -15
leaf_value=0.00069273424111676531 0.0074355486310150936 -0.014443296830826607 0.0090022635457391569 -0.00025066637623028112 -0.011890966075336108 -0.012186408921128548 0.011355705912943938 0.013770806853952705 0.0039829303607645111 -0.018487126380746784 -0.007711855390303759 -0.00026423224563494136 0.0015052154250034624 0.001601295131910682
leaf_weight=967.68422890454531 23.277617044746876 30.29974726587534 35.888162512332201 23.916123695671558 66.528396774083376 24.443973585963249 37.073396973311901 34.305563263595104 30.862925164401531 17.549996521323919 19.024971835315228 20.145719975233078 22.817853011190891 38.80490930005908
leaf_count=6389 137 172 320 121 508 212 211 211 149 155 104 104 139 306
internal_value=0.000136516 -1.41602e-05 -0.00170479 -0.00873234 -0.000499877 -0.00292874 0.00268839 0.00217136 -0.00358129 -0.00246617 0.00305123 -0.00991971 -0.0085713 0.00782755
internal_weight=1392.62 1369.35 401.662 54.2159 347.446 181.727 92.3803 165.719 55.3069 92.6089 54.9131 37.6957 89.3462 73.1105
internal_count=9238 9101 2712 293 2419 1219 572 1200 361 683 424 259 647 517
is_linear=0
shrinkage=0.03


Tree=362
num_leaves=15
num_cat=0
split_feature=12 12 16 13 7 6 15 7 6 12 7 16 12 6
split_gain=2.65319 3.80698 3.49913 4.28003 3.78394 7.35163 4.87315 5.21959 3.87769 3.41261 3.32832 3.15717 3.15482 2.97371
threshold=64.550000000000011 69.550000000000011 5.7095616546001748 5.7500000000000009 4.0500000000000007 16.450000000000003 28.350000000000005 2.2500000000000004 7.3500000000000005 67.550000000000011 10.050000000000002 6.1086742428340788 66.15000000000002 28.350000000000005
decision_type=2 2 8 2 2 2 10 2 2 2 2 8 2 2
left_child=10 2 4 9 5 6 7 -2 -6 12 -1 -11 -4 -3
right_child=1 13 3 -5 8 -7 -8 -9 -10 11 -12 -13 -14 -15
leaf_value=-0.0013639182888757738 0.0083372618691397241 -0.0012114535236080913 -0.00033892508459323927 0.011101981499198102 0.019526998381536324 0.016984354788310969 -0.013411547637382773 -0.0069600389598687565 0.0048953595897018656 -0.0046750220782930856 -0.010462982825827581 0.0098063660416155465 -0.012842935159060138 0.0091624147411303401
leaf_weight=426.48499291390181 43.894156258553267 581.36086968332529 35.494278270751238 19.111875355243683 25.495275538414717 19.224127810448408 18.618365846574306 29.327939040958881 45.40250376611948 20.760471556335688 34.822911404073238 24.714448522776365 32.793130408972502 21.000886224210262
leaf_count=2907 327 3939 223 135 164 107 98 226 258 109 194 162 204 107
internal_value=-0.000312346 0.000621389 0.0032678 -0.000438441 0.00591355 0.00226936 -0.00152869 0.00215693 0.0110968 -0.00276299 -0.00215561 0.00338703 -0.00681016 -0.000777326
internal_weight=1378.51 917.198 314.837 132.874 181.962 111.065 91.8405 73.2221 70.8978 113.762 461.308 45.4749 68.2874 602.362
internal_count=9160 6059 2013 833 1180 758 651 553 422 698 3101 271 427 4046
is_linear=0
shrinkage=0.03


Tree=363
num_leaves=15
num_cat=0
split_feature=18 18 18 23 5 12 12 6 18 16 17 12 9 23
split_gain=1.58878 1.82573 5.01448 4.15416 3.5748 2.4034 3.05509 2.38521 5.16929 5.0916 5.73759 4.18895 6.65863 4.32199
threshold=404.50000000000006 144.50000000000003 170.50000000000003 1.3500000000000003 54.95000000000001 71.550000000000011 63.650000000000013 6.5500000000000007 105.50000000000001 3.3790333465334781 0.36500000000000005 65.65000000000002 3.0950000000000002 5.4500000000000011
decision_type=10 10 10 2 2 2 2 2 10 10 10 2 2 2
left_child=1 7 -3 -4 -5 6 -6 -1 9 10 -9 12 -11 -13
right_child=-2 2 3 4 5 -7 -8 8 -10 11 -12 13 -14 -15
leaf_value=-0.0014110348811043056 0.0058062025104323846 -0.016030164683111511 0.010603971488579743 0.0067100773748148216 -0.0098172512890653055 -0.014013553397143578 0.0049857742380699241 -0.01428270638763725 0.014452648546688041 0.0018706766518565704 0.0049501416470241885 0.0043290053003941908 -0.0080542950983574033 -0.0060778620640341641
leaf_weight=460.74912157282233 37.807165484875441 18.454066008329391 18.582561660557985 18.686907857656479 18.626026827841997 21.648513849824667 22.178033139556646 34.384140711277723 21.041059069335461 183.32909141108394 18.456835091114044 386.41478303074837 85.070529490709305 35.184636082500219
leaf_count=3410 231 151 151 112 137 157 150 306 145 1110 132 2341 478 169
internal_value=0.000116576 -6.45623e-05 -0.00354648 -0.00058125 -0.00360971 -0.00696607 -0.00210547 0.000284496 0.00130971 0.000843296 -0.00771767 0.00154971 -0.00136486 0.00339944
internal_weight=1380.61 1342.81 118.176 99.722 81.1395 62.4526 40.8041 1224.63 763.881 742.84 52.841 689.999 268.4 421.599
internal_count=9180 8949 858 707 556 444 287 8091 4681 4536 438 4098 1588 2510
is_linear=0
shrinkage=0.03


Tree=364
num_leaves=15
num_cat=0
split_feature=5 7 5 12 8 7 12 23 11 7 7 6 15 23
split_gain=1.52167 1.56804 3.8176 7.23182 4.05827 3.70508 2.1006 4.03753 2.52541 4.58746 3.48113 4.69989 6.86795 3.52065
threshold=77.15000000000002 8.8500000000000032 51.650000000000013 76.250000000000014 54.650000000000013 8.4500000000000011 53.250000000000007 2.3500000000000001 5.0500000000000007 6.9500000000000011 2.9500000000000006 9.3500000000000032 24.250000000000004 4.8500000000000005
decision_type=2 2 2 2 2 2 2 2 2 2 2 2 8 2
left_child=1 5 -3 4 -4 6 7 -1 -8 10 13 -12 -13 -10
right_child=-2 2 3 -5 -6 -7 8 -9 9 -11 11 12 -14 -15
leaf_value=0.01346864160147877 0.0076577546722802151 0.011417516210857702 0.005461625757884849 0.014053195939177766 -0.0070225976023254493 -0.011965140612000959 0.0006701711822451775 -0.00080115066755991548 -0.0062578897188989239 -0.015219468029030373 -0.0033569593563583053 0.016319329175928321 -0.0036158554340747638 0.006998702105478467
leaf_weight=25.340827453881502 20.866046551615 32.917043432593346 29.957166001200676 22.850942324846983 68.990814261138439 18.07945379987359 842.34051869437099 42.065065260976553 124.84109453856945 18.822708133608103 60.154433913528919 32.472979124635458 23.987867280840874 16.695718444883823
leaf_count=179 184 156 144 123 406 111 5687 240 931 124 437 192 140 88
internal_value=0.000448324 0.000310018 0.00310319 0.000494563 -0.00316201 -6.00127e-05 0.0001708 0.00512311 -0.000148889 -0.00260754 -0.00141626 0.0023681 0.00824457 -0.00450869
internal_weight=1380.38 1359.52 154.716 121.799 98.948 1204.8 1186.72 67.4059 1119.32 276.975 258.152 116.615 56.4608 141.537
internal_count=9142 8958 829 673 550 8129 8018 419 7599 1912 1788 769 332 1019
is_linear=0
shrinkage=0.03


Tree=365
num_leaves=15
num_cat=0
split_feature=1 6 17 17 6 17 6 8 13 4 8 18 17 16
split_gain=2.08734 2.78596 3.93935 3.77645 5.52454 3.58178 4.40309 4.4442 3.94745 7.47092 5.95047 3.42251 3.40171 2.51879
threshold=1.0000000180025095e-35 6.3500000000000005 0.80500000000000016 0.24500000000000002 3.8500000000000001 0.71500000000000008 12.65 58.95000000000001 4.6500000000000012 5.5621381532263205 65.850000000000009 152.50000000000003 0.32500000000000007 3.5445020112614047
decision_type=2 2 10 8 2 8 2 2 2 2 2 10 10 10
left_child=1 2 3 4 -1 6 7 -3 9 10 -7 -9 -8 -2
right_child=13 5 -4 -5 -6 8 12 11 -10 -11 -12 -13 -14 -15
leaf_value=0.0071342160069465099 -0.0094468878265700149 0.0032348403242283773 -0.0071327705092658648 0.0077610359419081525 -0.014265412667403839 -0.014820715881405946 0.0091703029878882399 -0.0034416187833020816 0.0073120428925202811 0.0066627199869629923 0.0043266034568346795 -0.020197610590699348 -0.0056328400956037845 -0.00049835041118945276
leaf_weight=19.049056176096201 24.305761095136404 16.852493833750486 19.960563253611326 146.89534161984921 15.072302524000404 37.716034851968288 25.111896846443415 20.957171145826578 75.994293797761202 50.465890571475029 19.374326657503843 25.486963026225567 21.504836916923523 862.9970526099205
leaf_count=168 315 106 135 1092 131 269 171 186 519 239 166 190 143 5350
internal_value=7.44446e-05 0.00162712 0.00430173 0.00572044 -0.00293365 -0.000245953 -0.00441699 -0.00928903 0.00230264 -0.00140437 -0.00849768 -0.0137061 0.0024573 -0.000795038
internal_weight=1381.74 494.441 200.977 181.017 34.1214 293.464 109.913 63.2966 183.551 107.556 57.0904 46.4441 46.6167 887.303
internal_count=9180 3515 1526 1391 299 1989 796 482 1193 674 435 376 314 5665
is_linear=0
shrinkage=0.03


Tree=366
num_leaves=15
num_cat=0
split_feature=8 8 13 7 7 7 10 9 12 15 10 13 10 15
split_gain=1.54251 1.4059 3.45527 2.55013 3.29801 1.39271 6.28516 3.80341 8.16201 3.93823 3.70768 4.52699 3.58658 5.08793
threshold=42.050000000000004 75.550000000000011 5.1500000000000012 4.9500000000000011 1.8500000000000003 1.5500000000000003 1.4650000000000001 1.385 65.850000000000009 28.550000000000004 0.81500000000000006 3.6500000000000008 1.5550000000000004 44.150000000000013
decision_type=2 2 2 2 2 2 2 2 2 8 2 2 2 10
left_child=-1 5 3 4 -3 6 7 8 -2 10 11 -9 13 -7
right_child=1 2 -4 -5 -6 12 -8 9 -10 -11 -12 -13 -14 -15
leaf_value=-0.0064684360871784382 -0.0060656974965261614 0.011368014013999969 -0.0041548411684419846 0.017514430294624107 -0.0051530949718707891 0.0012874020241366334 0.010579956665006949 0.0069093048191536761 0.01136799306212702 -0.0090448286819589246 0.0082707915972174192 -0.0088597956647594196 -0.0038048670477357624 -0.010317644912370718
leaf_weight=22.453895024955273 35.673997178673744 16.76796380802989 23.952259045094252 15.005487952381371 17.473460920155048 786.4276336915791 59.388269983232021 20.855097569525242 56.675656475126743 53.43868750706315 32.967028707265854 41.441817976534367 182.49675294756889 30.552488557994366
leaf_count=107 266 144 240 98 155 5236 338 132 429 373 226 339 1027 155
internal_value=0.000579114 0.000717409 0.00462592 0.00888595 0.00335489 0.000480436 0.00225334 2.86015e-05 0.00466784 -0.00291065 0.000809794 -0.00345966 -6.10593e-05 0.000793289
internal_weight=1395.57 1373.12 73.1992 49.2469 34.2414 1299.92 300.441 241.052 92.3497 148.703 95.2639 62.2969 999.477 816.98
internal_count=9265 9158 637 397 299 8521 2103 1765 695 1070 697 471 6418 5391
is_linear=0
shrinkage=0.03


Tree=367
num_leaves=15
num_cat=0
split_feature=4 4 13 8 8 15 8 16 8 1 15 6 9 9
split_gain=1.25757 8.14185 3.76495 3.2608 5.45167 3.39527 2.69687 3.88691 4.39552 4.05817 3.62662 3.85525 5.81109 6.22128
threshold=5.6169651973729673 5.5880637467126633 2.4500000000000006 73.350000000000009 74.950000000000017 13.850000000000003 56.050000000000004 3.6303770149144858 51.150000000000013 1.0000000180025095e-35 31.450000000000003 6.8500000000000005 1.7250000000000003 3.8350000000000004
decision_type=2 2 2 2 2 10 2 10 2 2 10 2 2 2
left_child=1 2 -1 6 -5 -6 7 8 -4 -9 11 12 -8 -14
right_child=-2 -3 3 4 5 -7 10 9 -10 -11 -12 -13 13 -15
leaf_value=-0.011599929260513141 -0.00047012741840288735 0.013365553685987779 0.0024953917316539783 -0.017321250712101242 -0.0041325602838016839 0.011955800096691555 0.011924713394096908 0.011444122920726428 -0.016322140743639926 -0.0062714896212603191 -0.0089388054837094694 0.00030505579764379795 -0.0049973107033308723 0.013264338995221382
leaf_weight=18.092585906386375 860.85656128451228 41.571788884699345 16.546178445219994 17.56500681117177 36.254977717995644 11.547743678092955 87.945884320884943 20.612629786133766 23.241710282862186 16.974056083709002 16.742921009659767 148.04846878349781 51.462805729359388 18.901136610656977
leaf_count=143 4601 253 111 193 401 109 831 129 182 166 131 1294 511 167
internal_value=0.000235512 0.00138498 0.000229657 0.000807402 -0.00516574 0.000518019 0.00183405 -0.00305792 -0.00909172 0.00364677 0.0030343 0.00382168 0.00700034 0.000462696
internal_weight=1386.36 525.508 483.936 465.844 65.3677 47.8027 400.476 77.3746 39.7879 37.5867 323.101 306.358 158.31 70.3639
internal_count=9222 4621 4368 4225 703 510 3522 588 293 295 2934 2803 1509 678
is_linear=0
shrinkage=0.03


Tree=368
num_leaves=15
num_cat=0
split_feature=16 11 13 11 23 7 11 9 7 13 9 15 4 23
split_gain=1.84009 5.47728 6.77074 6.46074 3.39616 2.64526 2.20235 5.65434 3.70624 6.3139 4.44261 4.03332 3.84347 4.65591
threshold=5.8299212842645742 3.3500000000000001 3.4500000000000006 4.6500000000000012 3.2500000000000004 0.25000000000000006 2.1500000000000008 6.5050000000000008 4.0500000000000007 5.6500000000000012 0.32500000000000007 14.850000000000003 5.8634569891320583 2.3500000000000001
decision_type=10 2 2 2 2 2 2 2 2 2 2 10 2 2
left_child=5 4 -3 -4 -2 -1 7 8 9 10 -7 12 13 -10
right_child=1 2 3 -5 -6 6 -8 -9 11 -11 -12 -13 -14 -15
leaf_value=-0.0093983736918727863 0.0034933065869576663 0.019249843252184245 0.012665807062012908 -0.0060163713608579299 -0.0078978792425077396 0.0087376658627166919 -0.0011989106746342583 0.015845458194656662 -0.0052353219351288158 0.0088030856833780213 -0.0053390283631498487 0.0090943146574658899 -0.0079777969998189729 0.0098962655717950068
leaf_weight=24.066059038043022 41.2222855463624 26.441549580544233 23.447181429713964 35.465696148574352 43.992520250380039 18.071648634970188 764.74695191346109 18.326733991503716 26.505996868014336 37.653521314263344 183.15076518431306 72.273269254714251 31.55098906904459 40.539354182779789
leaf_count=179 269 130 131 210 225 139 5212 92 230 303 1281 389 160 280
internal_value=-4.33573e-05 0.00282866 0.0079918 0.00182827 -0.00249924 -0.000455853 -0.000236952 0.00147558 0.000649577 -0.00175281 -0.00389361 0.00396246 -5.66706e-05 0.00396591
internal_weight=1387.45 170.569 85.3544 58.9129 85.2148 1216.89 1192.82 428.072 409.746 238.876 201.222 170.87 98.5963 67.0454
internal_count=9230 965 471 341 494 8265 8086 2874 2782 1723 1420 1059 670 510
is_linear=0
shrinkage=0.03


Tree=369
num_leaves=15
num_cat=0
split_feature=12 7 16 9 13 0 10 4 10 7 12 7 15 7
split_gain=2.33226 1.83704 2.96029 3.26375 4.0252 6.50531 3.57477 3.23597 2.63327 3.23717 2.74253 2.40873 2.23258 2.0017
threshold=88.250000000000014 5.7500000000000009 5.9169600530405457 2.5650000000000004 4.2500000000000009 7.5000000000000009 1.8050000000000004 6.1810245138114874 0.71500000000000008 6.5500000000000007 63.550000000000004 9.8500000000000032 17.950000000000003 9.0500000000000025
decision_type=2 2 10 2 2 2 2 2 2 2 2 2 8 2
left_child=1 -1 3 6 11 -6 7 8 9 -3 -11 12 -5 -10
right_child=-2 2 -4 4 5 -7 -8 -9 13 10 -12 -13 -14 -15
leaf_value=0.00027880957592748949 0.0092555113351149385 -0.013930778426205144 0.0062119971490500999 0.0065312941402716268 -0.006327689516500464 0.013123477290711146 0.0049004605326941021 0.003677153795673654 -0.0073760452962855971 -0.0092063549796635724 0.0032709095981539515 -0.010561417865152063 -0.0051653971462769007 -0.019297433831314416
leaf_weight=1008.5181565247476 18.021074317395687 18.749163456261158 29.41191741079092 21.815202374011278 20.697968531399965 37.012783348560333 22.283320359885693 19.47694419324398 41.546350836753845 18.514410324394703 43.870588794350624 25.641842387616634 27.474013119935989 24.647413797676563
leaf_count=6983 114 141 157 126 171 179 116 83 278 125 278 134 141 145
internal_value=-0.000215001 -0.000373976 -0.00222644 -0.00308112 0.000526879 0.00619902 -0.00556044 -0.00705985 -0.0085534 -0.00449851 -0.000840406 -0.00395622 0.000136248 -0.0128585
internal_weight=1377.68 1359.66 351.142 321.73 132.642 57.7108 189.088 166.805 147.328 81.1342 62.385 74.9311 49.2892 66.1938
internal_count=9171 9057 2074 1917 751 350 1166 1050 967 544 403 401 267 423
is_linear=0
shrinkage=0.03


Tree=370
num_leaves=15
num_cat=0
split_feature=5 11 10 15 12 12 10 5 11 20 15 5 13 12
split_gain=2.07319 3.91008 6.54278 7.45809 4.50041 9.13089 3.48138 3.34999 3.28036 4.79783 4.18972 4.28251 3.91814 4.63745
threshold=56.95000000000001 2.6500000000000008 0.47500000000000003 9.3500000000000032 60.350000000000001 64.250000000000014 1.405 56.250000000000007 2.0500000000000003 1.0000000180025095e-35 25.150000000000002 53.050000000000004 2.3500000000000001 74.050000000000011
decision_type=2 2 2 8 2 2 2 2 2 2 8 2 2 2
left_child=7 -2 3 -3 6 -6 -4 8 10 12 -1 -12 -10 -14
right_child=1 2 4 -5 5 -7 -8 -9 9 -11 11 -13 13 -15
leaf_value=0.0064613125619367925 -0.0018414124500790931 0.0085821338427703089 0.01505018439551647 -0.0060562509981229992 -0.0082151843158389474 0.0052530653331110955 0.00044376938334989279 -0.0095034943122938812 -0.014876291374991399 0.0050030828453297149 -0.0091716093057234334 0.0056371559221789639 -0.0056129799247225153 0.0043756862632041982
leaf_weight=88.11703946813941 385.12143020704389 36.098625790327787 48.846103675663471 129.7120624370873 51.655818663537502 225.90079332143068 20.620908383280039 43.257209081202745 25.517957672476768 51.469721235334873 38.546414703130722 25.141988981515169 168.25815320014954 51.045605417340994
leaf_count=511 2732 319 339 984 375 1559 120 274 129 283 208 140 954 294
internal_value=-0.00042846 0.000429425 0.00213606 -0.0027114 0.00445783 0.00264548 0.0110353 -0.00198479 -0.0011621 -0.00298292 0.00237353 -0.00334082 -0.00472837 -0.00324228
internal_weight=1389.31 897.956 512.834 165.811 347.024 277.557 69.467 491.354 448.097 296.291 151.805 63.6884 244.822 219.304
internal_count=9221 6428 3696 1303 2393 1934 459 2793 2519 1660 859 348 1377 1248
is_linear=0
shrinkage=0.03


Tree=371
num_leaves=15
num_cat=0
split_feature=12 7 5 5 15 15 9 9 9 23 12 13 13 23
split_gain=2.25782 2.89492 2.83209 4.10673 5.77623 2.80763 5.48977 7.58649 6.41167 5.04917 4.84433 4.69038 4.58639 3.83205
threshold=62.550000000000004 9.5500000000000025 51.650000000000013 63.550000000000004 14.450000000000001 17.950000000000003 1.2850000000000004 2.7950000000000004 0.8650000000000001 3.7500000000000004 68.15000000000002 4.2500000000000009 3.6500000000000008 3.7500000000000004
decision_type=2 2 2 2 10 10 2 2 2 2 2 2 2 2
left_child=-1 5 -3 4 -4 -2 8 9 11 10 -8 -7 -9 -14
right_child=1 2 3 -5 -6 6 7 12 -10 -11 -12 -13 13 -15
leaf_value=-0.0020986702578964073 0.0012487593763443115 0.013118491517114561 -0.011473973956960983 0.011646366328562341 0.0061693897847716001 -0.0087767403387036466 -0.0023330898226501862 0.0070283801631143023 0.013035850350418909 -0.00095326810734203344 -0.020566429933554189 0.0066462872661783795 0.0013080823735161927 -0.012365152761391248
leaf_weight=370.07026622071862 609.82010354474187 24.989417001605034 26.593554496765137 22.708871066570282 30.774579949676991 36.199505742639303 19.804296493530273 47.933401770889759 34.517617601901293 32.214614436030388 44.121490806341171 26.482194297015667 41.55363430455327 27.00528210401535
leaf_count=2480 4449 115 151 136 149 202 122 239 192 161 288 177 244 130
internal_value=-0.000106222 0.000620033 0.00521801 0.00212644 -0.00227354 6.93585e-05 -0.00223494 -0.00490008 0.00354981 -0.0109116 -0.0154967 -0.00225109 0.000306043 -0.00455219
internal_weight=1394.79 1024.72 105.066 80.077 57.3681 919.652 309.832 212.633 97.1993 96.1404 63.9258 62.6817 116.492 68.5589
internal_count=9235 6755 551 436 300 6204 1755 1184 571 571 410 379 613 374
is_linear=0
shrinkage=0.03


Tree=372
num_leaves=15
num_cat=0
split_feature=19 9 15 5 5 11 5 10 11 8 23 16 8 4
split_gain=1.95912 3.91894 4.48391 4.90149 2.55066 6.17838 3.91191 3.76075 9.28563 5.89487 4.17601 4.84961 3.32416 2.70582
threshold=1.5000000000000002 3.7750000000000004 22.850000000000005 61.650000000000013 56.95000000000001 2.0500000000000003 57.550000000000004 0.62500000000000011 3.7500000000000004 60.850000000000001 4.7500000000000009 5.9314393085257562 49.850000000000001 5.8481912730525911
decision_type=2 2 10 2 2 2 2 2 2 2 2 8 2 2
left_child=4 2 3 -2 5 -1 -6 8 13 -10 11 -9 -8 -7
right_child=1 -3 -4 -5 6 7 12 10 9 -11 -12 -13 -14 -15
leaf_value=0.0024122989078463304 0.0087850056041458378 -0.006631644596725373 0.017288618113687294 -0.010044143021176823 0.009251303663177406 -0.0021106111251747747 -0.0062746409603506442 -0.0079913222175056423 0.012784022679834252 -0.0038728201919786672 -0.016181724582901621 0.0038501992154749585 0.00046759050123590048 -0.016324491947573572
leaf_weight=154.77413208037615 25.714279033243656 19.423855870962143 21.124322935938835 15.973418202251194 37.103920392692089 23.227424517273903 67.176047906279564 114.71317803487182 41.695345316082239 29.238691061735153 35.26387831568718 38.644706308841705 741.85544387251139 24.553520955145359
leaf_count=884 170 112 113 136 217 165 366 637 220 202 164 239 5483 118
internal_value=-0.000356653 0.00399891 0.00753286 0.00126725 -0.000644625 -0.00242429 0.000335857 -0.00485961 -0.000627808 0.00611523 -0.00743803 -0.00498002 -0.000127337 -0.0102693
internal_weight=1390.48 82.2359 62.812 41.6877 1308.25 462.111 846.135 307.337 118.715 70.934 188.622 153.358 809.031 47.7809
internal_count=9226 531 419 306 8695 2629 6066 1745 705 422 1040 876 5849 283
is_linear=0
shrinkage=0.03


Tree=373
num_leaves=15
num_cat=0
split_feature=12 11 4 9 9 10 25 10 9 16 7 11 11 7
split_gain=1.67725 4.45172 3.57113 5.35545 5.62898 4.05125 2.91344 5.03724 4.5435 2.97112 2.33963 3.76771 3.57926 3.5339
threshold=61.250000000000007 0.65000000000000002 6.1194157252056671 1.2450000000000003 4.7250000000000005 0.83500000000000008 1.0000000180025095e-35 0.51500000000000012 2.2250000000000005 5.3654635826354689 8.8500000000000032 4.4500000000000011 2.2500000000000004 7.0500000000000007
decision_type=2 2 2 2 2 2 2 2 2 10 2 2 2 2
left_child=1 -1 3 5 6 -3 7 8 -5 -9 13 12 -12 -2
right_child=10 2 -4 4 -6 -7 -8 9 -10 -11 11 -13 -14 -15
leaf_value=-0.012099566601334023 0.00032246660958343303 -0.011083637372052009 -0.0084831427045523409 0.010555559042954903 -0.0078231457277231718 0.0017830297913949203 -0.00073671686841882621 0.0061354926986721464 -0.0089437282744110457 0.020669680123245705 0.0057986641973680883 0.010564075341047358 -0.005771306291863911 -0.0064877249418633688
leaf_weight=31.021514888852835 877.63277927972376 44.0625652782619 41.324216924607754 14.538235332816837 26.005467377603054 37.775628574192524 35.792151920497417 30.478860834613442 18.924952257424593 27.847762800753117 44.590758699923754 44.847041521221399 41.754746235907078 69.359455641359091
leaf_count=209 6019 353 182 122 169 254 211 239 152 168 240 239 222 429
internal_value=-0.000239802 -0.00217431 -0.000866787 0.000618727 0.00388605 -0.00538382 0.0064778 0.00918373 -0.000201265 0.0141589 0.000319897 0.00399664 0.000194035 -0.000207779
internal_weight=1385.96 307.771 276.75 235.426 153.587 81.8382 127.582 91.7898 33.4632 58.3266 1078.18 131.193 86.3455 946.992
internal_count=9208 2059 1850 1668 1061 607 892 681 274 407 7149 701 462 6448
is_linear=0
shrinkage=0.03


Tree=374
num_leaves=15
num_cat=0
split_feature=13 15 15 15 11 16 11 7 5 6 23 15 8 17
split_gain=1.53342 6.11172 5.59773 4.18593 5.1358 4.28422 4.11514 3.98872 3.5737 4.33559 4.9649 5.46705 4.99866 4.4746
threshold=4.0500000000000007 42.050000000000004 7.5500000000000007 6.2500000000000009 2.5500000000000003 5.4758185782739766 7.4500000000000011 12.850000000000003 47.850000000000001 7.8500000000000005 0.55000000000000016 10.65 62.050000000000004 0.7350000000000001
decision_type=2 10 8 10 2 10 2 2 2 2 2 8 2 8
left_child=6 2 3 4 -2 -6 7 -1 -4 10 -10 12 -12 -13
right_child=1 -3 8 -5 5 -7 -8 -9 9 -11 11 13 -14 -15
leaf_value=0.0010419504266768955 0.0048655403273351093 -0.012886955581357315 -0.008420883793848765 -0.015101732815104034 -0.014632198029699327 0.0012860184628022205 0.0097628329979276441 -0.010499777906515536 0.010881184253497983 0.0041057484766935295 0.018200863572179635 0.0025995783834140643 -0.002914145889453813 -0.0067282146272511232
leaf_weight=562.99677169509232 43.473205551505089 30.954744916409254 29.158383082598448 27.922188986092806 32.295922331511974 24.438308663666248 41.641614902764559 23.30089282989502 23.169444113969803 290.3547245413065 15.730370070785282 61.382135838270187 17.356710474938154 158.8583902195096
leaf_count=3375 361 163 156 229 327 162 248 120 212 1891 105 510 152 1184
internal_value=9.4564e-05 -0.000814067 -0.000213156 -0.0057778 -0.00258551 -0.0082266 0.00118499 0.000498347 0.00102124 0.00157632 -0.00110563 -0.00239134 0.00819595 -0.00412851
internal_weight=1383.03 755.095 724.14 128.13 100.207 56.7342 627.939 586.298 596.01 566.852 276.497 253.328 33.0871 220.241
internal_count=9195 5452 5289 1079 850 489 3743 3495 4210 4054 2163 1951 257 1694
is_linear=0
shrinkage=0.03


Tree=375
num_leaves=15
num_cat=0
split_feature=6 6 15 16 13 8 6 9 5 15 0 15 1 11
split_gain=1.8977 3.45814 3.55311 4.79961 3.63509 4.22565 3.17784 4.82494 6.63353 2.70991 2.53136 2.58538 4.48556 6.36986
threshold=13.15 17.950000000000003 15.450000000000001 5.4265608614877943 3.9500000000000006 59.850000000000001 18.850000000000005 2.8950000000000005 55.350000000000001 6.8500000000000005 22.500000000000004 32.750000000000007 1.0000000180025095e-35 4.4500000000000011
decision_type=2 2 8 10 2 2 2 2 2 10 2 8 2 2
left_child=10 2 3 -2 -4 -6 -3 8 -8 -9 11 12 13 -1
right_child=1 6 4 -5 5 -7 7 9 -10 -11 -12 -13 -14 -15
leaf_value=0.0015810718329918919 -0.019146348261136932 0.0099902875934496475 -0.0072936985400903244 -0.0027012723733060009 -0.0046791142867487878 0.010061413623325743 0.012719969813225502 0.0022756045815238088 -0.0021173245088263589 -0.0098956388470893726 0.010352253787341521 -0.0017801464010610128 0.00012050826059229272 0.014375541378194438
leaf_weight=107.34916834905744 25.564432747662067 24.234771624207497 47.542694009840488 37.573611408472061 28.770400986075401 32.349618744105101 37.332250908017159 21.006654135882854 72.292860638350248 51.17244428396225 18.704100757837296 318.80071100220084 518.30478346347809 48.059054270386696
leaf_count=761 203 135 265 229 159 204 180 121 432 259 83 2233 3595 343
internal_value=-1.65256e-05 -0.00181659 -0.00489623 -0.0102762 -0.00145568 0.00329362 0.000806454 -0.000652397 0.00326988 -0.00643544 0.000661694 0.000428099 0.00147846 0.00586245
internal_weight=1389.06 377.84 171.801 63.138 108.663 61.12 206.039 181.804 109.625 72.1791 1011.22 992.514 673.713 155.408
internal_count=9202 2187 1060 432 628 363 1127 992 612 380 7015 6932 4699 1104
is_linear=0
shrinkage=0.03


Tree=376
num_leaves=15
num_cat=0
split_feature=6 15 7 10 7 4 12 12 23 4 6 12 7 16
split_gain=1.96691 1.98684 1.70032 1.977 1.43619 4.65519 5.98502 4.70505 4.6969 5.35157 6.01207 4.40589 3.64597 7.78812
threshold=1.2500000000000002 12.450000000000001 0.35000000000000003 1.0250000000000001 2.0500000000000003 5.3576185316984768 59.050000000000004 61.95000000000001 3.1500000000000008 6.0637186852943206 6.2500000000000009 67.950000000000017 2.9500000000000006 5.8415321416939721
decision_type=2 10 2 2 2 2 2 2 2 2 2 2 2 10
left_child=1 -1 3 -2 5 -4 -7 -8 11 10 -10 -9 13 -6
right_child=2 -3 4 -5 12 6 7 8 9 -11 -12 -13 -14 -15
leaf_value=-0.011091710235244419 -0.0092069237232274854 0.0020996660424336829 0.007979001137122986 0.0028132235087754455 -0.0058302784009747373 0.0099056449931424501 -0.012793230165336051 0.0041321873160477078 -0.003159935352463528 -0.0060572875637654464 0.014601104473319379 -0.0079180037161903655 0.0011104018689413633 0.012663467609231189
leaf_weight=21.04558489844203 27.671072740107775 14.710864767432211 93.783571291714907 16.740691069513559 159.89332098886371 44.361212566494942 24.464674677699804 36.977342218160629 23.295250959694386 26.095565766096115 47.045010302215815 77.686151135712862 745.72554717585444 18.644251145422459
leaf_count=185 219 99 937 109 1151 251 158 237 138 114 256 517 4646 115
internal_value=0.000423389 -0.00607275 0.000618317 -0.00484983 0.00082331 0.0023794 0.000396258 -0.0015632 4.15399e-06 0.00475324 0.00889967 -0.0040217 0.000184718 -0.00360665
internal_weight=1378.14 35.7564 1342.38 44.4118 1297.97 373.709 279.925 235.564 211.099 96.4358 70.3403 114.663 924.263 178.538
internal_count=9132 284 8848 328 8520 2608 1671 1420 1262 508 394 754 5912 1266
is_linear=0
shrinkage=0.03


Tree=377
num_leaves=15
num_cat=0
split_feature=12 12 9 11 16 8 15 9 8 5 4 16 4 6
split_gain=2.13141 3.47722 4.16838 3.40069 3.27507 7.5188 5.32342 5.67799 3.94894 3.58491 3.05895 3.45343 2.48011 4.64029
threshold=61.250000000000007 60.050000000000004 2.3850000000000002 0.65000000000000002 5.6458666487351659 60.45000000000001 14.850000000000003 1.8450000000000004 64.15000000000002 61.150000000000013 5.4457715041386878 3.4133835885335388 6.1719743840192729 16.850000000000005
decision_type=2 2 2 2 10 2 8 2 2 2 2 10 2 2
left_child=1 3 -3 -1 5 6 -5 -8 -7 -6 11 -10 -2 -14
right_child=12 2 -4 4 9 8 7 -9 10 -11 -12 -13 13 -15
leaf_value=-0.00958199804824089 0.00050144571371093095 -0.00055366081548864762 -0.017029792403242913 -0.01282121700276068 -0.0090909717010782213 0.017275518198598881 -0.0078651907872500249 0.011099537459852852 0.0067799035351847944 0.0045116140158106737 0.0090035495039799407 -0.012693774085993188 0.009310404965289603 -0.0031691459160831958
leaf_weight=26.493185222148895 969.52422730252147 28.882689874619246 22.126878548413515 28.377621065825224 44.385236993432045 28.553716100752354 21.481557503342628 26.058424919843674 11.028285980224611 23.16256932914257 35.364829536527395 12.537297010421751 73.71277691423893 37.573644801974297
leaf_count=173 6683 215 151 184 235 193 131 145 120 141 222 147 318 161
internal_value=0.000372852 -0.00180807 -0.0085829 -0.000327761 0.000914387 0.00319266 -0.00360231 0.0025971 0.00896522 -0.00443709 0.00390241 -0.00398886 0.00100072 0.00514184
internal_weight=1389.26 308.452 51.0096 257.443 230.95 163.402 75.9176 47.54 87.4841 67.5478 58.9304 23.5656 1080.81 111.286
internal_count=9219 2057 366 1691 1518 1142 460 276 682 376 489 267 7162 479
is_linear=0
shrinkage=0.03


Tree=378
num_leaves=15
num_cat=0
split_feature=5 12 7 12 11 16 15 7 16 5 16 4 0 6
split_gain=1.68952 1.48327 5.41712 2.51894 3.06245 2.94647 6.55666 2.12271 1.76655 5.3857 6.0885 4.95869 4.46459 5.45228
threshold=77.15000000000002 53.250000000000007 2.8500000000000001 58.45000000000001 1.5500000000000003 5.6493279831109291 13.950000000000001 5.0500000000000007 5.3950650364007915 61.850000000000001 5.3484956511275712 5.7084404392100234 13.500000000000002 12.950000000000001
decision_type=2 2 2 2 2 8 10 2 8 2 10 2 2 2
left_child=1 2 -1 4 -3 6 -6 -4 9 10 12 -11 13 -5
right_child=-2 3 7 8 5 -7 -8 -9 -10 11 -12 -13 -14 -15
leaf_value=0.011578428303810253 0.0074299531316572697 -0.012580610652056219 -0.0099265289432612907 0.0042484657577622018 -0.007735064618130387 -0.006840136474613687 0.013075595351298298 0.0026596807726158335 0.00061981739858948308 -0.0030479485354420487 -0.010609675526205967 -0.016153686016883929 0.012681575891095304 -0.0094487121299151253
leaf_weight=34.791524324566126 20.981763254851103 27.317778598517179 18.829355619847775 102.97607421688735 21.157124821096659 43.98708564043045 24.016248669475317 21.085710510611534 848.98485627770424 115.90694274008274 27.366318751126528 29.86036829277873 32.894089624285698 29.557518366724253
leaf_count=214 185 181 122 802 162 294 142 127 5237 1127 144 191 139 205
internal_value=-0.00015016 -0.000291947 0.00368301 -0.000532867 -0.00464757 -0.00167799 0.00352932 -0.00372176 -0.000111491 -0.00192767 0.00136187 -0.00617933 0.00359546 0.000961282
internal_weight=1399.71 1378.73 74.7066 1304.02 116.478 89.1605 45.1734 39.9151 1187.55 338.561 192.794 145.767 165.428 132.534
internal_count=9272 9087 463 8624 779 598 304 249 7845 2608 1290 1318 1146 1007
is_linear=0
shrinkage=0.03


Tree=379
num_leaves=15
num_cat=0
split_feature=6 4 4 13 18 12 0 17 18 15 6 12 6 15
split_gain=1.38965 1.70083 7.62928 4.46221 3.25236 2.95804 4.50439 3.9337 6.31151 6.46632 2.94281 5.95135 2.68336 2.97648
threshold=35.45000000000001 5.6126058646306207 5.5880637467126633 2.4500000000000006 203.50000000000003 64.250000000000014 7.5000000000000009 0.29500000000000004 174.50000000000003 27.950000000000003 7.0500000000000007 55.95000000000001 13.750000000000002 33.050000000000004
decision_type=2 2 2 2 8 2 2 8 8 8 2 2 2 10
left_child=1 2 3 -1 -3 6 7 -5 -9 10 11 -10 13 -7
right_child=-2 4 -4 5 -6 12 -8 8 9 -11 -12 -13 -14 -15
leaf_value=-0.012462492932173046 0.0072384281746375899 -0.0085982755595761656 0.013740986351921336 -0.016858771353853129 -0.00038252483148540204 0.0044798397687377985 0.0086953638958218952 0.014141909079189326 -0.010924928932121363 -0.018304989470071219 -0.0066228513127293978 0.011443592900838406 -0.0038066095137160882 -0.0081198920979379322
leaf_weight=18.548668589442968 19.271646805107594 40.855136677622795 36.185897953808308 15.692011617124079 811.13331205397844 254.114945538342 22.047891117632389 12.898571930825709 11.174531441181896 20.455326650291681 34.781095393002033 28.384899308905005 46.565067540854216 13.53632292896509
leaf_count=145 94 233 217 177 4337 2335 113 118 121 195 334 304 378 99
internal_value=0.000123006 -3.37693e-06 0.00135128 0.000281251 -0.000824359 0.000924083 -0.00255671 -0.00482768 -0.00240443 -0.00525158 -0.000732623 0.00460817 0.00254997 0.00370539
internal_weight=1385.65 1366.37 514.385 478.199 851.988 459.651 145.434 123.386 107.694 94.7959 74.3405 39.5594 314.216 267.651
internal_count=9200 9106 4536 4319 4570 4174 1362 1249 1072 954 759 425 2812 2434
is_linear=0
shrinkage=0.03


Tree=380
num_leaves=15
num_cat=0
split_feature=8 10 23 10 8 8 16 8 5 15 9 12 11 4
split_gain=1.98424 6.96167 3.14143 4.18523 3.4829 4.95103 3.24126 3.67502 3.3263 2.87613 4.31459 2.61525 1.94868 3.16692
threshold=71.550000000000011 1.675 0.8500000000000002 1.155 72.65000000000002 74.65000000000002 5.5717484171675666 76.750000000000014 64.15000000000002 3.3500000000000001 1.6250000000000002 68.950000000000017 0.35000000000000003 5.571166495774313
decision_type=2 2 2 2 2 2 10 2 2 8 2 2 2 2
left_child=9 2 11 4 -4 -6 7 -7 -9 10 -1 -2 13 -11
right_child=1 -3 3 -5 5 6 -8 8 -10 12 -12 -13 -14 -15
leaf_value=-0.015803980657811953 -0.012025364958910866 -0.013410715381473726 0.013606343143459088 0.018076299516408174 -0.0084020070057814703 -0.0096188479810546384 0.01595494421665861 -0.0027335841558684608 0.015697899918627627 0.0041819484394623489 0.0011678454633379787 0.0051598438644316277 0.00012384578967124336 -0.0090001256652837182
leaf_weight=21.767188213765621 12.05791821703315 15.919229280203579 21.443951662629843 20.081419885158539 27.892942294478416 13.714722130447624 15.00951477140188 14.668129449710252 13.179578084498642 20.494549173861742 25.87640168890357 10.960956592112778 1119.016254035756 46.617083698511124
leaf_count=180 134 124 162 148 235 121 95 129 134 186 183 112 7075 261
internal_value=-7.22021e-05 0.00296806 0.00509645 0.0069293 0.00409609 0.00105613 0.00602309 0.00110825 0.00705123 -0.000488959 -0.00735074 -0.00438175 -0.00018364 -0.00496374
internal_weight=1398.7 164.928 149.009 125.99 105.909 84.4649 56.5719 41.5624 27.8477 1233.77 47.6436 23.0189 1186.13 67.1116
internal_count=9279 1394 1270 1024 876 714 479 384 263 7885 363 246 7522 447
is_linear=0
shrinkage=0.03


Tree=381
num_leaves=15
num_cat=0
split_feature=5 5 6 17 8 6 16 6 12 12 8 8 12 8
split_gain=2.21139 4.81023 3.13163 2.70981 3.62188 3.31513 2.73973 5.62781 6.5705 2.94933 3.38545 5.94444 4.25394 3.16863
threshold=61.850000000000001 61.550000000000004 2.1500000000000008 0.51500000000000012 65.350000000000009 7.4500000000000011 5.5827120454935644 4.5500000000000007 60.050000000000004 65.15000000000002 62.350000000000001 54.850000000000001 70.350000000000009 58.350000000000001
decision_type=2 2 2 8 2 2 10 2 2 2 2 2 2 2
left_child=1 2 -1 4 5 -4 -5 -8 -9 -10 11 -11 -12 -13
right_child=-2 -3 3 6 -6 -7 7 8 9 10 12 13 -14 -15
leaf_value=-0.0060020458183889765 -0.0012623746815220395 0.013540465105839028 0.0086046317539491234 0.0034649524103964294 -0.01243903537537777 -0.0054813034360667858 0.0091039284242033815 -0.011945404721699091 0.0064998575608047502 0.0022669001647534297 -0.0058786903962821683 -0.017753672299968083 0.0098811027586770891 -0.0028511613994050829
leaf_weight=52.323868721723557 537.44950735196471 22.481997288763523 21.816120654344559 399.18339227885008 24.032816089689732 29.304414421319962 42.991117227822542 44.208820655941963 46.609305825084448 52.75295789539814 20.80866714566946 27.383420936763287 35.186487920582294 25.033163513988256
leaf_count=358 4159 135 143 2407 204 175 243 229 247 249 117 138 210 133
internal_value=0.000234827 0.00118992 0.000772117 0.00126864 -0.00397276 0.000761039 0.00186045 -0.000332451 -0.00208821 0.00024056 -0.00171076 -0.00480744 0.00402271 -0.0115046
internal_weight=1381.57 844.117 821.635 769.311 75.1534 51.1205 694.157 294.974 251.983 207.774 161.165 105.17 55.9952 52.4166
internal_count=9147 4988 4853 4495 522 318 3973 1566 1323 1094 847 520 327 271
is_linear=0
shrinkage=0.03


Tree=382
num_leaves=15
num_cat=0
split_feature=11 4 10 13 23 6 0 4 11 8 7 15 15 9
split_gain=1.68216 3.10301 2.77646 2.4249 4.20058 6.48024 4.74983 3.51552 3.79386 4.90311 4.51588 4.24989 4.0351 3.7047
threshold=0.35000000000000003 5.715876377430587 0.8650000000000001 3.6500000000000008 2.1500000000000008 5.0500000000000007 5.5000000000000009 6.3152570869009379 0.95000000000000007 57.050000000000004 10.350000000000003 5.5500000000000007 16.350000000000005 3.4950000000000006
decision_type=2 2 2 2 2 2 2 2 2 2 2 10 10 2
left_child=1 2 -1 4 5 6 -2 8 9 -5 13 -11 -13 -10
right_child=3 -3 -4 7 -6 -7 -8 -9 10 11 -12 12 -14 -15
leaf_value=-0.0045307348459118239 0.016846557100117301 -0.0094870374099317104 0.010203585192675238 -0.0043988464904803721 0.0037694535100130395 -0.0081109798289887361 -0.0038666456696618691 -0.011445918712586305 -0.0004060382415965679 0.018121996073352294 0.0074839366043124508 -0.0053653434521706341 0.011710086437938817 -0.0055523810666818947
leaf_weight=21.921128392219543 15.948845505714415 39.374815732240677 15.366616807878016 29.642584722489119 332.82708241418004 68.912597864866257 16.108495034277439 20.992095157504082 551.37821100838482 25.315785329788923 48.139958824962378 22.111713737249374 18.469605803489685 158.49672727286816
leaf_count=207 152 217 116 168 1776 482 88 88 4111 183 270 167 114 1057
internal_value=7.40425e-05 -0.00410403 0.0020299 0.000333549 0.00215411 -0.00309717 0.007321 -0.000576606 -0.000244187 0.00523537 -0.000964609 0.00957373 0.00283817 -0.00158588
internal_weight=1385.01 76.6626 37.2877 1308.34 433.797 100.97 32.0573 874.547 853.555 95.5397 758.015 65.8971 40.5813 709.875
internal_count=9196 540 323 8656 2498 722 240 6158 6070 632 5438 464 281 5168
is_linear=0
shrinkage=0.03


Tree=383
num_leaves=15
num_cat=0
split_feature=16 11 16 10 11 16 15 4 4 4 7 6 4 6
split_gain=2.05542 3.7106 1.86724 1.71917 2.86785 2.31422 2.01771 2.98763 2.97365 5.10694 4.17351 5.87275 3.87267 4.98267
threshold=5.981675882704967 2.4500000000000006 5.9234082660476366 0.045000000000000005 2.4500000000000006 5.8843135043416579 25.650000000000002 5.4396594755956835 6.1194157252056671 6.0507856225887409 2.0500000000000003 1.5500000000000003 5.1721429718648553 3.0500000000000003
decision_type=10 2 10 2 2 10 10 2 2 2 2 2 2 2
left_child=2 -2 3 4 -1 6 8 -8 9 10 11 -5 13 -13
right_child=1 -3 -4 5 -6 -7 7 -9 -10 -11 -12 12 -14 -15
leaf_value=0.01317961828778634 -0.013403963851797139 0.00082659412138629885 0.0064898906835788072 -0.013222713686846223 -0.0013997283717800341 -0.0086498528393814302 -0.0067798738719902748 0.0034544040084832691 -0.005229819619902102 0.0085174615130178405 -0.0022241637832225406 0.023582904357190439 0.0013144816876106888 0.0042759861318670909
leaf_weight=17.969123542308807 23.650211319327354 37.58621958270669 35.514561668038368 15.740649204701183 23.946686875075102 23.909826006740332 24.258241318166256 222.70195265114307 109.0147331058979 53.125274509191513 539.38010989874601 12.490583948791025 206.40357626229525 48.834695346653461
leaf_count=134 134 225 192 144 182 134 214 1099 484 245 3973 121 1453 514
internal_value=-0.000108047 -0.00526636 0.000147658 -5.01431e-05 0.00558888 -0.000259769 -6.26268e-05 0.00233452 -0.000672405 -7.87731e-05 -0.000681859 0.00224049 0.00337537 0.00968975
internal_weight=1394.53 61.2364 1333.29 1297.78 41.9158 1255.86 1231.95 246.96 984.99 875.975 822.85 283.47 267.729 61.3253
internal_count=9248 359 8889 8697 316 8381 8247 1313 6934 6450 6205 2232 2088 635
is_linear=0
shrinkage=0.03


Tree=384
num_leaves=15
num_cat=0
split_feature=12 4 9 15 7 16 13 8 6 6 9 13 5 8
split_gain=1.53374 1.58307 5.72905 4.73994 3.09789 1.64143 1.85642 1.52057 4.37567 3.35137 3.60596 6.33372 6.68042 5.62397
threshold=88.250000000000014 6.1719743840192729 2.5450000000000004 23.250000000000004 4.3500000000000005 5.981675882704967 7.0500000000000007 60.850000000000001 22.550000000000004 25.750000000000004 1.0050000000000001 5.5500000000000007 60.550000000000004 59.250000000000007
decision_type=2 2 2 10 2 10 2 2 2 2 2 2 2 2
left_child=1 5 4 -4 -3 6 7 9 -9 10 -1 13 -13 -12
right_child=-2 2 3 -5 -6 -7 -8 8 -10 -11 11 12 -14 -15
leaf_value=-0.0029363534190960951 0.0076927904926607331 0.014819976318540987 -0.009774419215121009 0.0050503781862238804 0.0025765868886478043 -0.0054186199427719833 0.0083892579083546664 -0.0020160266930044413 0.0085986087135416691 -0.0080436589092420813 -0.00045806732276226146 0.00030816207547810956 0.020986679822896724 0.0098289521236107121
leaf_weight=126.95588856935501 18.27320646494627 31.615522727370262 38.346035018563271 30.903447315096855 43.120858155190945 51.559968750923872 17.303121350705624 572.60203116759658 32.299188330769539 31.30994476377964 290.69719145074487 25.061783388257027 27.4783606082201 52.160144221037626
leaf_count=803 114 137 166 133 186 322 148 4526 194 166 1657 148 189 331
internal_value=5.58663e-05 -7.34662e-05 0.00284774 -0.00326408 0.00836041 -0.000426307 -0.000185385 -0.000348947 -0.0013834 0.00078351 0.00138386 0.00279036 0.0120069 0.00122572
internal_weight=1389.69 1371.41 143.986 69.2495 74.7364 1227.43 1175.87 1158.56 604.901 553.663 522.353 395.397 52.5401 342.857
internal_count=9220 9106 622 299 323 8484 8162 8014 4720 3294 3128 2325 337 1988
is_linear=0
shrinkage=0.03


Tree=385
num_leaves=15
num_cat=0
split_feature=6 16 16 13 7 7 11 11 16 9 14 12 0 4
split_gain=2.19526 2.95251 1.6742 4.6473 4.71326 7.32596 6.65097 4.34432 3.38037 3.0786 2.04441 2.00325 5.99026 3.32553
threshold=26.650000000000002 5.6699580697646654 5.8299212842645742 3.4500000000000006 3.6500000000000008 6.9500000000000011 4.3500000000000005 3.4500000000000006 5.7339964818670781 1.0650000000000002 1.0000000180025095e-35 55.250000000000007 4.5000000000000009 5.6217281388607301
decision_type=2 8 10 2 2 2 2 2 10 2 2 2 2 2
left_child=2 -2 8 7 6 -6 -5 -4 10 -10 11 12 -1 -13
right_child=1 -3 3 4 5 -7 -8 -9 9 -11 -12 13 -14 -15
leaf_value=-0.0085795515417094528 0.00068516602233104627 -0.011730212695774674 0.0012610881428425436 0.011897654112559128 -0.014975179017070081 0.0059793610812186957 -0.0079765676730608314 0.017933122957082787 0.0034281297366051092 -0.0084548356322008064 0.0064934180744545024 0.0016230612649713232 0.0088903900208771782 -0.0019363277494227819
leaf_weight=19.621828321367502 34.894377641379833 28.100091453641653 28.326999809592962 38.372791312634945 31.703618630766869 21.774867955595255 19.048994895070791 24.640216112136841 23.350351929664612 70.840005178004503 40.968607753515244 417.64472225122154 61.458254635334015 530.91169242188334
leaf_count=217 178 149 148 234 187 118 122 121 139 415 250 3737 319 2892
internal_value=-5.03825e-05 -0.00530833 0.000217873 0.00300963 -0.000563766 -0.00666137 0.0051938 0.00989473 -0.000186066 -0.00548467 0.000303426 2.694e-05 0.0044098 -0.000368853
internal_weight=1391.66 62.9945 1328.66 163.867 110.9 53.4785 57.4218 52.9672 1164.8 94.1904 1070.61 1029.64 81.0801 948.556
internal_count=9226 327 8899 930 661 305 356 269 7969 554 7415 7165 536 6629
is_linear=0
shrinkage=0.03


Tree=386
num_leaves=15
num_cat=0
split_feature=10 5 23 5 15 13 16 10 23 8 10 10 8 8
split_gain=1.76606 4.81347 5.10135 4.88661 4.81788 3.1555 3.08247 2.70917 3.11124 5.15777 4.07621 2.39011 4.83562 6.16209
threshold=0.18500000000000003 61.650000000000013 1.1500000000000001 57.050000000000004 19.950000000000003 4.0500000000000007 5.6589938860766162 0.28500000000000009 3.5500000000000003 59.650000000000013 0.24500000000000002 0.47500000000000003 69.050000000000011 60.150000000000013
decision_type=2 2 2 2 8 2 10 2 2 2 2 2 2 2
left_child=1 3 -3 5 -5 -1 -4 8 9 -2 -11 12 13 -9
right_child=7 2 6 4 -6 -7 -8 11 -10 10 -12 -13 -14 -15
leaf_value=0.0022985139147859196 -0.0088336480644149104 0.0058312617652430615 -0.016196172655362603 0.01762267414170407 -0.0017006920994353349 -0.010489578710148547 -3.1848893788835841e-05 -0.0066985767469797822 0.011522691313956791 -0.0010410772391678538 0.016202663047169597 0.00052885258151593459 -0.012808311170891259 0.0059735875558115954
leaf_weight=33.575210850685835 25.252183575183153 14.37423414364457 41.654698591679335 20.322117205709219 19.965757615864277 28.022883970290422 13.771388571709393 66.186323489993811 35.367913357913494 25.676184017211199 17.791317395865917 954.01118770614266 32.7569545134902 62.115403145551682
leaf_count=181 162 160 392 142 134 196 93 406 193 209 145 6072 296 470
internal_value=-1.0242e-05 -0.002814 -0.00859955 0.00136645 0.00891595 -0.00386994 -0.0125149 0.000394475 0.00490664 0.000950989 0.00696021 -4.67423e-05 -0.00336947 -0.00056959
internal_weight=1390.84 171.686 69.8003 101.886 40.2879 61.5981 55.4261 1219.16 104.088 68.7197 43.4675 1115.07 161.059 128.302
internal_count=9251 1298 645 653 276 377 485 7953 709 516 354 7244 1172 876
is_linear=0
shrinkage=0.03


Tree=387
num_leaves=15
num_cat=0
split_feature=7 4 7 11 23 12 8 9 7 16 11 11 23 9
split_gain=1.90048 3.2779 3.27108 5.12253 3.38597 3.27346 5.37624 4.06603 6.1568 3.32679 3.18534 3.07137 3.2765 7.68139
threshold=4.6500000000000012 6.3333277891718245 5.1500000000000012 7.3500000000000005 2.4500000000000006 71.350000000000009 67.750000000000014 2.6550000000000007 8.8500000000000032 5.6254626782429096 7.9500000000000011 6.3500000000000005 3.8500000000000001 3.5550000000000002
decision_type=2 2 2 2 2 2 2 2 2 8 2 2 2 2
left_child=10 2 4 5 -2 -4 7 8 -7 -9 11 12 -1 -14
right_child=1 -3 3 -5 -6 6 -8 9 -10 -11 -12 -13 13 -15
leaf_value=-0.002056387099363463 -0.00099807973548756757 -0.0087740109654729607 0.0022204820417796281 0.011578272516658028 0.013095144123047027 -0.018332911306753661 0.0071992198977765196 0.0079218947261575929 -0.00060251501114199951 -0.006642750085462756 -0.0083346851928672808 0.005324117063028086 0.0059086724817514853 -0.0063296933980901441
leaf_weight=574.83070776611567 22.446545178070664 21.349348500370979 232.68845630437136 33.124529130756855 39.315766673535109 36.694039147347212 29.233212407678366 22.573125801980495 31.142458826303482 23.940531216561794 42.186585806310177 73.796414151787758 149.05916674807668 61.247299537062645
leaf_count=4320 175 90 1408 195 220 248 209 123 160 127 299 538 827 321
internal_value=7.31191e-05 0.00156264 0.00211824 0.00109964 0.00828203 3.74341e-05 -0.00345604 -0.00636751 -0.0107933 0.000508344 -0.000745111 -0.000326269 -0.000887689 0.00228028
internal_weight=1393.63 492.508 471.159 409.396 61.7623 376.272 143.583 114.35 67.8365 46.5137 901.12 858.934 785.137 210.306
internal_count=9260 2955 2865 2470 395 2275 867 658 408 250 6305 6006 5468 1148
is_linear=0
shrinkage=0.03


Tree=388
num_leaves=15
num_cat=0
split_feature=1 6 5 5 16 16 16 5 23 15 8 0 23 23
split_gain=1.90685 4.05864 3.6875 3.37898 3.16528 6.97662 5.39632 3.12222 6.36561 3.39727 2.92723 3.3538 4.37968 3.56964
threshold=1.0000000180025095e-35 6.3500000000000005 71.65000000000002 50.050000000000004 5.7583701960662266 5.9401871273555775 5.674399514447658 66.950000000000017 2.2500000000000004 5.4500000000000011 71.350000000000009 5.5000000000000009 2.1500000000000008 2.4500000000000006
decision_type=2 2 2 2 8 10 10 2 2 10 2 2 2 2
left_child=-1 3 10 -2 6 -6 7 9 -9 -5 11 12 -3 -13
right_child=1 2 -4 4 5 -7 -8 8 -10 -11 -12 13 -14 -15
leaf_value=0.001652870469681457 0.0051254821602466352 0.00021693534823546403 0.011483920829785778 0.0047464367794422084 -0.016775582615198039 0.0027810461355981682 0.0090855789118257368 0.012826691964481227 -0.0088251097307177583 -0.00850450398976982 0.0067004918966879906 -0.0044081068405822993 -0.014624728152898912 0.001936267307555223
leaf_weight=501.52489724010229 32.179052855819464 39.553945381194353 22.66063729673624 17.042951699346304 42.134788952767849 23.25760455802083 25.831794656813145 20.420529864728451 18.781488481909037 115.97078360058367 52.237189751118422 98.058936387300491 27.463309163227677 349.53596959263086
leaf_count=3558 164 392 176 165 297 157 166 205 179 829 383 538 312 1689
internal_value=0.000183985 -0.000652913 0.000787623 -0.00349089 -0.00461923 -0.0101165 -0.00259968 -0.00455932 0.00262855 -0.00669623 0.000263351 -0.000448258 -0.0064582 0.000513001
internal_weight=1386.65 885.129 589.51 295.619 263.44 65.3924 198.048 172.216 39.202 133.014 566.849 514.612 67.0173 447.595
internal_count=9210 5652 3490 2162 1998 454 1544 1378 384 994 3314 2931 704 2227
is_linear=0
shrinkage=0.03


Tree=389
num_leaves=15
num_cat=0
split_feature=24 5 5 15 15 5 16 18 6 15 9 6 8 15
split_gain=2.33227 1.21924 5.04369 4.36105 7.48869 4.3617 4.09773 4.99614 3.83342 6.55336 4.59088 4.13113 3.70586 3.56957
threshold=1.0000000180025095e-35 66.450000000000017 65.750000000000014 24.450000000000003 31.450000000000003 70.450000000000017 3.708165724643735 88.500000000000014 7.9500000000000011 13.15 3.2850000000000006 3.0500000000000003 61.95000000000001 20.750000000000004
decision_type=2 2 2 10 10 2 8 10 2 10 2 2 2 8
left_child=1 2 -1 5 -5 8 -7 13 10 12 11 -3 -10 -8
right_child=-2 3 -4 4 -6 6 7 -9 9 -11 -12 -13 -14 -15
leaf_value=-0.000460903136335943 0.0062233670489150418 -0.0026160743279509701 0.010031536793578084 0.016358152516325161 -0.006474478770061208 0.012625842276479718 -0.0015069232520716926 0.0095294193422122125 0.013194194065102869 -0.014909636046724109 0.0026482835305327895 -0.021458780665424119 -0.0042685419825967356 -0.016761061614291237
leaf_weight=1056.9387222547084 43.209312908351421 16.260782238095999 37.898113075643778 22.45404002815485 20.541755191981792 15.617704067379234 44.346060294657946 19.111855702474713 19.284913115203381 16.399191789329052 12.962568458169697 35.038097228854895 16.476168647408485 15.834219641983507
leaf_count=6591 206 161 287 141 132 157 394 171 130 116 108 340 159 158
internal_value=-0.000262182 -0.000492105 -5.37506e-05 -0.00234173 0.00591151 -0.00411868 0.000665835 -0.00229906 -0.00788594 -0.00157988 -0.0125209 -0.0162488 0.00561192 -0.00649835
internal_weight=1392.37 1349.16 1094.84 254.327 42.9958 211.332 94.9098 79.2921 116.422 52.1603 64.2614 51.2989 35.7611 60.1803
internal_count=9251 9045 6878 2167 273 1894 880 723 1014 405 609 501 289 552
is_linear=0
shrinkage=0.03


Tree=390
num_leaves=15
num_cat=0
split_feature=10 10 11 7 7 10 5 11 23 16 5 9 9 9
split_gain=1.49715 4.31637 4.9346 3.36561 4.29388 3.02587 5.33579 5.44812 4.94386 4.12019 4.06287 3.24973 2.75443 4.20362
threshold=0.30500000000000005 0.45500000000000007 1.2500000000000002 7.5500000000000007 1.6500000000000001 0.18500000000000003 61.650000000000013 4.8500000000000005 1.1500000000000001 5.6589938860766162 57.050000000000004 0.52500000000000013 0.68500000000000016 0.96500000000000008
decision_type=2 2 2 2 2 2 2 2 2 10 2 2 2 2
left_child=5 2 -2 4 -4 6 7 10 -8 -10 -1 -7 -3 -14
right_child=1 12 3 -5 -6 11 8 -9 9 -11 -12 -13 13 -15
leaf_value=-0.0060912529921903543 0.0055159017265672813 0.0039050448067393531 -0.00016786465083130735 0.0034648990217335182 -0.014792413787959577 -0.0051510418740339852 0.0076715010269604172 0.013870455137033178 -0.014885328853457329 0.0027424564304752048 0.0072299688715632571 0.007686978403876576 -0.0074095122514285794 0.00044598321641658572
leaf_weight=44.610935661941767 26.415488548576832 174.34727168083191 25.53091499581933 16.073370546102524 57.793817099183798 17.503959737718105 13.561656922101973 28.884701378643513 40.580068614333868 14.291590735316275 30.271290399134159 105.84801286831498 61.902665328234434 728.68548427894711
leaf_count=272 183 1167 205 95 429 141 152 175 384 95 212 700 435 4539
internal_value=0.000373728 -0.000142223 -0.00525706 -0.00824709 -0.0105746 0.00224856 -0.000340623 0.00388734 -0.00657974 -0.0104485 -0.00059065 0.00573554 0.00054834 -0.000211799
internal_weight=1386.3 1090.75 125.814 99.3981 83.3247 295.552 172.2 103.767 68.4333 54.8717 74.8822 123.352 964.935 790.588
internal_count=9184 7053 912 729 634 2131 1290 659 631 479 484 841 6141 4974
is_linear=0
shrinkage=0.03


Tree=391
num_leaves=15
num_cat=0
split_feature=12 12 18 9 15 9 9 11 6 16 10 10 9 10
split_gain=1.37241 1.74025 3.84162 3.25673 6.62542 7.59319 3.88932 6.99457 3.69471 3.5872 4.5377 4.92984 4.72354 8.33901
threshold=88.250000000000014 73.15000000000002 308.50000000000006 0.76500000000000012 6.3500000000000005 0.64500000000000013 5.6550000000000011 2.3500000000000001 7.2500000000000009 5.8720224659992812 1.385 1.2250000000000003 1.2850000000000004 0.84500000000000008
decision_type=2 2 10 2 10 2 2 2 2 10 2 2 2 2
left_child=1 3 -3 4 -1 8 9 -8 -6 10 11 12 13 -5
right_child=-2 2 -4 6 5 -7 7 -9 -10 -11 -12 -13 -14 -15
leaf_value=-0.0099434040412255346 0.0072976226374170776 -0.002450197994389852 0.010218109602289391 0.012598394481505055 0.010170908390163883 -0.014127871931013282 0.005566163729993444 -0.012941515263896065 -0.00043999959377261517 0.0082812001802595962 -0.0031061211094393216 0.012831519132150429 0.00041802472767577567 -0.0074309284929904252
leaf_weight=68.170390482991934 18.806902982294559 353.47687647491693 18.02274064719677 70.590186156332493 48.624461676925421 19.13600630313158 28.331129427999258 37.831057585775852 64.861266322433949 72.703017186373472 148.30925902351737 35.605919778347015 387.89072972163558 21.161525268107653
leaf_count=553 118 2398 111 526 336 134 150 221 382 404 864 230 2676 142
internal_value=0.000156201 3.24096e-05 -0.00170808 0.000682202 -0.00269147 0.00126201 0.00153784 -0.00518214 0.00434373 0.0021726 0.00144638 0.00277403 0.00190274 0.00783356
internal_weight=1393.52 1374.71 371.5 1003.21 200.792 132.622 802.423 66.1622 113.486 736.261 663.558 515.248 479.642 91.7517
internal_count=9245 9127 2509 6618 1405 852 5213 371 718 4842 4438 3574 3344 668
is_linear=0
shrinkage=0.03


Tree=392
num_leaves=15
num_cat=0
split_feature=10 4 10 4 4 8 15 1 8 7 9 9 9 15
split_gain=1.7143 1.96571 2.6954 2.3088 3.8559 3.42699 4.09765 2.01053 2.92596 2.34201 2.28437 4.59773 4.07432 3.66248
threshold=2.8950000000000005 6.2663935011327005 0.82500000000000007 6.1194157252056671 6.0818669689277494 52.95000000000001 26.250000000000004 1.0000000180025095e-35 78.15000000000002 0.45000000000000007 0.38500000000000006 0.16500000000000004 0.94500000000000006 4.9500000000000011
decision_type=2 2 2 2 2 2 10 2 2 2 2 2 2 10
left_child=1 3 -3 4 7 -5 -7 8 9 -1 11 -9 -12 -14
right_child=-2 2 -4 5 -6 6 -8 10 -10 -11 12 -13 13 -15
leaf_value=-0.0063805215100970246 -0.0073261563389210105 -0.0016530699346178985 0.0094515392773995548 0.0025866547156467913 0.0079977852431568908 -0.012299041047798238 0.0015389425600134986 -0.0047752451518448969 -0.0090283895796690813 0.0023009533022918093 -0.0076229540006076714 0.010458272495400277 0.0061752642270476912 -0.0017432790761960784
leaf_weight=25.070835426449776 23.83984512835741 32.549368411302567 40.212267994880676 42.761140882968903 49.462383322417736 50.952349618077278 27.82097615301609 27.827605985105038 18.787246644496918 441.38964167796075 88.829719394445419 35.534015785902739 55.047405429184437 420.12307381257415
leaf_count=195 116 139 172 188 219 236 120 204 171 3102 701 256 472 2873
internal_value=-8.8414e-05 6.52384e-05 0.0046971 -0.000214527 0.000203645 -0.004063 -0.00761162 -0.000177083 0.00126567 0.00177163 -0.0012942 0.00390798 -0.00190784 -0.000771184
internal_weight=1380.21 1356.37 72.7616 1283.61 1162.07 121.534 78.7733 1112.61 485.248 466.46 627.362 63.3616 564 475.17
internal_count=9164 9048 311 8737 8193 544 356 7974 3468 3297 4506 460 4046 3345
is_linear=0
shrinkage=0.03


Tree=393
num_leaves=15
num_cat=0
split_feature=8 8 16 16 13 7 7 8 5 11 7 4 6 13
split_gain=2.16897 2.98129 1.94868 2.03646 3.88955 2.50093 2.59894 2.49428 2.19679 5.37842 6.31654 4.40772 3.94242 3.92613
threshold=42.050000000000004 45.650000000000013 6.0394864804899884 5.9234082660476366 3.8500000000000001 12.550000000000002 10.950000000000001 59.550000000000004 51.650000000000013 2.3500000000000001 3.4500000000000006 5.9758573830623991 7.2500000000000009 2.6500000000000008
decision_type=2 2 10 10 2 2 2 2 2 2 2 2 2 2
left_child=-1 -2 3 5 -5 6 8 -7 9 10 -3 13 -11 -10
right_child=1 2 -4 4 -6 7 -8 -9 11 12 -12 -13 -14 -15
leaf_value=-0.0082525571792391207 0.0079971903067941833 -0.0064007333026438323 -0.0064983993658225617 0.013641824115745983 -0.0012237959819075164 -0.012638330122880336 0.0085486103233928558 0.000641375953872661 -0.0073584095507306596 0.00078148085180440108 0.011362535247325521 0.0043485639056917635 -0.011872386912375894 0.00016713169115890723
leaf_weight=22.068413317203522 39.097896754741669 28.788888078182936 34.477616082876921 23.848240241408348 33.48142609000206 22.502320073544979 28.232238288968801 22.84279228001833 63.201290119439363 32.578466258943081 34.385508913546801 211.94191544502974 60.589628718793392 730.2757627479732
leaf_count=107 189 168 207 121 201 118 149 127 410 193 171 977 317 5765
internal_value=0.000157807 0.000323253 6.801e-05 0.000267511 0.00555834 5.57402e-07 0.000276501 -0.00654931 3.97062e-05 -0.00321114 0.00339197 0.000558601 -0.00763322 -0.00047461
internal_weight=1388.31 1366.24 1327.15 1292.67 57.3297 1235.34 1189.99 45.3451 1161.76 156.342 63.1744 1005.42 93.1681 793.477
internal_count=9220 9113 8924 8717 322 8395 8150 245 8001 849 339 7152 510 6175
is_linear=0
shrinkage=0.03


Tree=394
num_leaves=15
num_cat=0
split_feature=10 11 4 16 13 9 8 13 7 13 5 15 23 10
split_gain=2.18262 3.33054 5.71312 5.3185 4.91495 4.12492 4.13076 4.7863 6.63003 3.64949 4.70615 3.22813 2.89968 2.86711
threshold=0.51500000000000012 4.8500000000000005 5.8299836341586913 3.708165724643735 3.8500000000000001 0.78500000000000014 60.350000000000001 4.2500000000000009 3.7500000000000004 3.0500000000000003 53.45000000000001 10.950000000000001 1.9500000000000002 0.12500000000000003
decision_type=2 2 2 8 2 2 2 2 2 2 2 8 2 2
left_child=1 3 4 -1 -3 -5 7 -7 -9 -8 -11 -12 -6 -13
right_child=-2 2 -4 5 12 6 9 8 -10 10 11 13 -14 -15
leaf_value=0.0070720198227191564 0.0007630109872638829 0.0070678407465525036 0.009800116471352328 -0.011263523212684442 0.00045962909442105499 -0.0011831845038562669 -0.010503902681923218 -0.021906409962596532 -0.0011433751672445655 0.015488969797711305 -0.0084242711163313947 0.012294918853448231 -0.013555516357345138 -0.00028936317970182666
leaf_weight=35.832267871126533 911.31696871295571 25.490976925939322 49.807374902069569 60.043203685432673 21.545606572180986 69.678483914583921 16.343802984803915 27.53764671459794 25.097397826611996 17.063345361500978 23.994798244908452 17.659782879054546 28.371677208691835 57.218336487188935
leaf_count=324 5790 195 244 455 213 383 107 190 151 105 222 153 247 435
internal_value=-9.61972e-05 -0.00173308 0.00239952 -0.00322256 -0.00279404 -0.00448724 -0.00270296 -0.00656296 -0.0129643 0.000975245 0.00296086 0.000157273 -0.00801513 0.00326243
internal_weight=1387 475.685 125.216 350.469 75.4083 314.637 254.594 122.314 52.635 132.28 115.936 98.8729 49.9173 74.8781
internal_count=9214 3424 899 2525 655 2201 1746 724 341 1022 915 810 460 588
is_linear=0
shrinkage=0.03


Tree=395
num_leaves=15
num_cat=0
split_feature=18 18 10 17 13 4 17 4 17 7 4 23 7 10
split_gain=1.69448 7.69301 5.32976 3.27343 4.65522 4.33903 2.47012 3.14853 2.66819 2.12898 2.12894 2.16257 6.50546 4.53344
threshold=144.50000000000003 170.50000000000003 1.4450000000000001 0.36500000000000005 4.8500000000000005 5.5225668049512686 0.32500000000000007 5.4396594755956835 0.70500000000000007 3.6500000000000008 4.7000240587088706 0.55000000000000016 4.5500000000000007 0.64500000000000013
decision_type=8 8 2 10 2 2 8 2 8 2 2 2 2 2
left_child=2 -2 3 4 -1 -5 7 -3 9 -8 -10 12 13 -12
right_child=1 6 -4 5 -6 -7 8 -9 10 -11 11 -13 -14 -15
leaf_value=0.0080298831165139875 -0.017373118483839271 -0.0029449057000625885 -0.010837283085896005 0.017774678097131898 -0.0087380675118271019 -4.2615896444713286e-05 -0.012357351603765901 0.011277697386273591 -0.0084551659195874415 0.00056610854304421448 2.0007093142049032e-05 -0.00018868652152272922 -0.0097553587083909644 0.020349351790698605
leaf_weight=27.855980403721333 18.627770535647869 19.864183252677321 15.519786693155764 28.377299454063177 22.279982917010784 19.443390496075153 24.302266534417868 31.774212952703238 21.780667081475258 18.162709139287472 16.563258480280638 1085.4784999191761 13.065529678016899 19.475372716784477
leaf_count=225 153 189 110 241 200 112 182 183 296 123 164 6730 102 167
internal_value=-9.55644e-05 -0.00041434 0.00333658 0.00599946 0.000461683 0.0112121 -9.35269e-05 0.00602958 -0.000381222 -0.00735249 -9.46645e-05 0.000102226 0.00595617 0.0121468
internal_weight=1382.57 1269.09 113.476 97.9567 50.136 47.8207 1250.47 51.6384 1198.83 42.465 1156.36 1134.58 49.1042 36.0386
internal_count=9177 8289 888 778 425 353 8136 372 7764 305 7459 7163 433 331
is_linear=0
shrinkage=0.03


Tree=396
num_leaves=15
num_cat=0
split_feature=18 4 13 18 12 12 13 13 11 11 7 7 8 7
split_gain=1.60677 4.55313 5.09129 6.70925 4.44152 2.61167 5.15408 4.46062 3.37032 1.58792 4.48228 3.67696 2.41434 5.04076
threshold=313.50000000000006 5.2022512127496361 4.6500000000000012 74.500000000000014 69.15000000000002 71.350000000000009 4.8500000000000005 4.7500000000000009 2.9500000000000006 7.3500000000000005 4.9500000000000011 1.5500000000000003 74.65000000000002 1.3500000000000003
decision_type=8 2 2 8 2 2 2 2 2 2 2 2 2 2
left_child=1 2 4 -4 -1 6 8 -7 -3 12 11 -11 -2 -14
right_child=9 5 3 -5 -6 7 -8 -9 -10 10 -12 -13 13 -15
leaf_value=-0.015457237683779474 -1.586927317653944e-06 -0.0036591721322812238 -0.00536339233276665 0.019006347698634244 0.0071184057072215786 -0.016111390108166063 -0.011202196826400657 0.0011569011047499742 0.0094179534221718823 0.0082693941123068593 0.01279968620286767 -0.0065452284861726665 -0.0072722969669131443 0.010382130729813612
leaf_weight=12.503897931426765 1027.3652923256159 30.659356821328402 12.864042047411202 24.026024896651506 10.179601363837717 32.716136157512665 28.961014334112406 19.952296461910009 31.387770168483257 19.654627833515406 30.522275861352682 33.924393095076084 15.983868326991795 48.299590196460485
leaf_count=142 6526 190 129 215 111 223 204 141 203 127 167 238 153 406
internal_value=0.00025235 -0.00217842 0.00454303 0.0108825 -0.00587019 -0.00502443 -0.00175218 -0.0100365 0.00316516 0.000679998 0.00453174 -0.000868745 0.000363949 0.00578439
internal_weight=1379 203.25 59.5736 36.8901 22.6835 143.677 91.0081 52.6684 62.0471 1175.75 84.1013 53.579 1091.65 64.2835
internal_count=9175 1558 597 344 253 961 597 364 393 7617 532 365 7085 559
is_linear=0
shrinkage=0.03


Tree=397
num_leaves=15
num_cat=0
split_feature=17 6 8 8 6 8 13 13 8 16 9 9 16 23
split_gain=2.00131 5.5406 1.54274 2.19959 2.29411 2.68805 4.14176 2.69533 2.4861 2.49429 1.99994 3.59692 3.81079 6.62687
threshold=0.69500000000000006 6.7500000000000009 42.050000000000004 44.550000000000004 35.45000000000001 49.850000000000001 4.6500000000000012 3.5500000000000003 51.150000000000013 6.0394864804899884 6.5050000000000008 4.7250000000000005 5.8505460529927911 2.6500000000000008
decision_type=10 2 2 2 2 2 2 2 2 10 2 2 10 2
left_child=2 -2 -1 -4 5 6 7 -5 -7 10 11 12 -10 -14
right_child=1 -3 3 4 -6 8 -8 -9 9 -11 -12 -13 13 -15
leaf_value=-0.0075661734303733514 -0.0047928488143079229 0.011301232613574651 0.0088610772561033974 -0.002230305053734788 0.0091365115427673397 0.0069672760211548874 0.0041742462977610193 -0.013825665846044667 -0.0001895001550311075 -0.0079262312544184626 0.0063067732987360054 -0.0059317772340819232 0.01677288848246598 -0.00038254005608947557
leaf_weight=19.200331978499889 28.615674767643213 42.55189786106348 20.169364713132381 36.343589380383492 18.786229819059372 41.256768971681595 29.439655393362045 35.965470425784588 882.03755328990519 30.755584131926298 40.172692470252514 83.401026338338852 28.772945307195187 50.126234855502844
leaf_count=93 201 270 97 175 91 225 161 192 6336 190 210 528 185 271
internal_value=0.000212112 0.00494016 -6.12169e-05 7.84888e-05 -9.42372e-05 -0.000267671 -0.00482277 -0.00851884 0.000152114 -0.000129969 0.000126485 -0.000140171 0.000390593 0.00650044
internal_weight=1387.6 71.1676 1316.43 1297.23 1277.06 1258.27 101.749 72.3091 1156.52 1115.27 1084.51 1044.34 960.937 78.8992
internal_count=9225 471 8754 8661 8564 8473 528 367 7945 7720 7530 7320 6792 456
is_linear=0
shrinkage=0.03


Tree=398
num_leaves=15
num_cat=0
split_feature=12 15 10 10 15 8 0 5 9 10 6 13 4 9
split_gain=1.50774 3.82115 2.80113 3.74195 4.46699 1.44238 1.25892 4.36406 5.44846 6.90904 4.95434 5.42159 4.55186 4.44038
threshold=80.950000000000017 27.050000000000004 1.2350000000000001 0.32500000000000007 6.7500000000000009 42.050000000000004 2.5000000000000004 69.050000000000011 1.2450000000000003 1.135 5.4500000000000011 5.0500000000000007 4.8191849826685731 1.0050000000000001
decision_type=2 10 2 2 10 2 2 2 2 2 2 2 2 2
left_child=5 2 3 -2 -5 -1 7 8 -7 10 11 -10 -9 -14
right_child=1 -3 -4 4 -6 6 -8 12 9 -11 -12 -13 13 -15
leaf_value=-0.006710919779569796 0.0011795246517398599 0.0072802157306272527 0.002483703139505725 -0.0021123534773364464 -0.022219178390958303 -0.013239569337073645 0.00071803517021438675 -0.0061461700013770298 0.016808475372780851 0.018748519341035833 -0.014440259652098889 -0.0085455933695899999 0.023603336164408691 -3.1980302968612263e-05
leaf_weight=21.252663426101208 19.302378948777914 19.151999566704035 21.554953537881374 17.793715186417103 21.424821328371763 41.473565943539143 1131.6775329113007 15.007541783154009 10.266778673976662 9.6936262883245927 18.903229180723429 10.68324354290962 10.642921019345524 13.157584834843872
leaf_count=102 154 101 131 142 150 521 6767 194 126 116 255 137 117 168
internal_value=-2.9958e-05 -0.00350036 -0.00635511 -0.00954994 -0.014367 0.000251043 0.000394363 -0.002349 -0.00585694 0.000969873 -0.00496241 0.00472403 0.00560798 0.0127999
internal_weight=1381.99 99.2279 80.0759 58.5209 39.2185 1282.76 1261.51 129.828 91.0204 49.5469 39.8533 20.95 38.808 23.8005
internal_count=9181 678 577 446 292 8503 8401 1634 1155 634 518 263 479 285
is_linear=0
shrinkage=0.03


Tree=399
num_leaves=15
num_cat=0
split_feature=10 9 10 23 15 5 7 10 10 9 5 6 15 9
split_gain=1.57781 4.05755 3.22986 4.3991 2.86989 1.60127 4.0883 3.84314 3.01827 2.37253 3.34011 2.27324 2.23213 3.63306
threshold=2.0950000000000002 1.7250000000000003 1.8450000000000004 2.7500000000000004 17.050000000000004 49.650000000000013 8.0500000000000025 0.97500000000000009 0.32500000000000007 0.18500000000000003 62.350000000000001 1.2500000000000002 6.2500000000000009 1.0650000000000002
decision_type=2 2 2 2 8 2 2 2 2 2 2 2 8 2
left_child=2 -2 5 -4 -3 6 7 8 -1 10 -7 -11 13 -13
right_child=1 4 3 -5 -6 9 -8 -9 -10 11 -12 12 -14 -15
leaf_value=0.0037568759434925057 0.010055452354783114 0.0058686437611737384 0.0025071704615465249 -0.014131075816853293 -0.0062845521948544075 -0.011150444073196077 0.013138959129827618 0.0087146711163430465 -0.0089258346882966338 -0.007691571942100294 0.0026692683018767647 -0.0043345671479517664 -0.00018600624051681893 0.0068096092125659452
leaf_weight=24.676496401429176 43.380594238638878 24.679336171597242 22.580009013414383 28.714050780981779 37.946851968765259 35.150919977575541 24.367563150823116 27.131008267402649 36.675101291388273 27.677364069968462 23.234725598245859 31.754004869610071 907.27784370444715 95.925040144473314
leaf_count=130 225 136 144 161 189 229 113 132 202 233 192 284 6146 743
internal_value=8.84246e-05 0.00352019 -0.00020719 -0.00723465 -0.00141549 0.000112973 0.00343976 0.000208777 -0.00392597 -0.000235712 -0.00587411 0.000100145 0.000344493 0.00397913
internal_weight=1391.17 106.007 1285.16 51.2941 62.6262 1233.87 112.85 88.4826 61.3516 1121.02 58.3856 1062.63 1034.96 127.679
internal_count=9259 550 8709 305 325 8404 577 464 332 7827 421 7406 7173 1027
is_linear=0
shrinkage=0.03


end of trees

feature_importances:
odometer_log=460
side_slip_m_per_km=448
smoke_opacity_pct=416
speedo_error_pct=384
brake_efficiency_pct=383
tint_vlt_front_pct=380
pn_log=376
age_years=370
brake_drag_pct=363
suspension_efficiency_pct=358
headlamp_aim_dev_pct=339
brake_imbalance_pct=324
corrosion_score_0_10=305
tyre_tread_min_mm=287
structural_anomaly=135
hc_ppm=82
co_pct=75
heavy=65
prev_fail=24
n_dtcs=15
tyre_pressure_low=9
obd_mil_on=2

parameters:
[boosting: gbdt]
[objective: binary]
[metric: binary_logloss]
[tree_learner: serial]
[device_type: cpu]
[data_sample_strategy: bagging]
[data: ]
[valid: ]
[num_iterations: 400]
[learning_rate: 0.03]
[num_leaves: 15]
[num_threads: 2]
[seed: 0]
[deterministic: 0]
[force_col_wise: 0]
[force_row_wise: 0]
[histogram_pool_size: -1]
[max_depth: -1]
[min_data_in_leaf: 120]
[min_sum_hessian_in_leaf: 0.001]
[bagging_fraction: 0.9]
[pos_bagging_fraction: 1]
[neg_bagging_fraction: 1]
[bagging_freq: 1]
[bagging_seed: 7719]
[bagging_by_query: 0]
[feature_fraction: 0.9]
[feature_fraction_bynode: 1]
[feature_fraction_seed: 2437]
[extra_trees: 0]
[extra_seed: 11797]
[early_stopping_round: 0]
[early_stopping_min_delta: 0]
[first_metric_only: 0]
[max_delta_step: 0]
[lambda_l1: 0]
[lambda_l2: 5]
[linear_lambda: 0]
[min_gain_to_split: 0]
[drop_rate: 0.1]
[max_drop: 50]
[skip_drop: 0.5]
[xgboost_dart_mode: 0]
[uniform_drop: 0]
[drop_seed: 21238]
[top_rate: 0.2]
[other_rate: 0.1]
[min_data_per_group: 100]
[max_cat_threshold: 32]
[cat_l2: 10]
[cat_smooth: 10]
[max_cat_to_onehot: 4]
[top_k: 20]
[monotone_constraints: ]
[monotone_constraints_method: basic]
[monotone_penalty: 0]
[feature_contri: ]
[forcedsplits_filename: ]
[refit_decay_rate: 0.9]
[cegb_tradeoff: 1]
[cegb_penalty_split: 0]
[cegb_penalty_feature_lazy: ]
[cegb_penalty_feature_coupled: ]
[path_smooth: 0]
[interaction_constraints: ]
[verbosity: -1]
[saved_feature_importance_type: 0]
[use_quantized_grad: 0]
[num_grad_quant_bins: 4]
[quant_train_renew_leaf: 0]
[stochastic_rounding: 1]
[linear_tree: 0]
[max_bin: 255]
[max_bin_by_feature: ]
[min_data_in_bin: 3]
[bin_construct_sample_cnt: 200000]
[data_random_seed: 38]
[is_enable_sparse: 1]
[enable_bundle: 1]
[use_missing: 1]
[zero_as_missing: 0]
[feature_pre_filter: 1]
[pre_partition: 0]
[two_round: 0]
[header: 0]
[label_column: ]
[weight_column: ]
[group_column: ]
[ignore_column: ]
[categorical_feature: ]
[forcedbins_filename: ]
[precise_float_parser: 0]
[parser_config_file: ]
[objective_seed: 8855]
[num_class: 1]
[is_unbalance: 0]
[scale_pos_weight: 1]
[sigmoid: 1]
[boost_from_average: 1]
[reg_sqrt: 0]
[alpha: 0.9]
[fair_c: 1]
[poisson_max_delta_step: 0.7]
[tweedie_variance_power: 1.5]
[lambdarank_truncation_level: 30]
[lambdarank_norm: 1]
[label_gain: ]
[lambdarank_position_bias_regularization: 0]
[eval_at: ]
[multi_error_top_k: 1]
[auc_mu_weights: ]
[num_machines: 1]
[local_listen_port: 12400]
[time_out: 120]
[machine_list_filename: ]
[machines: ]
[gpu_platform_id: -1]
[gpu_device_id: -1]
[gpu_device_id_list: ]
[gpu_use_dp: 0]
[num_gpu: 1]

end of parameters

pandas_categorical:[]
